year,origin,destination,GWP
2013,AT,AT,52412573855.9493
2013,AT,AU,304198515.340201
2013,AT,BE,331713732.260603
2013,AT,BG,81394997.6870023
2013,AT,BR,319970061.108312
2013,AT,CA,399547941.490037
2013,AT,CH,1039493598.7518
2013,AT,CN,1123114286.13135
2013,AT,CY,14379769.2668266
2013,AT,CZ,459320992.410327
2013,AT,DE,4938360385.02093
2013,AT,DK,162044724.287135
2013,AT,EE,16170533.957574
2013,AT,ES,431457731.627584
2013,AT,FI,116864611.599447
2013,AT,FR,1314891163.24792
2013,AT,GB,930908185.807791
2013,AT,GR,103736154.726592
2013,AT,HR,181400387.017362
2013,AT,HU,630377674.981721
2013,AT,ID,122037281.734656
2013,AT,IE,110828433.597512
2013,AT,IN,302782589.662282
2013,AT,IT,1964481098.97235
2013,AT,JP,462939333.16725
2013,AT,KR,269552889.174687
2013,AT,LT,28411867.5652861
2013,AT,LU,32670740.1628022
2013,AT,LV,12722600.9422083
2013,AT,MT,5231387.24254906
2013,AT,MX,199276709.83852
2013,AT,NL,417783457.762194
2013,AT,NO,213818340.383085
2013,AT,PL,437448730.405333
2013,AT,PT,81021545.1229705
2013,AT,RO,291918930.724906
2013,AT,RU,809344175.195245
2013,AT,SE,292592315.571662
2013,AT,SI,334534692.799587
2013,AT,SK,271447775.918879
2013,AT,TR,344821888.231762
2013,AT,TW,620590781.541892
2013,AT,US,1633417354.40207
2013,AT,WA,1018324717.04602
2013,AT,WE,391600384.770072
2013,AT,WF,638091205.951744
2013,AT,WL,506180980.828499
2013,AT,WM,1083230245.57542
2013,AT,ZA,78366795.5663978
2013,AU,AT,442937387.584681
2013,AU,AU,392962485533.538
2013,AU,BE,813999397.792444
2013,AU,BG,106828241.586627
2013,AU,BR,1995212096.94656
2013,AU,CA,2208556726.06654
2013,AU,CH,999038618.792008
2013,AU,CN,50301453278.3449
2013,AU,CY,37657101.6634141
2013,AU,CZ,461363504.007983
2013,AU,DE,3079088886.95204
2013,AU,DK,316622417.609659
2013,AU,EE,34158652.3895206
2013,AU,ES,982891605.289661
2013,AU,FI,324282110.491792
2013,AU,FR,2356959552.71823
2013,AU,GB,3820365359.99188
2013,AU,GR,200342328.26321
2013,AU,HR,50647363.9329634
2013,AU,HU,173195297.509728
2013,AU,ID,8494754032.85872
2013,AU,IE,288893049.137706
2013,AU,IN,11284518853.2516
2013,AU,IT,2109232455.57502
2013,AU,JP,26646525207.0717
2013,AU,KR,11781902228.8059
2013,AU,LT,44914834.5217707
2013,AU,LU,87123439.0713287
2013,AU,LV,34948515.6981364
2013,AU,MT,14302341.4631599
2013,AU,MX,1125440324.61991
2013,AU,NL,1697553915.14773
2013,AU,NO,579555197.711588
2013,AU,PL,538453103.425402
2013,AU,PT,204823104.958762
2013,AU,RO,159566825.185492
2013,AU,RU,4223880795.64679
2013,AU,SE,535617720.053995
2013,AU,SI,74019214.5541046
2013,AU,SK,138774296.350639
2013,AU,TR,1517121491.49994
2013,AU,TW,1561673083.44453
2013,AU,US,17387611598.3733
2013,AU,WA,31185841063.7182
2013,AU,WE,646861458.554486
2013,AU,WF,3518241999.55922
2013,AU,WL,3164247650.32345
2013,AU,WM,14751973103.4012
2013,AU,ZA,519356431.109044
2013,BE,AT,472047478.166962
2013,BE,AU,545499645.766619
2013,BE,BE,66721729402.7737
2013,BE,BG,77072467.8678937
2013,BE,BR,724199535.494693
2013,BE,CA,646652435.67862
2013,BE,CH,1024937021.45558
2013,BE,CN,2690249464.62366
2013,BE,CY,29592685.851352
2013,BE,CZ,302750302.296084
2013,BE,DE,6318575112.43222
2013,BE,DK,376940045.666551
2013,BE,EE,32123145.0461101
2013,BE,ES,1049742124.2673
2013,BE,FI,376190198.952721
2013,BE,FR,6292341642.00537
2013,BE,GB,3501440949.53921
2013,BE,GR,240968061.539028
2013,BE,HR,51223135.5163322
2013,BE,HU,175931509.686892
2013,BE,ID,295685262.62159
2013,BE,IE,340395096.086959
2013,BE,IN,812544111.048302
2013,BE,IT,1959377640.40071
2013,BE,JP,1177944931.44509
2013,BE,KR,608233765.984416
2013,BE,LT,59939066.6724456
2013,BE,LU,241504587.684465
2013,BE,LV,25542018.4443972
2013,BE,MT,12434401.0809974
2013,BE,MX,410931706.263937
2013,BE,NL,2955328939.71654
2013,BE,NO,476207374.05639
2013,BE,PL,648148457.97551
2013,BE,PT,231352277.777312
2013,BE,RO,186780354.562449
2013,BE,RU,1183412857.04109
2013,BE,SE,952420770.265984
2013,BE,SI,99633457.038048
2013,BE,SK,100570464.990078
2013,BE,TR,681832673.48934
2013,BE,TW,1142826898.47864
2013,BE,US,3490841645.99599
2013,BE,WA,2198982413.80644
2013,BE,WE,467381830.507608
2013,BE,WF,1696411539.78883
2013,BE,WL,1120421588.67509
2013,BE,WM,2181566925.56127
2013,BE,ZA,210176252.659266
2013,BG,AT,247523100.002227
2013,BG,AU,153830769.507134
2013,BG,BE,237827224.671166
2013,BG,BG,29471108855.4958
2013,BG,BR,161303254.257582
2013,BG,CA,178131213.844555
2013,BG,CH,225604731.534843
2013,BG,CN,939056184.71949
2013,BG,CY,31051065.2727335
2013,BG,CZ,495044314.973722
2013,BG,DE,1409602948.16743
2013,BG,DK,115493437.464641
2013,BG,EE,15081327.2607973
2013,BG,ES,498119434.596816
2013,BG,FI,91568577.9645271
2013,BG,FR,786568442.743645
2013,BG,GB,641944869.067232
2013,BG,GR,1461308938.10183
2013,BG,HR,44967116.9031051
2013,BG,HU,138298127.492476
2013,BG,ID,99724053.4733633
2013,BG,IE,70382236.5469263
2013,BG,IN,211576411.572444
2013,BG,IT,1171056782.39935
2013,BG,JP,252100500.873034
2013,BG,KR,239236209.52156
2013,BG,LT,28856316.271992
2013,BG,LU,32187897.2982904
2013,BG,LV,11407357.7073134
2013,BG,MT,7496159.29989726
2013,BG,MX,136646326.200408
2013,BG,NL,212448733.140938
2013,BG,NO,156035217.737507
2013,BG,PL,261752719.540065
2013,BG,PT,195869076.099695
2013,BG,RO,952515440.401642
2013,BG,RU,582979832.622563
2013,BG,SE,146442097.138817
2013,BG,SI,248632304.708746
2013,BG,SK,99653634.4138471
2013,BG,TR,2494182959.11905
2013,BG,TW,941607278.922516
2013,BG,US,777741062.729055
2013,BG,WA,1126648649.87838
2013,BG,WE,870194804.977047
2013,BG,WF,882389497.16186
2013,BG,WL,239476613.130232
2013,BG,WM,1676536311.34578
2013,BG,ZA,46117439.7033397
2013,BR,AT,472300303.619787
2013,BR,AU,998224020.075276
2013,BR,BE,1450032283.65686
2013,BR,BG,137328671.013471
2013,BR,BR,914043072491.209
2013,BR,CA,2410285219.98687
2013,BR,CH,1353282445.63817
2013,BR,CN,27410155566.5914
2013,BR,CY,29841107.9426378
2013,BR,CZ,220011972.27267
2013,BR,DE,4796959148.6119
2013,BR,DK,281283322.237514
2013,BR,EE,38200776.1370312
2013,BR,ES,2162614012.86503
2013,BR,FI,499316147.75777
2013,BR,FR,2331022363.84547
2013,BR,GB,3365691466.38999
2013,BR,GR,255556504.046841
2013,BR,HR,76090666.0655099
2013,BR,HU,155451343.879861
2013,BR,ID,1334996463.94459
2013,BR,IE,303013434.85211
2013,BR,IN,2387110537.77208
2013,BR,IT,3307229875.31288
2013,BR,JP,5807079887.66748
2013,BR,KR,3487003522.1264
2013,BR,LT,60054465.5461652
2013,BR,LU,157987616.475745
2013,BR,LV,25642262.6085932
2013,BR,MT,11385091.8684729
2013,BR,MX,2373387562.62792
2013,BR,NL,4787402475.42038
2013,BR,NO,1483375523.56188
2013,BR,PL,484715796.729579
2013,BR,PT,577060341.896892
2013,BR,RO,202517238.030711
2013,BR,RU,15227012247.2578
2013,BR,SE,803980696.05647
2013,BR,SI,118525915.29369
2013,BR,SK,105657941.385013
2013,BR,TR,1306721573.12559
2013,BR,TW,1778796423.23571
2013,BR,US,20347392454.1404
2013,BR,WA,28263918085.9792
2013,BR,WE,1244183186.26178
2013,BR,WF,6836029580.67584
2013,BR,WL,50806044099.5746
2013,BR,WM,28458044287.8478
2013,BR,ZA,386866934.994177
2013,CA,AT,552696517.081059
2013,CA,AU,1820933254.43644
2013,CA,BE,1456453732.91435
2013,CA,BG,90174632.8939458
2013,CA,BR,4306375831.18856
2013,CA,CA,418239538732.335
2013,CA,CH,1401548805.32496
2013,CA,CN,21546335209.0414
2013,CA,CY,35332375.0087609
2013,CA,CZ,289823551.614444
2013,CA,DE,4523413435.89318
2013,CA,DK,421410218.457538
2013,CA,EE,33299713.6295886
2013,CA,ES,1430095382.80116
2013,CA,FI,441421557.629002
2013,CA,FR,3900203798.78721
2013,CA,GB,4833255735.83357
2013,CA,GR,248301088.60052
2013,CA,HR,61354653.9716837
2013,CA,HU,188217205.904741
2013,CA,ID,1544507705.88859
2013,CA,IE,546101817.513003
2013,CA,IN,2987342756.13515
2013,CA,IT,2172258355.28682
2013,CA,JP,9209522066.78182
2013,CA,KR,2700311914.24226
2013,CA,LT,58227608.6302306
2013,CA,LU,148430544.840123
2013,CA,LV,36535961.0764088
2013,CA,MT,29785583.4514869
2013,CA,MX,9956450189.5743
2013,CA,NL,2119067277.23053
2013,CA,NO,2246437541.55837
2013,CA,PL,555661110.987854
2013,CA,PT,362196436.725521
2013,CA,RO,183378144.766561
2013,CA,RU,2135464709.60086
2013,CA,SE,698215936.604943
2013,CA,SI,88817235.7928696
2013,CA,SK,110692561.668701
2013,CA,TR,1436527567.34126
2013,CA,TW,3037448984.09404
2013,CA,US,176131586504.644
2013,CA,WA,12943888566.4608
2013,CA,WE,982811763.130007
2013,CA,WF,4522097715.72878
2013,CA,WL,15454205960.23
2013,CA,WM,6676061613.00286
2013,CA,ZA,338536178.186049
2013,CH,AT,391987925.697628
2013,CH,AU,468285707.98074
2013,CH,BE,448218654.747756
2013,CH,BG,29603528.9973866
2013,CH,BR,573588833.999957
2013,CH,CA,558767528.41007
2013,CH,CH,39006956103.6891
2013,CH,CN,2061055786.54556
2013,CH,CY,29401329.926408
2013,CH,CZ,111832537.757871
2013,CH,DE,2566610064.22886
2013,CH,DK,210288218.038103
2013,CH,EE,15463551.1066131
2013,CH,ES,538034109.922285
2013,CH,FI,203397093.151405
2013,CH,FR,1635095265.05202
2013,CH,GB,1073534635.99266
2013,CH,GR,116553277.250047
2013,CH,HR,26914733.9590173
2013,CH,HU,87132619.6244971
2013,CH,ID,205834259.820428
2013,CH,IE,176388547.132042
2013,CH,IN,519679236.115067
2013,CH,IT,1138862164.02765
2013,CH,JP,1164828950.59271
2013,CH,KR,544575850.437815
2013,CH,LT,21905546.0598617
2013,CH,LU,54648954.3571885
2013,CH,LV,13636621.0978422
2013,CH,MT,5615016.37688905
2013,CH,MX,383555641.736023
2013,CH,NL,486461165.471751
2013,CH,NO,245508325.626987
2013,CH,PL,205132209.594635
2013,CH,PT,136548432.680139
2013,CH,RO,72114240.9905642
2013,CH,RU,602042461.94485
2013,CH,SE,291083323.624273
2013,CH,SI,30456942.7923034
2013,CH,SK,45783202.4992257
2013,CH,TR,336316636.669601
2013,CH,TW,676772102.346661
2013,CH,US,2573053939.94929
2013,CH,WA,1346189137.59904
2013,CH,WE,349630648.216052
2013,CH,WF,1215386072.95143
2013,CH,WL,705048191.744884
2013,CH,WM,1417379550.28478
2013,CH,ZA,251992479.354468
2013,CN,AT,6270078132.1508
2013,CN,AU,56260188682.1816
2013,CN,BE,14785292205.6805
2013,CN,BG,1455085683.39508
2013,CN,BR,50404704841.203
2013,CN,CA,44026925463.2359
2013,CN,CH,16664653156.4471
2013,CN,CN,9141246284634.09
2013,CN,CY,441160015.667884
2013,CN,CZ,5583132368.33531
2013,CN,DE,93804599737.4796
2013,CN,DK,6159513927.49049
2013,CN,EE,616086857.924811
2013,CN,ES,21143748093.987
2013,CN,FI,5362291775.06951
2013,CN,FR,49531251887.4562
2013,CN,GB,73180083789.0894
2013,CN,GR,4178099268.61914
2013,CN,HR,1104535127.42458
2013,CN,HU,3241910438.88353
2013,CN,ID,39164760099.7712
2013,CN,IE,4705218882.48222
2013,CN,IN,72183429438.0408
2013,CN,IT,31242370605.5187
2013,CN,JP,147231755763.726
2013,CN,KR,84002582890.0832
2013,CN,LT,1028261645.46712
2013,CN,LU,1206635585.81218
2013,CN,LV,447398448.072346
2013,CN,MT,391415420.15361
2013,CN,MX,39661912802.5981
2013,CN,NL,27444651997.9089
2013,CN,NO,10522463319.7592
2013,CN,PL,12678662598.4658
2013,CN,PT,2918769136.14163
2013,CN,RO,3387036698.43436
2013,CN,RU,66386329209.6121
2013,CN,SE,10129969971.7976
2013,CN,SI,1424889029.5569
2013,CN,SK,2507555748.42295
2013,CN,TR,29811319717.849
2013,CN,TW,9461090270.00754
2013,CN,US,454691583735.748
2013,CN,WA,792932204548.917
2013,CN,WE,14787956884.7377
2013,CN,WF,113599479154.319
2013,CN,WL,152083531105.277
2013,CN,WM,212267113304.98
2013,CN,ZA,6822281897.73967
2013,CY,AT,33818593.7942878
2013,CY,AU,59327913.9870943
2013,CY,BE,38550145.1173123
2013,CY,BG,26278507.0517641
2013,CY,BR,63067977.1996142
2013,CY,CA,51518019.1490779
2013,CY,CH,55309424.8372175
2013,CY,CN,147530724.663243
2013,CY,CY,9255086762.78734
2013,CY,CZ,21268043.8680962
2013,CY,DE,99847578.3142328
2013,CY,DK,22009685.0347507
2013,CY,EE,5209501.49398332
2013,CY,ES,51048906.6782242
2013,CY,FI,38557711.663647
2013,CY,FR,86180113.7602945
2013,CY,GB,135275450.126371
2013,CY,GR,85606694.2691594
2013,CY,HR,10513290.5670558
2013,CY,HU,17288916.0346652
2013,CY,ID,33885152.1268696
2013,CY,IE,26074879.8953566
2013,CY,IN,70478533.6828986
2013,CY,IT,69983903.5176132
2013,CY,JP,76451871.027116
2013,CY,KR,53505936.4216646
2013,CY,LT,4892671.85825891
2013,CY,LU,5082467.70960301
2013,CY,LV,5007494.12829804
2013,CY,MT,1883012.27700391
2013,CY,MX,47200753.6681849
2013,CY,NL,36594746.4359847
2013,CY,NO,55020878.9498472
2013,CY,PL,34457232.5082175
2013,CY,PT,27774623.0971939
2013,CY,RO,25593177.3345267
2013,CY,RU,75171573.5100257
2013,CY,SE,45692540.898977
2013,CY,SI,7001349.49578505
2013,CY,SK,12160587.3736594
2013,CY,TR,87638681.2038857
2013,CY,TW,584628324.307209
2013,CY,US,135194117.307764
2013,CY,WA,139604214.431149
2013,CY,WE,35615847.7640021
2013,CY,WF,122169223.202831
2013,CY,WL,70535592.389768
2013,CY,WM,605929024.025562
2013,CY,ZA,15478134.9370544
2013,CZ,AT,2050921333.3502
2013,CZ,AU,429482545.193796
2013,CZ,BE,678739097.346063
2013,CZ,BG,242949036.864835
2013,CZ,BR,432460259.338437
2013,CZ,CA,489894792.773948
2013,CZ,CH,928671264.624986
2013,CZ,CN,1901167067.14177
2013,CZ,CY,20915583.5721601
2013,CZ,CZ,72591528635.2491
2013,CZ,DE,11044737567.4475
2013,CZ,DK,325819253.988584
2013,CZ,EE,43573512.3272348
2013,CZ,ES,653395839.409992
2013,CZ,FI,246216555.821599
2013,CZ,FR,2076801134.52823
2013,CZ,GB,2048510668.44462
2013,CZ,GR,242761689.539078
2013,CZ,HR,353073251.218616
2013,CZ,HU,710592665.00593
2013,CZ,ID,201439609.289164
2013,CZ,IE,194062197.320999
2013,CZ,IN,432615185.38741
2013,CZ,IT,2877087532.35103
2013,CZ,JP,584844719.407103
2013,CZ,KR,377232904.396009
2013,CZ,LT,97689052.8015127
2013,CZ,LU,68432350.0590807
2013,CZ,LV,34989438.0773672
2013,CZ,MT,7420849.6576738
2013,CZ,MX,352278102.403458
2013,CZ,NL,669691536.615715
2013,CZ,NO,487771227.645604
2013,CZ,PL,1906909760.05342
2013,CZ,PT,156035030.986766
2013,CZ,RO,445228789.139625
2013,CZ,RU,1865516500.68627
2013,CZ,SE,649610338.257667
2013,CZ,SI,238507110.152754
2013,CZ,SK,3893300044.62819
2013,CZ,TR,908988929.238233
2013,CZ,TW,1327293983.23644
2013,CZ,US,2138753526.33804
2013,CZ,WA,1614098468.1032
2013,CZ,WE,738559825.120273
2013,CZ,WF,761449097.786978
2013,CZ,WL,723955176.408508
2013,CZ,WM,1755730649.76045
2013,CZ,ZA,109159119.159642
2013,DE,AT,12378690385.2593
2013,DE,AU,3147368070.31029
2013,DE,BE,7096263823.97878
2013,DE,BG,551991425.005847
2013,DE,BR,4481673876.187
2013,DE,CA,3808043428.03017
2013,DE,CH,13254989425.8965
2013,DE,CN,40707542025.9936
2013,DE,CY,107951064.47549
2013,DE,CZ,4216036857.67268
2013,DE,DE,666386206303.432
2013,DE,DK,4179011579.73246
2013,DE,EE,200160203.401089
2013,DE,ES,6151004150.17074
2013,DE,FI,1653965612.5178
2013,DE,FR,23374671009.9772
2013,DE,GB,16983216061.7259
2013,DE,GR,1317660636.47339
2013,DE,HR,465151308.845883
2013,DE,HU,1871700814.80605
2013,DE,ID,1406401271.11358
2013,DE,IE,1357064194.14211
2013,DE,IN,4093116645.4876
2013,DE,IT,16030922631.1074
2013,DE,JP,10950060847.6144
2013,DE,KR,4864307770.61021
2013,DE,LT,384251952.031302
2013,DE,LU,832204646.26937
2013,DE,LV,162499313.636367
2013,DE,MT,45399747.9512796
2013,DE,MX,3393903787.98822
2013,DE,NL,12648470648.2754
2013,DE,NO,3100193090.55819
2013,DE,PL,7703793923.66049
2013,DE,PT,1109744683.98331
2013,DE,RO,1631255171.13694
2013,DE,RU,9847029075.44785
2013,DE,SE,4636489820.46817
2013,DE,SI,828040784.330373
2013,DE,SK,1282401240.19584
2013,DE,TR,4942610439.91901
2013,DE,TW,3525287947.79704
2013,DE,US,41300225563.545
2013,DE,WA,16740684179.4431
2013,DE,WE,2891420780.02175
2013,DE,WF,7625608757.24924
2013,DE,WL,7139708968.53684
2013,DE,WM,15276092103.9837
2013,DE,ZA,1030203866.08357
2013,DK,AT,258149002.705092
2013,DK,AU,476362128.536912
2013,DK,BE,447790372.11309
2013,DK,BG,49269039.1802679
2013,DK,BR,613303340.274192
2013,DK,CA,462170238.186071
2013,DK,CH,608752944.336722
2013,DK,CN,8517988009.92075
2013,DK,CY,20958291.4126183
2013,DK,CZ,163876226.040982
2013,DK,DE,5485541474.92727
2013,DK,DK,30731711963.2064
2013,DK,EE,39714116.2643962
2013,DK,ES,705644128.57918
2013,DK,FI,485987451.942115
2013,DK,FR,1728609026.92544
2013,DK,GB,2511585062.36053
2013,DK,GR,177883126.189565
2013,DK,HR,40802190.3347406
2013,DK,HU,118422469.887715
2013,DK,ID,206887725.271236
2013,DK,IE,233094201.904599
2013,DK,IN,537285664.504212
2013,DK,IT,882580348.737554
2013,DK,JP,2549763395.90717
2013,DK,KR,895843542.517917
2013,DK,LT,88760466.9232044
2013,DK,LU,45122187.1396754
2013,DK,LV,39541872.0939891
2013,DK,MT,12573811.0569755
2013,DK,MX,434638174.123474
2013,DK,NL,705790766.252385
2013,DK,NO,2309665249.22157
2013,DK,PL,610778882.449757
2013,DK,PT,144350733.563171
2013,DK,RO,122082200.577261
2013,DK,RU,1056608586.55376
2013,DK,SE,2720193569.32596
2013,DK,SI,30817410.2122657
2013,DK,SK,74515430.9084734
2013,DK,TR,346629439.838165
2013,DK,TW,1070820258.97748
2013,DK,US,4253297631.75022
2013,DK,WA,2334395224.10265
2013,DK,WE,289991638.781671
2013,DK,WF,761518441.697262
2013,DK,WL,1116380862.71016
2013,DK,WM,1756621179.93783
2013,DK,ZA,92545261.6563491
2013,EE,AT,62286247.1070824
2013,EE,AU,102659065.457272
2013,EE,BE,114700870.757204
2013,EE,BG,21824463.4812856
2013,EE,BR,107791019.960459
2013,EE,CA,96836087.8600335
2013,EE,CH,117685030.688068
2013,EE,CN,338802375.094786
2013,EE,CY,11377657.8810931
2013,EE,CZ,49725770.7904748
2013,EE,DE,367558155.659516
2013,EE,DK,111864340.617584
2013,EE,EE,9344802441.02457
2013,EE,ES,108161386.491562
2013,EE,FI,703014387.046731
2013,EE,FR,224654573.882155
2013,EE,GB,260335715.872361
2013,EE,GR,43514709.7611633
2013,EE,HR,16297168.5814285
2013,EE,HU,31368877.3617279
2013,EE,ID,57155137.2830441
2013,EE,IE,56052471.2685279
2013,EE,IN,126027432.130584
2013,EE,IT,145647795.516448
2013,EE,JP,165342539.8422
2013,EE,KR,105531387.113605
2013,EE,LT,821864615.926773
2013,EE,LU,14265471.2501443
2013,EE,LV,920130501.243783
2013,EE,MT,4567493.96532015
2013,EE,MX,79125865.7407328
2013,EE,NL,122541365.439341
2013,EE,NO,311670363.459069
2013,EE,PL,123865032.575468
2013,EE,PT,45772698.0801688
2013,EE,RO,31631655.9969477
2013,EE,RU,1030132027.28533
2013,EE,SE,363303519.680757
2013,EE,SI,14641849.432863
2013,EE,SK,33948001.5761191
2013,EE,TR,125722154.656643
2013,EE,TW,842260839.4957
2013,EE,US,460755403.683831
2013,EE,WA,390144866.696078
2013,EE,WE,125458762.133607
2013,EE,WF,188754152.758198
2013,EE,WL,133867407.449923
2013,EE,WM,360223408.903315
2013,EE,ZA,29023722.517583
2013,ES,AT,538332697.622008
2013,ES,AU,983738830.354763
2013,ES,BE,1250585689.40018
2013,ES,BG,245984239.868869
2013,ES,BR,1690525008.44588
2013,ES,CA,1012155620.79933
2013,ES,CH,1351071265.72567
2013,ES,CN,5130513312.38704
2013,ES,CY,31703621.0507746
2013,ES,CZ,364213320.104722
2013,ES,DE,7268741858.29591
2013,ES,DK,418790187.819416
2013,ES,EE,38042723.0904553
2013,ES,ES,234626059934.562
2013,ES,FI,336069481.514891
2013,ES,FR,10534588953.1751
2013,ES,GB,5805832767.06289
2013,ES,GR,484847204.896228
2013,ES,HR,70441725.906694
2013,ES,HU,256643255.789056
2013,ES,ID,312113103.204574
2013,ES,IE,346735845.189177
2013,ES,IN,1085454990.37573
2013,ES,IT,4441263035.80496
2013,ES,JP,2265897285.27033
2013,ES,KR,1073875362.88003
2013,ES,LT,93018513.8687245
2013,ES,LU,111053910.291723
2013,ES,LV,28150724.7126993
2013,ES,MT,17148892.2764797
2013,ES,MX,1183367009.09312
2013,ES,NL,1257048376.54538
2013,ES,NO,707575396.521943
2013,ES,PL,877262023.710891
2013,ES,PT,4043995543.65241
2013,ES,RO,331667421.550265
2013,ES,RU,2419555698.79753
2013,ES,SE,883188954.293454
2013,ES,SI,125322876.39099
2013,ES,SK,145531093.801234
2013,ES,TR,1542928814.20791
2013,ES,TW,1935572682.81709
2013,ES,US,9216660744.6531
2013,ES,WA,3740592973.24728
2013,ES,WE,1119452704.74686
2013,ES,WF,7398066459.5101
2013,ES,WL,3822293214.64823
2013,ES,WM,5015389468.40212
2013,ES,ZA,206910844.111256
2013,FI,AT,188088770.819785
2013,FI,AU,367934450.974162
2013,FI,BE,562990512.210014
2013,FI,BG,38128159.8969536
2013,FI,BR,424205854.54425
2013,FI,CA,511030571.596745
2013,FI,CH,430349504.970866
2013,FI,CN,1914504405.39617
2013,FI,CY,23096311.078902
2013,FI,CZ,123303851.864936
2013,FI,DE,1799786653.65668
2013,FI,DK,301251560.240124
2013,FI,EE,253667390.676137
2013,FI,ES,400084704.338918
2013,FI,FI,39872499518.4247
2013,FI,FR,1044244184.59494
2013,FI,GB,1583607760.48652
2013,FI,GR,108201503.12639
2013,FI,HR,25116302.71152
2013,FI,HU,95782129.6996966
2013,FI,ID,161045077.306103
2013,FI,IE,207967070.537746
2013,FI,IN,420793989.479493
2013,FI,IT,612523030.39208
2013,FI,JP,757195570.181981
2013,FI,KR,399317649.988717
2013,FI,LT,84459238.4679243
2013,FI,LU,52128284.6937703
2013,FI,LV,73257512.1809328
2013,FI,MT,5497551.04586082
2013,FI,MX,353463724.505968
2013,FI,NL,679383984.381127
2013,FI,NO,690431773.436846
2013,FI,PL,373307242.718666
2013,FI,PT,117475213.622356
2013,FI,RO,96952020.5308279
2013,FI,RU,2147768389.2676
2013,FI,SE,2039925358.93224
2013,FI,SI,27081935.9113106
2013,FI,SK,58073106.8619152
2013,FI,TR,454857100.436581
2013,FI,TW,1469815613.08669
2013,FI,US,2235234961.09293
2013,FI,WA,1579508492.33697
2013,FI,WE,318141959.123916
2013,FI,WF,744947758.340469
2013,FI,WL,727922576.111833
2013,FI,WM,1435301471.86265
2013,FI,ZA,99176394.6257149
2013,FR,AT,1000279111.09305
2013,FR,AU,1260013294.92542
2013,FR,BE,4655409225.61081
2013,FR,BG,205593230.057852
2013,FR,BR,1845460541.78355
2013,FR,CA,1597664431.3884
2013,FR,CH,3354399223.84696
2013,FR,CN,10065201028.0411
2013,FR,CY,67586140.6364883
2013,FR,CZ,562268546.566378
2013,FR,DE,14846191099.3129
2013,FR,DK,703970997.267863
2013,FR,EE,56013081.1561146
2013,FR,ES,6133518022.0955
2013,FR,FI,533834833.006703
2013,FR,FR,337835392848.25
2013,FR,GB,9291853798.41101
2013,FR,GR,1212894308.41168
2013,FR,HR,101452825.266535
2013,FR,HU,413155620.025321
2013,FR,ID,546741736.889422
2013,FR,IE,681728876.786671
2013,FR,IN,1555427550.77631
2013,FR,IT,12198951921.4194
2013,FR,JP,3958641856.76705
2013,FR,KR,2021597181.95773
2013,FR,LT,105521351.032833
2013,FR,LU,731086076.015495
2013,FR,LV,39103194.9277916
2013,FR,MT,28438195.6592549
2013,FR,MX,1202477802.73854
2013,FR,NL,3162570996.96267
2013,FR,NO,858660117.422435
2013,FR,PL,1236844558.99093
2013,FR,PT,946312634.214628
2013,FR,RO,601754862.151608
2013,FR,RU,3125338637.36756
2013,FR,SE,1285348552.76867
2013,FR,SI,139267469.306216
2013,FR,SK,257763738.972871
2013,FR,TR,1927364900.31031
2013,FR,TW,1729772239.19019
2013,FR,US,14765376214.659
2013,FR,WA,6733308192.13651
2013,FR,WE,997836175.840503
2013,FR,WF,9401200919.7215
2013,FR,WL,2953309557.60048
2013,FR,WM,7601910121.98849
2013,FR,ZA,356691558.195887
2013,GB,AT,690591175.206626
2013,GB,AU,1867269866.11087
2013,GB,BE,2767583242.38817
2013,GB,BG,124641045.050164
2013,GB,BR,2274345979.42769
2013,GB,CA,2307925091.51259
2013,GB,CH,2509493014.47346
2013,GB,CN,12708566256.4813
2013,GB,CY,74710306.2817839
2013,GB,CZ,413132386.696256
2013,GB,DE,10517343774.1053
2013,GB,DK,957485575.841928
2013,GB,EE,75552002.0231127
2013,GB,ES,3048091277.63364
2013,GB,FI,641318416.686955
2013,GB,FR,8887359447.03768
2013,GB,GB,448919013729.234
2013,GB,GR,426777329.997006
2013,GB,HR,66982667.9666211
2013,GB,HU,305089505.734785
2013,GB,ID,642037261.362526
2013,GB,IE,4450262031.28862
2013,GB,IN,2366518242.32929
2013,GB,IT,3594573542.35564
2013,GB,JP,5629477327.95171
2013,GB,KR,2564820987.64816
2013,GB,LT,95187327.4708671
2013,GB,LU,333990477.8299
2013,GB,LV,54689247.5788529
2013,GB,MT,38291817.4349246
2013,GB,MX,1531307330.83371
2013,GB,NL,3516048776.87154
2013,GB,NO,1415008685.63139
2013,GB,PL,987954408.148791
2013,GB,PT,517997590.522076
2013,GB,RO,295486318.879555
2013,GB,RU,3512420142.54085
2013,GB,SE,1751960897.57737
2013,GB,SI,123747630.266171
2013,GB,SK,151048141.190339
2013,GB,TR,1732418660.74117
2013,GB,TW,2531457037.89172
2013,GB,US,25812614620.0667
2013,GB,WA,9631730712.70732
2013,GB,WE,1352906049.30399
2013,GB,WF,4547686443.88774
2013,GB,WL,4008269486.91213
2013,GB,WM,8746237770.20621
2013,GB,ZA,763372642.219384
2013,GR,AT,387926434.201162
2013,GR,AU,693762591.325794
2013,GR,BE,541999821.55261
2013,GR,BG,781063122.673534
2013,GR,BR,1021411751.42304
2013,GR,CA,579408526.721179
2013,GR,CH,974243091.843854
2013,GR,CN,5823976398.54125
2013,GR,CY,233584225.227026
2013,GR,CZ,246342707.395038
2013,GR,DE,3359098068.1412
2013,GR,DK,325006215.078868
2013,GR,EE,25053546.6931219
2013,GR,ES,697341319.574403
2013,GR,FI,277668999.940372
2013,GR,FR,2205489957.16343
2013,GR,GB,2380902441.77476
2013,GR,GR,110865811997.161
2013,GR,HR,85219442.2689407
2013,GR,HU,168244423.348178
2013,GR,ID,283527036.913456
2013,GR,IE,165307531.893078
2013,GR,IN,979981749.645871
2013,GR,IT,2604777616.75185
2013,GR,JP,2312015560.31963
2013,GR,KR,1222389818.65619
2013,GR,LT,56253093.6705409
2013,GR,LU,44584507.2319117
2013,GR,LV,21155709.8676759
2013,GR,MT,21223609.8009849
2013,GR,MX,690301234.048117
2013,GR,NL,568568835.640953
2013,GR,NO,412025022.358683
2013,GR,PL,505898084.853186
2013,GR,PT,167845016.185734
2013,GR,RO,536724703.664759
2013,GR,RU,1387823763.33074
2013,GR,SE,479011575.783301
2013,GR,SI,351510625.766725
2013,GR,SK,105227205.274387
2013,GR,TR,2398818440.31763
2013,GR,TW,3074612299.26284
2013,GR,US,4746804030.65664
2013,GR,WA,2630551000.01261
2013,GR,WE,1231625511.85281
2013,GR,WF,2504618526.51971
2013,GR,WL,1048243149.88933
2013,GR,WM,2822258402.75118
2013,GR,ZA,121256698.283679
2013,HR,AT,124401234.529997
2013,HR,AU,58009148.2766759
2013,HR,BE,58710760.3678543
2013,HR,BG,18210295.100638
2013,HR,BR,77146547.3043458
2013,HR,CA,68457956.9954355
2013,HR,CH,115891252.153064
2013,HR,CN,201585105.321062
2013,HR,CY,5765550.58994071
2013,HR,CZ,108784552.875251
2013,HR,DE,356937983.814348
2013,HR,DK,29611057.1812691
2013,HR,EE,8199762.70248321
2013,HR,ES,59175655.3183168
2013,HR,FI,30411993.5810219
2013,HR,FR,155291475.87216
2013,HR,GB,149436042.913033
2013,HR,GR,50826520.3078259
2013,HR,HR,17437291996.1047
2013,HR,HU,131686011.836381
2013,HR,ID,28081240.2484486
2013,HR,IE,22975498.0390032
2013,HR,IN,71838673.3071836
2013,HR,IT,446937110.934961
2013,HR,JP,102864044.77259
2013,HR,KR,59206031.169238
2013,HR,LT,6430287.82211329
2013,HR,LU,7019656.42134968
2013,HR,LV,3920120.56970582
2013,HR,MT,11331533.6990911
2013,HR,MX,53890659.897406
2013,HR,NL,51318411.6793799
2013,HR,NO,63148487.7081698
2013,HR,PL,60273672.6495913
2013,HR,PT,22968671.2233307
2013,HR,RO,44383208.3646389
2013,HR,RU,206251223.091591
2013,HR,SE,49653185.5115475
2013,HR,SI,285426725.23651
2013,HR,SK,29594911.0601729
2013,HR,TR,115283184.421913
2013,HR,TW,703297997.541233
2013,HR,US,255892838.11799
2013,HR,WA,188833541.594232
2013,HR,WE,575575309.007875
2013,HR,WF,154003281.918033
2013,HR,WL,83274763.9779973
2013,HR,WM,278596236.139461
2013,HR,ZA,15229531.6221423
2013,HU,AT,1239291375.33782
2013,HU,AU,269736891.224652
2013,HU,BE,354049771.715086
2013,HU,BG,176202542.446036
2013,HU,BR,287100188.032031
2013,HU,CA,316535854.1106
2013,HU,CH,432430018.191514
2013,HU,CN,1125315151.04002
2013,HU,CY,25805939.9732597
2013,HU,CZ,447901725.98899
2013,HU,DE,3459146277.62157
2013,HU,DK,184142975.044547
2013,HU,EE,25657950.3354458
2013,HU,ES,428028150.278315
2013,HU,FI,136097230.311895
2013,HU,FR,1073601945.96556
2013,HU,GB,950307143.875303
2013,HU,GR,208379066.818519
2013,HU,HR,646801473.42312
2013,HU,HU,31960092263.9766
2013,HU,ID,128986244.109549
2013,HU,IE,105438549.881638
2013,HU,IN,257541706.485361
2013,HU,IT,1310094142.08693
2013,HU,JP,415099062.281708
2013,HU,KR,304873163.927859
2013,HU,LT,54426549.2867325
2013,HU,LU,37736550.4357171
2013,HU,LV,21732584.8268386
2013,HU,MT,5684366.66793863
2013,HU,MX,246683674.864643
2013,HU,NL,422695043.948013
2013,HU,NO,253000330.171815
2013,HU,PL,692676454.934673
2013,HU,PT,117276548.403823
2013,HU,RO,1316129667.63943
2013,HU,RU,1065399444.76599
2013,HU,SE,307908354.544825
2013,HU,SI,232819227.366077
2013,HU,SK,558976781.995874
2013,HU,TR,576862923.943804
2013,HU,TW,1105028201.27065
2013,HU,US,1255018399.70219
2013,HU,WA,956721574.683736
2013,HU,WE,1089338433.73386
2013,HU,WF,537599774.818231
2013,HU,WL,434047767.030645
2013,HU,WM,1040897981.36672
2013,HU,ZA,74202381.8473696
2013,ID,AT,344268912.098707
2013,ID,AU,3419873671.57198
2013,ID,BE,823749033.603718
2013,ID,BG,83048018.8050696
2013,ID,BR,1811629765.7161
2013,ID,CA,1439967649.9917
2013,ID,CH,877982295.682214
2013,ID,CN,28658599403.8506
2013,ID,CY,20040805.7155406
2013,ID,CZ,230345995.887895
2013,ID,DE,3678547434.08633
2013,ID,DK,255576461.35448
2013,ID,EE,34013853.4303113
2013,ID,ES,1114892553.73301
2013,ID,FI,283680665.172687
2013,ID,FR,1955225168.90728
2013,ID,GB,2807864371.76132
2013,ID,GR,245731576.079278
2013,ID,HR,54148974.5121124
2013,ID,HU,132022099.775622
2013,ID,ID,613044998093.685
2013,ID,IE,214954814.63306
2013,ID,IN,11721668263.4934
2013,ID,IT,1986273393.98166
2013,ID,JP,12773674702.5301
2013,ID,KR,5281996248.84311
2013,ID,LT,40640829.4196362
2013,ID,LU,63380990.530471
2013,ID,LV,26498852.5220709
2013,ID,MT,9680226.71926978
2013,ID,MX,1087429700.29052
2013,ID,NL,1021106850.82939
2013,ID,NO,496469774.192967
2013,ID,PL,508182209.006921
2013,ID,PT,193672754.508744
2013,ID,RO,193542598.071239
2013,ID,RU,2020596367.83674
2013,ID,SE,402966337.595891
2013,ID,SI,81160437.6729372
2013,ID,SK,116715820.364957
2013,ID,TR,1704889974.98104
2013,ID,TW,2679299149.48155
2013,ID,US,15978188860.9176
2013,ID,WA,45910406556.6939
2013,ID,WE,750912720.742309
2013,ID,WF,4068557836.41106
2013,ID,WL,3022956884.48594
2013,ID,WM,9089075810.14917
2013,ID,ZA,258748147.524768
2013,IE,AT,177896047.384188
2013,IE,AU,381599729.022616
2013,IE,BE,467280449.270958
2013,IE,BG,35331778.007471
2013,IE,BR,1527155313.93414
2013,IE,CA,476051526.675279
2013,IE,CH,562240272.811275
2013,IE,CN,1664090758.04456
2013,IE,CY,43500256.3993035
2013,IE,CZ,103129633.129807
2013,IE,DE,1800694713.00977
2013,IE,DK,232472125.593811
2013,IE,EE,20058228.8077405
2013,IE,ES,808803197.594142
2013,IE,FI,187519999.174676
2013,IE,FR,1490779315.40009
2013,IE,GB,5287290128.13951
2013,IE,GR,155731369.407253
2013,IE,HR,24054445.0208609
2013,IE,HU,96883113.8601043
2013,IE,ID,212503292.444845
2013,IE,IE,40393069195.6928
2013,IE,IN,501838617.639731
2013,IE,IT,1111577540.33541
2013,IE,JP,1020018056.14877
2013,IE,KR,501891941.00705
2013,IE,LT,18803796.2777754
2013,IE,LU,62251428.1423891
2013,IE,LV,16008639.4664883
2013,IE,MT,8244541.14158213
2013,IE,MX,414517705.548704
2013,IE,NL,644975890.382836
2013,IE,NO,322647993.373574
2013,IE,PL,215484832.033264
2013,IE,PT,199203141.327377
2013,IE,RO,73890952.1133965
2013,IE,RU,954453235.516525
2013,IE,SE,454080102.374003
2013,IE,SI,24856595.318648
2013,IE,SK,47349870.9704052
2013,IE,TR,309381182.845921
2013,IE,TW,811197131.599039
2013,IE,US,2671465342.72963
2013,IE,WA,1813182951.65937
2013,IE,WE,670161673.640694
2013,IE,WF,1358737587.1227
2013,IE,WL,1132911159.88123
2013,IE,WM,1531055908.87859
2013,IE,ZA,525326579.603978
2013,IN,AT,1438476307.37171
2013,IN,AU,5708659041.58607
2013,IN,BE,4365494227.2723
2013,IN,BG,279183208.236939
2013,IN,BR,7095590426.29293
2013,IN,CA,4927665832.68913
2013,IN,CH,3946776282.2746
2013,IN,CN,31459930037.3342
2013,IN,CY,85446020.2557585
2013,IN,CZ,844853105.686289
2013,IN,DE,16730306190.3773
2013,IN,DK,1254635408.40122
2013,IN,EE,118869672.867429
2013,IN,ES,4611829923.91128
2013,IN,FI,1120681559.97737
2013,IN,FR,9778453725.00919
2013,IN,GB,17084918044.9692
2013,IN,GR,747625674.91401
2013,IN,HR,184870307.965704
2013,IN,HU,622822155.285333
2013,IN,ID,5711105813.00845
2013,IN,IE,970222798.814399
2013,IN,IN,2414151953182.88
2013,IN,IT,6800013256.85663
2013,IN,JP,11732158664.1181
2013,IN,KR,7478060131.45628
2013,IN,LT,158729577.987272
2013,IN,LU,327527003.020027
2013,IN,LV,77439751.5398805
2013,IN,MT,39385103.6070206
2013,IN,MX,4500068647.72059
2013,IN,NL,4857941069.32157
2013,IN,NO,1637179777.25831
2013,IN,PL,2054206193.76154
2013,IN,PT,887054731.659649
2013,IN,RO,704476443.821931
2013,IN,RU,6620053931.0944
2013,IN,SE,2083071265.97844
2013,IN,SI,269820711.643818
2013,IN,SK,513135556.249501
2013,IN,TR,6686654399.94749
2013,IN,TW,5013117521.89876
2013,IN,US,57084551338.1555
2013,IN,WA,102083952596.292
2013,IN,WE,2603484090.18645
2013,IN,WF,33984742132.6347
2013,IN,WL,15318860897.1219
2013,IN,WM,100917157392.004
2013,IN,ZA,1619998948.68911
2013,IT,AT,1255674690.32647
2013,IT,AU,1132834487.78526
2013,IT,BE,1222369669.16774
2013,IT,BG,280187798.036416
2013,IT,BR,1447289561.62527
2013,IT,CA,1303598696.07017
2013,IT,CH,3061835122.02139
2013,IT,CN,4888258580.57156
2013,IT,CY,32932685.0896217
2013,IT,CZ,564579775.899892
2013,IT,DE,8597418486.67313
2013,IT,DK,457260996.392907
2013,IT,EE,45222400.9169309
2013,IT,ES,2151268202.0829
2013,IT,FI,350794295.982835
2013,IT,FR,7383808484.55951
2013,IT,GB,4444432579.25826
2013,IT,GR,673069490.36238
2013,IT,HR,322204301.215426
2013,IT,HU,415638435.500396
2013,IT,ID,393889819.925962
2013,IT,IE,322811725.730285
2013,IT,IN,1234667542.90311
2013,IT,IT,340479315481.518
2013,IT,JP,1973090432.68216
2013,IT,KR,1139911545.89483
2013,IT,LT,107368043.556488
2013,IT,LU,98885996.9123718
2013,IT,LV,34529487.6853248
2013,IT,MT,76230150.8427387
2013,IT,MX,978423101.021743
2013,IT,NL,1100554325.61447
2013,IT,NO,674891601.302779
2013,IT,PL,1207421154.84307
2013,IT,PT,388413341.64461
2013,IT,RO,775916885.853076
2013,IT,RU,2891112784.75587
2013,IT,SE,890139913.320791
2013,IT,SI,490307433.557389
2013,IT,SK,262523473.88611
2013,IT,TR,2272529194.70555
2013,IT,TW,1463310410.26834
2013,IT,US,8080846738.58955
2013,IT,WA,4724577558.27726
2013,IT,WE,1243823886.17626
2013,IT,WF,4787015711.90587
2013,IT,WL,2297176773.36235
2013,IT,WM,6696823651.36993
2013,IT,ZA,195600853.72726
2013,JP,AT,474157327.270352
2013,JP,AU,4796029911.64269
2013,JP,BE,1239901642.93443
2013,JP,BG,70557372.6499345
2013,JP,BR,2975807576.73232
2013,JP,CA,3093909259.68582
2013,JP,CH,1756083450.87627
2013,JP,CN,56952201729.5115
2013,JP,CY,32648263.1454024
2013,JP,CZ,313608452.830829
2013,JP,DE,6659134608.53709
2013,JP,DK,576936759.410866
2013,JP,EE,45060901.7771548
2013,JP,ES,1365259958.06217
2013,JP,FI,407570928.539178
2013,JP,FR,4430637733.76354
2013,JP,GB,4725159961.6173
2013,JP,GR,244852440.384226
2013,JP,HR,49096601.7996188
2013,JP,HU,263559711.195448
2013,JP,ID,4129125061.66105
2013,JP,IE,399160152.997748
2013,JP,IN,5163890367.05824
2013,JP,IT,2164805461.65714
2013,JP,JP,1161817600607.38
2013,JP,KR,12092192656.0007
2013,JP,LT,42244403.4775143
2013,JP,LU,84992717.3965391
2013,JP,LV,25503171.4450737
2013,JP,MT,15542409.0857629
2013,JP,MX,3307251824.96358
2013,JP,NL,1662763482.9942
2013,JP,NO,967333609.275202
2013,JP,PL,607170972.687191
2013,JP,PT,212311008.344588
2013,JP,RO,185057421.340431
2013,JP,RU,4117402066.85478
2013,JP,SE,750095124.163409
2013,JP,SI,83385046.8582243
2013,JP,SK,142363240.926542
2013,JP,TR,1534374388.91174
2013,JP,TW,2513527533.03651
2013,JP,US,32736803766.3183
2013,JP,WA,48376485613.342
2013,JP,WE,843783796.955929
2013,JP,WF,4761198697.7926
2013,JP,WL,9140589784.60123
2013,JP,WM,12276930373.1207
2013,JP,ZA,450462613.549726
2013,KR,AT,605167526.211797
2013,KR,AU,5625528277.59035
2013,KR,BE,1577801564.09386
2013,KR,BG,130251262.638839
2013,KR,BR,4388450671.97432
2013,KR,CA,3572667771.58175
2013,KR,CH,1853535980.76593
2013,KR,CN,55227740968.4483
2013,KR,CY,50491317.3919332
2013,KR,CZ,575787656.249414
2013,KR,DE,7501459528.48378
2013,KR,DK,818892958.435622
2013,KR,EE,63367043.1976447
2013,KR,ES,2304065373.64214
2013,KR,FI,495573668.193323
2013,KR,FR,5100789590.04554
2013,KR,GB,6218964648.38501
2013,KR,GR,531856349.911532
2013,KR,HR,82134079.2711801
2013,KR,HU,491625056.082557
2013,KR,ID,4917867477.88491
2013,KR,IE,423020120.768174
2013,KR,IN,6764453793.98225
2013,KR,IT,3135128973.63475
2013,KR,JP,18614205011.2792
2013,KR,KR,425836340916.713
2013,KR,LT,82639389.1024089
2013,KR,LU,142336985.674569
2013,KR,LV,43716741.1637601
2013,KR,MT,31231930.6570254
2013,KR,MX,3813121211.30318
2013,KR,NL,2347006629.95823
2013,KR,NO,985503952.021435
2013,KR,PL,939320940.667419
2013,KR,PT,364811197.852579
2013,KR,RO,345595113.03111
2013,KR,RU,6832679143.7717
2013,KR,SE,948142572.180092
2013,KR,SI,327162312.64154
2013,KR,SK,365974153.041191
2013,KR,TR,3175475935.83626
2013,KR,TW,2618666024.08561
2013,KR,US,34372078236.3666
2013,KR,WA,53594407279.6929
2013,KR,WE,1562978615.76114
2013,KR,WF,7883011376.91714
2013,KR,WL,12276903184.9747
2013,KR,WM,18311104650.0204
2013,KR,ZA,1044415837.10076
2013,LT,AT,131060268.591716
2013,LT,AU,149704602.563382
2013,LT,BE,168019084.452366
2013,LT,BG,19269870.5487631
2013,LT,BR,94304979.7350469
2013,LT,CA,157520119.547141
2013,LT,CH,156598772.454164
2013,LT,CN,351912769.015163
2013,LT,CY,14806945.8460254
2013,LT,CZ,82415181.3608717
2013,LT,DE,564484932.798174
2013,LT,DK,112802061.741417
2013,LT,EE,192101426.228394
2013,LT,ES,164178219.177279
2013,LT,FI,129441733.687218
2013,LT,FR,372944296.163506
2013,LT,GB,470636905.377916
2013,LT,GR,52870692.9612006
2013,LT,HR,18347905.809278
2013,LT,HU,46803354.219957
2013,LT,ID,88388748.7188365
2013,LT,IE,49183516.6805527
2013,LT,IN,105270391.207162
2013,LT,IT,196497487.237994
2013,LT,JP,149217138.307335
2013,LT,KR,78145828.8457396
2013,LT,LT,13609202210.4639
2013,LT,LU,39393473.3209146
2013,LT,LV,388980197.309828
2013,LT,MT,3812599.86890596
2013,LT,MX,66782171.9203597
2013,LT,NL,344143916.548739
2013,LT,NO,132608983.137699
2013,LT,PL,611505014.580404
2013,LT,PT,60435387.7278491
2013,LT,RO,43847405.0988684
2013,LT,RU,520082896.881817
2013,LT,SE,230619318.142185
2013,LT,SI,16912601.309607
2013,LT,SK,45517559.6367469
2013,LT,TR,104844173.897605
2013,LT,TW,419793142.928485
2013,LT,US,578627768.622373
2013,LT,WA,551994577.515132
2013,LT,WE,324152200.380921
2013,LT,WF,295380337.999309
2013,LT,WL,141468893.900119
2013,LT,WM,1005888947.48345
2013,LT,ZA,50804229.804177
2013,LU,AT,64273669.0701039
2013,LU,AU,118151586.141641
2013,LU,BE,126943172.804371
2013,LU,BG,14755473.2210764
2013,LU,BR,138747180.674209
2013,LU,CA,122148707.461277
2013,LU,CH,144804402.711211
2013,LU,CN,335233279.23435
2013,LU,CY,15577851.6598996
2013,LU,CZ,45607186.0661181
2013,LU,DE,415091101.585972
2013,LU,DK,65752803.4876528
2013,LU,EE,8783491.77996274
2013,LU,ES,149432753.034934
2013,LU,FI,57031776.1701018
2013,LU,FR,445752510.333346
2013,LU,GB,302176250.929377
2013,LU,GR,55115876.6608259
2013,LU,HR,11551967.1710444
2013,LU,HU,40375486.2496048
2013,LU,ID,67110023.4437879
2013,LU,IE,36874771.0242781
2013,LU,IN,136270081.081449
2013,LU,IT,181613351.632798
2013,LU,JP,179467811.565364
2013,LU,KR,105452394.836292
2013,LU,LT,10300720.7088462
2013,LU,LU,2937524061.94302
2013,LU,LV,7079575.42194317
2013,LU,MT,2201937.76555061
2013,LU,MX,112580516.724734
2013,LU,NL,203028409.690077
2013,LU,NO,96651741.6566781
2013,LU,PL,76890840.5876312
2013,LU,PT,68796887.2481821
2013,LU,RO,33411389.7357158
2013,LU,RU,196746825.209135
2013,LU,SE,107200291.399009
2013,LU,SI,24947974.2218488
2013,LU,SK,21144036.2185823
2013,LU,TR,103873830.435756
2013,LU,TW,492026463.59211
2013,LU,US,429451395.16763
2013,LU,WA,357770094.775923
2013,LU,WE,119087199.684911
2013,LU,WF,230476180.564518
2013,LU,WL,232681984.832741
2013,LU,WM,312608334.507639
2013,LU,ZA,74049946.462667
2013,LV,AT,51095022.6682523
2013,LV,AU,62134683.5851448
2013,LV,BE,67782702.530274
2013,LV,BG,15894017.2718339
2013,LV,BR,57044625.1929249
2013,LV,CA,60058550.0884145
2013,LV,CH,77499088.6929994
2013,LV,CN,177674041.347384
2013,LV,CY,8415098.47066403
2013,LV,CZ,43063614.0563597
2013,LV,DE,345093007.901428
2013,LV,DK,96457096.3563642
2013,LV,EE,201416132.121867
2013,LV,ES,66727076.0044254
2013,LV,FI,113718954.39117
2013,LV,FR,166596630.512667
2013,LV,GB,186000932.085092
2013,LV,GR,28864274.4305197
2013,LV,HR,12591698.1260135
2013,LV,HU,24060808.0161247
2013,LV,ID,33845525.4080344
2013,LV,IE,28359038.8361221
2013,LV,IN,66700254.1047108
2013,LV,IT,90840962.6989257
2013,LV,JP,84076881.465791
2013,LV,KR,50050937.865633
2013,LV,LT,359168533.451752
2013,LV,LU,11371214.0850407
2013,LV,LV,8370411371.08975
2013,LV,MT,2368654.91339176
2013,LV,MX,42512965.8940849
2013,LV,NL,105350378.654334
2013,LV,NO,188233070.256389
2013,LV,PL,131286141.275277
2013,LV,PT,30218941.3969051
2013,LV,RO,25447122.2775075
2013,LV,RU,479489474.365401
2013,LV,SE,200796043.129664
2013,LV,SI,11263267.786923
2013,LV,SK,25258790.9613838
2013,LV,TR,92247901.4995793
2013,LV,TW,520354623.827582
2013,LV,US,211806812.043618
2013,LV,WA,248980721.259474
2013,LV,WE,114867966.856858
2013,LV,WF,164991599.421727
2013,LV,WL,86548786.8659151
2013,LV,WM,438240091.804852
2013,LV,ZA,18767342.6486581
2013,MT,AT,23208898.6052588
2013,MT,AU,34703405.1597663
2013,MT,BE,25997060.9243189
2013,MT,BG,12449868.2167351
2013,MT,BR,41014314.6271705
2013,MT,CA,32878472.8110329
2013,MT,CH,34184924.0436823
2013,MT,CN,75401431.9492476
2013,MT,CY,15884863.3404667
2013,MT,CZ,19015603.2014142
2013,MT,DE,61151947.0059059
2013,MT,DK,20009014.7403758
2013,MT,EE,10750067.133347
2013,MT,ES,37731680.6381992
2013,MT,FI,28262514.0330781
2013,MT,FR,64744083.3177033
2013,MT,GB,64458888.1691788
2013,MT,GR,33766340.0661706
2013,MT,HR,11091586.5909791
2013,MT,HU,20086509.5192919
2013,MT,ID,30658392.9457753
2013,MT,IE,17225381.3013088
2013,MT,IN,42356215.1423155
2013,MT,IT,62983666.1313103
2013,MT,JP,62046964.1607549
2013,MT,KR,70509189.1421956
2013,MT,LT,7502151.40608044
2013,MT,LU,7743252.13704358
2013,MT,LV,8636387.44510665
2013,MT,MT,1244975253.91214
2013,MT,MX,32805502.9710725
2013,MT,NL,32657699.6423021
2013,MT,NO,35863907.9007961
2013,MT,PL,27690720.5029043
2013,MT,PT,24459770.4171012
2013,MT,RO,15631064.6864676
2013,MT,RU,52087792.0175468
2013,MT,SE,28782047.9009504
2013,MT,SI,12690563.2088698
2013,MT,SK,11470917.8297033
2013,MT,TR,38879752.9972841
2013,MT,TW,158182074.034976
2013,MT,US,87597253.7463951
2013,MT,WA,77723843.2335454
2013,MT,WE,52310546.2625369
2013,MT,WF,130304078.817682
2013,MT,WL,41665110.2948922
2013,MT,WM,126851149.283442
2013,MT,ZA,20375241.102551
2013,MX,AT,253509557.511839
2013,MX,AU,1003928202.4992
2013,MX,BE,610077495.796829
2013,MX,BG,47022309.3806452
2013,MX,BR,3369987970.19952
2013,MX,CA,6504071012.61096
2013,MX,CH,1565979141.44457
2013,MX,CN,6233959985.0142
2013,MX,CY,21825090.8123231
2013,MX,CZ,161457126.281398
2013,MX,DE,2409107681.8777
2013,MX,DK,163479856.169693
2013,MX,EE,21901829.3289812
2013,MX,ES,1813460309.49263
2013,MX,FI,198788721.440678
2013,MX,FR,1375290202.20097
2013,MX,GB,1799007582.85372
2013,MX,GR,131779531.200889
2013,MX,HR,31904010.6864173
2013,MX,HU,144681486.711758
2013,MX,ID,427219135.192008
2013,MX,IE,223751806.364003
2013,MX,IN,1960671435.36495
2013,MX,IT,971331667.842285
2013,MX,JP,2892175144.21712
2013,MX,KR,1039698853.23877
2013,MX,LT,64943138.4452661
2013,MX,LU,58825497.9922938
2013,MX,LV,17251736.6533789
2013,MX,MT,7844084.79522931
2013,MX,MX,491376675841.787
2013,MX,NL,665582489.854371
2013,MX,NO,354983764.235547
2013,MX,PL,273889296.580442
2013,MX,PT,161104461.456158
2013,MX,RO,136784379.455039
2013,MX,RU,974196692.319094
2013,MX,SE,283397065.931189
2013,MX,SI,43134083.3074547
2013,MX,SK,62279441.2411097
2013,MX,TR,836390836.879387
2013,MX,TW,1676906232.32308
2013,MX,US,85012445306.2493
2013,MX,WA,6315828612.45169
2013,MX,WE,313876325.232518
2013,MX,WF,1499567829.4465
2013,MX,WL,17783025760.972
2013,MX,WM,3973461847.32921
2013,MX,ZA,148026582.73935
2013,NL,AT,1079322029.96679
2013,NL,AU,987194192.207987
2013,NL,BE,6822049875.08294
2013,NL,BG,139478031.940881
2013,NL,BR,1273462053.51438
2013,NL,CA,1148887414.49499
2013,NL,CH,1880245306.02414
2013,NL,CN,5375107998.03994
2013,NL,CY,52988879.5393304
2013,NL,CZ,550841034.677169
2013,NL,DE,15435255395.5836
2013,NL,DK,810317341.263341
2013,NL,EE,57347679.3086259
2013,NL,ES,2352405128.08272
2013,NL,FI,697534740.386733
2013,NL,FR,7074425781.64694
2013,NL,GB,10665367322.3089
2013,NL,GR,620279704.977676
2013,NL,HR,121662118.386751
2013,NL,HU,382083283.594988
2013,NL,ID,514087559.222558
2013,NL,IE,789007826.285632
2013,NL,IN,1248231447.18599
2013,NL,IT,3664402692.46598
2013,NL,JP,2327446790.17892
2013,NL,KR,1210163168.819
2013,NL,LT,241903563.332504
2013,NL,LU,828853760.891668
2013,NL,LV,53920432.8515596
2013,NL,MT,21444284.6581796
2013,NL,MX,990236674.357457
2013,NL,NL,107773816783.649
2013,NL,NO,1115777828.77843
2013,NL,PL,1280534714.64202
2013,NL,PT,420728627.664599
2013,NL,RO,338266089.326626
2013,NL,RU,2613193686.65327
2013,NL,SE,1648329842.29416
2013,NL,SI,108903308.564457
2013,NL,SK,190840444.488933
2013,NL,TR,1144935575.59672
2013,NL,TW,1737002427.31085
2013,NL,US,7267527571.28161
2013,NL,WA,4831710280.18862
2013,NL,WE,838430064.343685
2013,NL,WF,3387385549.12113
2013,NL,WL,2094099867.20192
2013,NL,WM,4410498080.26904
2013,NL,ZA,387670837.055204
2013,NO,AT,226255095.991703
2013,NO,AU,533414207.091501
2013,NO,BE,1000263190.84263
2013,NO,BG,30185121.1981584
2013,NO,BR,783232061.717338
2013,NO,CA,544090888.655091
2013,NO,CH,784956395.48031
2013,NO,CN,2272408654.51814
2013,NO,CY,36962448.1256484
2013,NO,CZ,113592127.077897
2013,NO,DE,4576124061.5577
2013,NO,DK,737041961.983597
2013,NO,EE,26842094.8230612
2013,NO,ES,749144106.105212
2013,NO,FI,426339944.908094
2013,NO,FR,2403338031.34357
2013,NO,GB,4394256745.53245
2013,NO,GR,131730899.967011
2013,NO,HR,23164230.4938061
2013,NO,HU,72234610.1665377
2013,NO,ID,217637813.984175
2013,NO,IE,278744372.84876
2013,NO,IN,695801999.931349
2013,NO,IT,1045421114.73326
2013,NO,JP,1205533079.1628
2013,NO,KR,625974133.570857
2013,NO,LT,64170686.7095511
2013,NO,LU,115032048.128128
2013,NO,LV,26232952.3926809
2013,NO,MT,17500582.5803363
2013,NO,MX,522591290.839995
2013,NO,NL,1369172722.72269
2013,NO,NO,34551746058.1897
2013,NO,PL,436937448.950578
2013,NO,PT,151990684.3177
2013,NO,RO,71179908.7470797
2013,NO,RU,828438501.521816
2013,NO,SE,1230720761.11297
2013,NO,SI,25670877.2442555
2013,NO,SK,46829081.2211431
2013,NO,TR,682978962.029257
2013,NO,TW,1740524036.16329
2013,NO,US,3256469422.17349
2013,NO,WA,1437385565.33621
2013,NO,WE,398793289.046309
2013,NO,WF,848976910.106442
2013,NO,WL,650177846.066937
2013,NO,WM,793867964.10872
2013,NO,ZA,107068291.369235
2013,PL,AT,1822099858.3068
2013,PL,AU,893456556.35676
2013,PL,BE,1646304961.6552
2013,PL,BG,473572150.681419
2013,PL,BR,1119387136.67397
2013,PL,CA,1190061348.53874
2013,PL,CH,1656684148.47902
2013,PL,CN,4008267320.95229
2013,PL,CY,52646992.2659172
2013,PL,CZ,6226532466.06235
2013,PL,DE,20763734416.0045
2013,PL,DK,1232206322.5775
2013,PL,EE,260196267.978508
2013,PL,ES,2005427946.43661
2013,PL,FI,726737327.599899
2013,PL,FR,6159043139.76535
2013,PL,GB,7119624781.10499
2013,PL,GR,469420527.668278
2013,PL,HR,269890466.422616
2013,PL,HU,1336032514.45132
2013,PL,ID,481399872.037588
2013,PL,IE,678807555.970574
2013,PL,IN,1032927185.34035
2013,PL,IT,3910076151.2301
2013,PL,JP,1379344868.74516
2013,PL,KR,900966187.380017
2013,PL,LT,869756831.107669
2013,PL,LU,167699056.898096
2013,PL,LV,264624009.096433
2013,PL,MT,17125313.6823461
2013,PL,MX,741957115.145814
2013,PL,NL,2380714656.89053
2013,PL,NO,2244431449.93039
2013,PL,PL,267632670738.175
2013,PL,PT,406293310.78662
2013,PL,RO,1314395654.83362
2013,PL,RU,7039096633.2238
2013,PL,SE,2691733674.45426
2013,PL,SI,235790119.784698
2013,PL,SK,3237711968.36949
2013,PL,TR,1751066470.60013
2013,PL,TW,2062136521.50473
2013,PL,US,4961695048.93609
2013,PL,WA,4505564745.56651
2013,PL,WE,3130973151.11816
2013,PL,WF,2536255799.92486
2013,PL,WL,1923829679.79558
2013,PL,WM,4336837688.66374
2013,PL,ZA,272687169.187824
2013,PT,AT,163471594.642934
2013,PT,AU,270913868.109305
2013,PT,BE,306354278.573123
2013,PT,BG,32482629.1360252
2013,PT,BR,524039862.463239
2013,PT,CA,321594569.944692
2013,PT,CH,346822489.786333
2013,PT,CN,885629374.792219
2013,PT,CY,12652027.1584674
2013,PT,CZ,99986956.0909482
2013,PT,DE,1204855126.56678
2013,PT,DK,140655938.616712
2013,PT,EE,14727091.1454439
2013,PT,ES,2380307699.38478
2013,PT,FI,120447722.591597
2013,PT,FR,1624457606.86825
2013,PT,GB,1040474063.44585
2013,PT,GR,123389769.809343
2013,PT,HR,20766043.7484433
2013,PT,HU,66560010.3817419
2013,PT,ID,112612481.373126
2013,PT,IE,111365686.283967
2013,PT,IN,284222506.426154
2013,PT,IT,584956137.732329
2013,PT,JP,392364325.543474
2013,PT,KR,258572307.444195
2013,PT,LT,18726995.1503408
2013,PT,LU,26835303.74965
2013,PT,LV,9790954.79734383
2013,PT,MT,4520042.31532793
2013,PT,MX,229554494.587
2013,PT,NL,369766067.325967
2013,PT,NO,235837806.224655
2013,PT,PL,198335683.600727
2013,PT,PT,41456438150.416
2013,PT,RO,76206147.959712
2013,PT,RU,503415651.346301
2013,PT,SE,238762612.573317
2013,PT,SI,25055276.6393944
2013,PT,SK,42059153.2354815
2013,PT,TR,249659282.014684
2013,PT,TW,1183782449.56549
2013,PT,US,1493345859.30918
2013,PT,WA,633241284.703954
2013,PT,WE,258045621.796845
2013,PT,WF,2392837233.88186
2013,PT,WL,611772294.019157
2013,PT,WM,756693686.672433
2013,PT,ZA,66011658.8033761
2013,RO,AT,393000647.800565
2013,RO,AU,209219011.114866
2013,RO,BE,342508064.074162
2013,RO,BG,736395138.907699
2013,RO,BR,340080488.829791
2013,RO,CA,358663248.23804
2013,RO,CH,393171768.991295
2013,RO,CN,1241571434.52143
2013,RO,CY,21327794.5751116
2013,RO,CZ,250899495.058622
2013,RO,DE,2614842870.10098
2013,RO,DK,143833566.005707
2013,RO,EE,19481335.425999
2013,RO,ES,568167553.555404
2013,RO,FI,102387557.317073
2013,RO,FR,1549122965.96033
2013,RO,GB,1074541874.74919
2013,RO,GR,433764247.162789
2013,RO,HR,134112621.32949
2013,RO,HU,852101733.663591
2013,RO,ID,142191094.738558
2013,RO,IE,91110688.8492473
2013,RO,IN,413122810.243915
2013,RO,IT,1462933907.92795
2013,RO,JP,453283115.875534
2013,RO,KR,455906875.37717
2013,RO,LT,32738860.3062608
2013,RO,LU,50829698.9592906
2013,RO,LV,12856704.202719
2013,RO,MT,8695601.16782159
2013,RO,MX,261320193.867635
2013,RO,NL,408994264.617125
2013,RO,NO,267180172.648525
2013,RO,PL,487767335.216195
2013,RO,PT,175327278.482113
2013,RO,RO,67713321540.1783
2013,RO,RU,1097888028.85275
2013,RO,SE,296760239.33384
2013,RO,SI,82498867.7396455
2013,RO,SK,180490901.510489
2013,RO,TR,2386836678.49836
2013,RO,TW,787917522.93958
2013,RO,US,1523317178.18404
2013,RO,WA,1437687915.30267
2013,RO,WE,1035936894.42581
2013,RO,WF,1776977121.08353
2013,RO,WL,570970189.413549
2013,RO,WM,3393517432.56022
2013,RO,ZA,73980165.2102683
2013,RU,AT,4246240387.69132
2013,RU,AU,6154544156.27067
2013,RU,BE,7813841222.78387
2013,RU,BG,3300057306.79292
2013,RU,BR,7087879789.88916
2013,RU,CA,6654867925.5227
2013,RU,CH,9523035172.05121
2013,RU,CN,89513912035.0673
2013,RU,CY,709305141.837173
2013,RU,CZ,7219701915.0868
2013,RU,DE,37209138068.9069
2013,RU,DK,3486942009.52392
2013,RU,EE,2885602638.3637
2013,RU,ES,7797381089.29511
2013,RU,FI,10655836085.205
2013,RU,FR,17434609713.2259
2013,RU,GB,29848614244.2883
2013,RU,GR,7325660060.65289
2013,RU,HR,1048216334.01063
2013,RU,HU,11436204849.5594
2013,RU,ID,6458931513.30228
2013,RU,IE,1466377667.51181
2013,RU,IN,10880514067.867
2013,RU,IT,51128392944.6252
2013,RU,JP,28449360374.0164
2013,RU,KR,14277117535.6852
2013,RU,LT,4819012811.30621
2013,RU,LU,919656259.737653
2013,RU,LV,4626407366.98431
2013,RU,MT,1137157673.99169
2013,RU,MX,5271404101.58335
2013,RU,NL,15847097330.5679
2013,RU,NO,4158453137.07485
2013,RU,PL,13732728952.2057
2013,RU,PT,1446142051.2019
2013,RU,RO,3989672369.45337
2013,RU,RU,1251850362045.66
2013,RU,SE,6416054304.74204
2013,RU,SI,1487996165.33627
2013,RU,SK,8713920665.49634
2013,RU,TR,32579351108.5064
2013,RU,TW,6639876752.41976
2013,RU,US,42855575540.6065
2013,RU,WA,104760820105.397
2013,RU,WE,62061876660.8095
2013,RU,WF,16073071544.0752
2013,RU,WL,12833524239.192
2013,RU,WM,50285376143.3892
2013,RU,ZA,1491181012.89262
2013,SE,AT,194186980.025681
2013,SE,AU,346902818.767204
2013,SE,BE,421088454.485221
2013,SE,BG,29541595.5809602
2013,SE,BR,429919480.998349
2013,SE,CA,333828908.457346
2013,SE,CH,458298292.671878
2013,SE,CN,1484352819.37566
2013,SE,CY,14005429.3939285
2013,SE,CZ,124293788.022521
2013,SE,DE,1538879453.02991
2013,SE,DK,608089177.287982
2013,SE,EE,42329979.4168592
2013,SE,ES,419218778.086617
2013,SE,FI,650458850.996365
2013,SE,FR,1031711939.25068
2013,SE,GB,1433535985.62147
2013,SE,GR,89699870.0163562
2013,SE,HR,19468140.1275854
2013,SE,HU,78593186.9554527
2013,SE,ID,154850059.258963
2013,SE,IE,166835867.531387
2013,SE,IN,420693091.133796
2013,SE,IT,599703230.923266
2013,SE,JP,686921892.00207
2013,SE,KR,345630703.109139
2013,SE,LT,65060995.8295169
2013,SE,LU,44409531.8473186
2013,SE,LV,26459890.1790596
2013,SE,MT,9488833.34090769
2013,SE,MX,276758774.579586
2013,SE,NL,512457341.417793
2013,SE,NO,1502569780.25515
2013,SE,PL,410936502.22009
2013,SE,PT,110243120.10385
2013,SE,RO,70428927.6384111
2013,SE,RU,672251995.505937
2013,SE,SE,33270353532.2192
2013,SE,SI,23220098.7859084
2013,SE,SK,45529990.7178661
2013,SE,TR,330122986.943772
2013,SE,TW,1055783434.38908
2013,SE,US,1732442118.83107
2013,SE,WA,1046443566.98199
2013,SE,WE,237533178.334959
2013,SE,WF,610935748.803246
2013,SE,WL,562988725.999525
2013,SE,WM,1084717774.896
2013,SE,ZA,90700124.3463711
2013,SI,AT,355837406.043801
2013,SI,AU,86917046.009954
2013,SI,BE,112994094.922442
2013,SI,BG,41309360.9693227
2013,SI,BR,77150982.0315886
2013,SI,CA,89550319.9721306
2013,SI,CH,133537904.105616
2013,SI,CN,241235639.110198
2013,SI,CY,7731419.50250227
2013,SI,CZ,104422659.350229
2013,SI,DE,796218916.89924
2013,SI,DK,58745235.1838313
2013,SI,EE,9899815.98350395
2013,SI,ES,94632675.6699933
2013,SI,FI,47234529.9139185
2013,SI,FR,309620591.056639
2013,SI,GB,214926204.906728
2013,SI,GR,185372492.969795
2013,SI,HR,549585264.54823
2013,SI,HU,90026529.8207689
2013,SI,ID,51525566.0954906
2013,SI,IE,33601219.4600961
2013,SI,IN,88432650.170965
2013,SI,IT,878442857.675131
2013,SI,JP,93773119.3978205
2013,SI,KR,64310915.3633349
2013,SI,LT,14401946.502381
2013,SI,LU,13939800.0976942
2013,SI,LV,7156703.0664661
2013,SI,MT,2787006.33965874
2013,SI,MX,61128360.1076088
2013,SI,NL,88950284.0496253
2013,SI,NO,81460101.0050978
2013,SI,PL,119458326.451715
2013,SI,PT,39596950.9298229
2013,SI,RO,67973219.4575757
2013,SI,RU,274475258.265297
2013,SI,SE,82286466.5225175
2013,SI,SI,9929001879.04481
2013,SI,SK,54592429.3381849
2013,SI,TR,110373387.946063
2013,SI,TW,500855374.353236
2013,SI,US,290889138.487687
2013,SI,WA,253271705.681825
2013,SI,WE,241143199.759545
2013,SI,WF,176568449.798646
2013,SI,WL,113770431.691081
2013,SI,WM,254677938.724727
2013,SI,ZA,22513360.2277844
2013,SK,AT,1284864432.63907
2013,SK,AU,172159888.698675
2013,SK,BE,255522243.163114
2013,SK,BG,86517341.6207347
2013,SK,BR,166942193.554737
2013,SK,CA,230013982.512329
2013,SK,CH,308630808.124882
2013,SK,CN,806818687.79155
2013,SK,CY,15994846.5961537
2013,SK,CZ,1678063061.64684
2013,SK,DE,2540756403.46529
2013,SK,DK,135847166.255732
2013,SK,EE,20943798.4971666
2013,SK,ES,270382356.124003
2013,SK,FI,101227027.778269
2013,SK,FR,821913401.031774
2013,SK,GB,725142030.224121
2013,SK,GR,87179711.0656056
2013,SK,HR,113799466.304318
2013,SK,HU,1445153256.98841
2013,SK,ID,88376186.296708
2013,SK,IE,74966161.3866815
2013,SK,IN,154289817.180376
2013,SK,IT,820693158.83944
2013,SK,JP,210844608.385258
2013,SK,KR,145952367.701683
2013,SK,LT,46702084.4104561
2013,SK,LU,31155502.6794079
2013,SK,LV,22123160.2184347
2013,SK,MT,6218896.75522197
2013,SK,MX,133331715.59602
2013,SK,NL,286695723.96358
2013,SK,NO,202814155.066871
2013,SK,PL,1242316178.25027
2013,SK,PT,76055179.5282093
2013,SK,RO,367140958.621396
2013,SK,RU,711420383.374923
2013,SK,SE,231246225.462563
2013,SK,SI,96183503.5161006
2013,SK,SK,18945706609.0079
2013,SK,TR,459699373.282551
2013,SK,TW,637097787.472835
2013,SK,US,796233680.698376
2013,SK,WA,538331272.372822
2013,SK,WE,458680162.553922
2013,SK,WF,316368640.433727
2013,SK,WL,275501511.7656
2013,SK,WM,584546092.909391
2013,SK,ZA,59409440.5770631
2013,TR,AT,440834704.112825
2013,TR,AU,916942176.034776
2013,TR,BE,808127408.546941
2013,TR,BG,628276176.042247
2013,TR,BR,1377507198.33848
2013,TR,CA,948942678.046
2013,TR,CH,939691559.384744
2013,TR,CN,5474462273.90743
2013,TR,CY,147066880.144068
2013,TR,CZ,239181375.922252
2013,TR,DE,4446131875.44638
2013,TR,DK,325346386.014789
2013,TR,EE,40071401.14081
2013,TR,ES,1438971625.17797
2013,TR,FI,262141973.131281
2013,TR,FR,3248702935.03561
2013,TR,GB,3343191202.87156
2013,TR,GR,609859303.188337
2013,TR,HR,104526978.718157
2013,TR,HU,183448177.296604
2013,TR,ID,753915326.400925
2013,TR,IE,257699022.077735
2013,TR,IN,1617992683.02438
2013,TR,IT,3008224683.4344
2013,TR,JP,2056791109.47758
2013,TR,KR,1314341723.2382
2013,TR,LT,64765344.7728196
2013,TR,LU,83096652.8280579
2013,TR,LV,25967355.5489256
2013,TR,MT,78500201.5348195
2013,TR,MX,633571913.791399
2013,TR,NL,963143784.976832
2013,TR,NO,506094192.92237
2013,TR,PL,552908111.035527
2013,TR,PT,293252522.63657
2013,TR,RO,810646255.474162
2013,TR,RU,4226659380.06017
2013,TR,SE,523917832.673029
2013,TR,SI,126216084.73179
2013,TR,SK,110468108.464867
2013,TR,TR,342023809575.152
2013,TR,TW,2036145979.06289
2013,TR,US,6061222075.66036
2013,TR,WA,7866340368.96389
2013,TR,WE,1464263932.96176
2013,TR,WF,9134669410.67528
2013,TR,WL,2155363854.15115
2013,TR,WM,22996313535.8124
2013,TR,ZA,197174319.470969
2013,TW,AT,2114747889.72568
2013,TW,AU,3368183286.86101
2013,TW,BE,2633226038.339
2013,TW,BG,616325708.698784
2013,TW,BR,3583719249.45214
2013,TW,CA,2928386870.50095
2013,TW,CH,3528350716.99535
2013,TW,CN,6467966851.9493
2013,TW,CY,838832792.423552
2013,TW,CZ,1640013273.88529
2013,TW,DE,5567311463.40049
2013,TW,DK,2159505774.08895
2013,TW,EE,646141927.130304
2013,TW,ES,3474964242.6519
2013,TW,FI,2496774602.73168
2013,TW,FR,4834930155.92407
2013,TW,GB,4866606451.06858
2013,TW,GR,1628008607.80691
2013,TW,HR,533437354.565309
2013,TW,HU,1263664137.77195
2013,TW,ID,2594849202.57738
2013,TW,IE,1240935985.37035
2013,TW,IN,3351078981.76559
2013,TW,IT,4102045611.10061
2013,TW,JP,4429864611.05636
2013,TW,KR,2609488110.45375
2013,TW,LT,481494902.552489
2013,TW,LU,724629117.991621
2013,TW,LV,499822205.393471
2013,TW,MT,202153793.988591
2013,TW,MX,2723307402.97062
2013,TW,NL,2965008111.34356
2013,TW,NO,2745103985.30371
2013,TW,PL,2217744063.90501
2013,TW,PT,1974722360.93183
2013,TW,RO,1122274606.56071
2013,TW,RU,3765831106.03476
2013,TW,SE,2651585606.16597
2013,TW,SI,704268745.049977
2013,TW,SK,923258913.790953
2013,TW,TR,2776321267.88813
2013,TW,TW,191141506259.105
2013,TW,US,7520495795.38139
2013,TW,WA,5036542624.99805
2013,TW,WE,2782819077.79376
2013,TW,WF,3661089517.32763
2013,TW,WL,3526638113.39284
2013,TW,WM,4111912156.77895
2013,TW,ZA,2395553477.89529
2013,US,AT,2188352023.543
2013,US,AU,8542310916.32595
2013,US,BE,6362148758.50548
2013,US,BG,278233614.626425
2013,US,BR,23050896240.3477
2013,US,CA,79612681279.2799
2013,US,CH,6724303236.74753
2013,US,CN,97086395305.2358
2013,US,CY,91291829.9872778
2013,US,CZ,1133578272.30783
2013,US,DE,41476048637.4914
2013,US,DK,1265277309.74525
2013,US,EE,114250656.24562
2013,US,ES,7586519950.94869
2013,US,FI,1432948866.31354
2013,US,FR,24176809384.9408
2013,US,GB,31319987136.3375
2013,US,GR,745018439.319754
2013,US,HR,281109939.956088
2013,US,HU,967858269.618526
2013,US,ID,4284530857.0823
2013,US,IE,3682767621.71459
2013,US,IN,11464905459.3882
2013,US,IT,10619558936.2176
2013,US,JP,40115923416.9924
2013,US,KR,16729154627.9131
2013,US,LT,245922681.844157
2013,US,LU,498028094.321036
2013,US,LV,113380404.834346
2013,US,MT,131596711.611424
2013,US,MX,77896016937.6612
2013,US,NL,11090448651.9261
2013,US,NO,2637743980.12378
2013,US,PL,2158079406.82379
2013,US,PT,942043823.646638
2013,US,RO,784929754.074608
2013,US,RU,12557678839.7375
2013,US,SE,2574053280.04409
2013,US,SI,288534824.296841
2013,US,SK,446465288.261572
2013,US,TR,8695133253.34835
2013,US,TW,4169168028.65276
2013,US,US,5462097531635.23
2013,US,WA,62998014159.1239
2013,US,WE,4866195308.78201
2013,US,WF,21043795013.9632
2013,US,WL,94936534985.2645
2013,US,WM,39149336589.8369
2013,US,ZA,1564990310.93096
2013,WA,AT,5695147547.41583
2013,WA,AU,41081929086.0178
2013,WA,BE,12547077935.957
2013,WA,BG,993495122.498235
2013,WA,BR,12170940652.4933
2013,WA,CA,15127725345.2098
2013,WA,CH,15921020232.9541
2013,WA,CN,230035387915.753
2013,WA,CY,388819982.01794
2013,WA,CZ,2815026864.35312
2013,WA,DE,41154411065.3339
2013,WA,DK,3590060986.09914
2013,WA,EE,294967673.238786
2013,WA,ES,13278021891.6598
2013,WA,FI,3094986019.36309
2013,WA,FR,30850463822.2967
2013,WA,GB,39127685510.7443
2013,WA,GR,2921430873.86544
2013,WA,HR,1147130994.72411
2013,WA,HU,1709291218.95381
2013,WA,ID,45659692685.5873
2013,WA,IE,2579612668.27747
2013,WA,IN,42620711264.7067
2013,WA,IT,28503430218.5555
2013,WA,JP,67151272486.2884
2013,WA,KR,26988195101.6388
2013,WA,LT,429483081.46945
2013,WA,LU,1139583718.38054
2013,WA,LV,499876869.354416
2013,WA,MT,174242879.983433
2013,WA,MX,8576681167.55417
2013,WA,NL,17729478231.4685
2013,WA,NO,4266989937.0169
2013,WA,PL,6043084266.72529
2013,WA,PT,2416655033.01543
2013,WA,RO,3154808299.32073
2013,WA,RU,33989675108.5324
2013,WA,SE,5084758314.76046
2013,WA,SI,648491822.953262
2013,WA,SK,1151175840.423
2013,WA,TR,13570810008.2288
2013,WA,TW,4867968114.41259
2013,WA,US,138820660212.041
2013,WA,WA,1834553666734.35
2013,WA,WE,15681159907.2511
2013,WA,WF,39352383808.8014
2013,WA,WL,24510179935.1746
2013,WA,WM,91314301589.5964
2013,WA,ZA,7628888914.58105
2013,WE,AT,2111788789.58096
2013,WE,AU,1803196699.50059
2013,WE,BE,1850913443.15981
2013,WE,BG,2310979705.84688
2013,WE,BR,2322552469.59662
2013,WE,CA,2039653538.78509
2013,WE,CH,3750545585.97651
2013,WE,CN,11469133751.3154
2013,WE,CY,144277520.15985
2013,WE,CZ,3332665192.78838
2013,WE,DE,13598742715.9858
2013,WE,DK,830321095.288194
2013,WE,EE,200334635.342736
2013,WE,ES,2790242598.67149
2013,WE,FI,619541852.514301
2013,WE,FR,5679443634.00143
2013,WE,GB,6002912332.90685
2013,WE,GR,1762827037.50872
2013,WE,HR,4835722086.76508
2013,WE,HU,7408455949.27834
2013,WE,ID,2298052290.12588
2013,WE,IE,447376314.61306
2013,WE,IN,4971671376.82407
2013,WE,IT,8901697149.3926
2013,WE,JP,4108151380.5064
2013,WE,KR,2359600492.81019
2013,WE,LT,1573747939.45198
2013,WE,LU,222952310.459757
2013,WE,LV,364860818.101567
2013,WE,MT,130548756.265152
2013,WE,MX,1311982552.28852
2013,WE,NL,3984993469.82606
2013,WE,NO,1463955562.90395
2013,WE,PL,4562621529.26421
2013,WE,PT,678139506.3518
2013,WE,RO,3034215932.65486
2013,WE,RU,54047841534.3832
2013,WE,SE,1146798912.95679
2013,WE,SI,946560188.707934
2013,WE,SK,1152996579.53195
2013,WE,TR,10401280135.6068
2013,WE,TW,2395938614.86972
2013,WE,US,10391165506.8109
2013,WE,WA,24973619496.3939
2013,WE,WE,297893919527.848
2013,WE,WF,11077144150.2705
2013,WE,WL,4423340742.28884
2013,WE,WM,23994488275.3846
2013,WE,ZA,476070241.686734
2013,WF,AT,2020198517.37861
2013,WF,AU,4949860980.46524
2013,WF,BE,3997225186.64161
2013,WF,BG,279316614.985224
2013,WF,BR,16449036719.676
2013,WF,CA,5752783593.78204
2013,WF,CH,5173858942.88616
2013,WF,CN,76974223486.5985
2013,WF,CY,86307014.7191453
2013,WF,CZ,773621134.176363
2013,WF,DE,18827502314.9735
2013,WF,DK,1207477265.64041
2013,WF,EE,191583835.350661
2013,WF,ES,19459670707.5206
2013,WF,FI,745196463.483951
2013,WF,FR,20784920318.6129
2013,WF,GB,18894406527.5845
2013,WF,GR,1284497954.59759
2013,WF,HR,224087075.77261
2013,WF,HU,438415407.557644
2013,WF,ID,3742407540.56587
2013,WF,IE,1090816087.21417
2013,WF,IN,18489080106.5242
2013,WF,IT,22827765523.8309
2013,WF,JP,11555922343.0622
2013,WF,KR,4086468639.30277
2013,WF,LT,111212388.847231
2013,WF,LU,494850868.894211
2013,WF,LV,64888175.0418023
2013,WF,MT,263281042.00338
2013,WF,MX,2641282914.90234
2013,WF,NL,8413042929.34453
2013,WF,NO,2953861908.56126
2013,WF,PL,1742414273.21163
2013,WF,PT,4322536547.03257
2013,WF,RO,599908398.52402
2013,WF,RU,3556258809.47639
2013,WF,SE,1840544337.25825
2013,WF,SI,272796903.041705
2013,WF,SK,288004235.482805
2013,WF,TR,6237409259.20218
2013,WF,TW,3024251774.89971
2013,WF,US,43651121299.4217
2013,WF,WA,17569082912.2047
2013,WF,WE,2170434646.91255
2013,WF,WF,1638607997024.79
2013,WF,WL,10524484435.4607
2013,WF,WM,25793324105.5039
2013,WF,ZA,6162145796.92194
2013,WL,AT,853166811.704891
2013,WL,AU,2065040731.546
2013,WL,BE,2122530759.30536
2013,WL,BG,175131495.513999
2013,WL,BR,64158638878.0444
2013,WL,CA,5879051316.35737
2013,WL,CH,2588411689.39719
2013,WL,CN,48994400701.3052
2013,WL,CY,63105644.2828128
2013,WL,CZ,447443054.110432
2013,WL,DE,10581730989.3496
2013,WL,DK,922837486.459364
2013,WL,EE,65519715.2737487
2013,WL,ES,6189604117.62345
2013,WL,FI,542840639.802844
2013,WL,FR,5501170950.12503
2013,WL,GB,8524256678.43765
2013,WL,GR,480934671.159117
2013,WL,HR,191523328.011614
2013,WL,HU,234424892.57019
2013,WL,ID,1955652565.8552
2013,WL,IE,851715772.054519
2013,WL,IN,12136252255.3302
2013,WL,IT,4224405427.11552
2013,WL,JP,8618270744.4812
2013,WL,KR,4029739221.63373
2013,WL,LT,102871339.606553
2013,WL,LU,319985780.8009
2013,WL,LV,47973309.1203215
2013,WL,MT,25989095.4652577
2013,WL,MX,7596175658.1739
2013,WL,NL,7277682314.34224
2013,WL,NO,1080593180.66947
2013,WL,PL,878185924.140127
2013,WL,PT,1218913458.35719
2013,WL,RO,291306026.627247
2013,WL,RU,10632616678.1695
2013,WL,SE,1190471822.31263
2013,WL,SI,140550990.709343
2013,WL,SK,186178328.015976
2013,WL,TR,3837564820.86276
2013,WL,TW,2024993283.6543
2013,WL,US,90730034742.0676
2013,WL,WA,22925304631.9363
2013,WL,WE,1074136270.32753
2013,WL,WF,10191367949.878
2013,WL,WL,1038658420411.57
2013,WL,WM,18533076161.6606
2013,WL,ZA,602543141.709775
2013,WM,AT,2008653281.84456
2013,WM,AU,17485960605.5859
2013,WM,BE,11956674894.207
2013,WM,BG,1005520779.64878
2013,WM,BR,13200845251.0003
2013,WM,CA,8787386826.35093
2013,WM,CH,14734722080.1141
2013,WM,CN,160940492749.667
2013,WM,CY,903214429.202141
2013,WM,CZ,1035394236.93567
2013,WM,DE,18875548182.8313
2013,WM,DK,2110616771.21497
2013,WM,EE,145306591.711457
2013,WM,ES,10190033605.1658
2013,WM,FI,1783202033.69939
2013,WM,FR,21644497140.5575
2013,WM,GB,28523761514.895
2013,WM,GR,3478848690.20879
2013,WM,HR,252989600.928838
2013,WM,HU,855238464.371931
2013,WM,ID,24220038569.4083
2013,WM,IE,1381167062.26238
2013,WM,IN,110071465979.484
2013,WM,IT,15135850371.8575
2013,WM,JP,99890421035.4461
2013,WM,KR,50129004055.1442
2013,WM,LT,222236655.995691
2013,WM,LU,888281005.403626
2013,WM,LV,222158324.98623
2013,WM,MT,303447115.933426
2013,WM,MX,6792359945.20438
2013,WM,NL,12460492032.1232
2013,WM,NO,1910217685.92737
2013,WM,PL,2233977219.97015
2013,WM,PT,1471957830.18836
2013,WM,RO,1112997918.20035
2013,WM,RU,9343999256.26135
2013,WM,SE,2642248391.90711
2013,WM,SI,514951378.055817
2013,WM,SK,451275384.72049
2013,WM,TR,18796533210.4201
2013,WM,TW,4615751274.20283
2013,WM,US,179726450566.658
2013,WM,WA,182559696323.941
2013,WM,WE,3800324835.45545
2013,WM,WF,56833930268.8584
2013,WM,WL,14720638337.1295
2013,WM,WM,1585649498031.55
2013,WM,ZA,5789424318.81454
2013,ZA,AT,298566631.555302
2013,ZA,AU,1114387620.80995
2013,ZA,BE,930585271.717628
2013,ZA,BG,97241852.028392
2013,ZA,BR,1914185154.47118
2013,ZA,CA,901352856.562067
2013,ZA,CH,928842471.480182
2013,ZA,CN,8663123243.26782
2013,ZA,CY,20328670.7268892
2013,ZA,CZ,184714916.444488
2013,ZA,DE,2923583904.3656
2013,ZA,DK,185466016.149515
2013,ZA,EE,29690006.7030564
2013,ZA,ES,914270730.381195
2013,ZA,FI,186135470.238942
2013,ZA,FR,1699603233.28613
2013,ZA,GB,2694426302.43058
2013,ZA,GR,154272847.798579
2013,ZA,HR,41223737.7489362
2013,ZA,HU,103626599.633498
2013,ZA,ID,737527594.624047
2013,ZA,IE,244053263.909696
2013,ZA,IN,6702856198.6408
2013,ZA,IT,1430942095.14265
2013,ZA,JP,2439683964.04527
2013,ZA,KR,878492211.669863
2013,ZA,LT,35912670.1564227
2013,ZA,LU,80984161.6893117
2013,ZA,LV,17199140.2415923
2013,ZA,MT,10463989.3661374
2013,ZA,MX,726451150.313809
2013,ZA,NL,1933955320.13875
2013,ZA,NO,459534624.176565
2013,ZA,PL,352212239.444051
2013,ZA,PT,281210330.554616
2013,ZA,RO,211193348.4781
2013,ZA,RU,1208862142.67028
2013,ZA,SE,365169328.548145
2013,ZA,SI,47944090.1351362
2013,ZA,SK,76622016.3670831
2013,ZA,TR,1560859895.43761
2013,ZA,TW,1511468329.61586
2013,ZA,US,6726147738.57823
2013,ZA,WA,10116076829.1117
2013,ZA,WE,303727449.623149
2013,ZA,WF,40043185395.542
2013,ZA,WL,2130058326.43873
2013,ZA,WM,7188562636.25886
2013,ZA,ZA,380789466138.454
2014,AT,AT,50379730401.1441
2014,AT,AU,267382699.186974
2014,AT,BE,292733198.714602
2014,AT,BG,84560741.4216614
2014,AT,BR,290627355.537281
2014,AT,CA,373650569.262315
2014,AT,CH,797965336.771967
2014,AT,CN,1238974234.68362
2014,AT,CY,12720988.924357
2014,AT,CZ,409284349.974471
2014,AT,DE,4466107691.87674
2014,AT,DK,148233024.581535
2014,AT,EE,17772538.5312982
2014,AT,ES,405124839.426901
2014,AT,FI,120003501.70466
2014,AT,FR,1209745017.34239
2014,AT,GB,945615797.748697
2014,AT,GR,107251544.29859
2014,AT,HR,145927963.234898
2014,AT,HU,622494714.744747
2014,AT,ID,94609158.3671138
2014,AT,IE,114607098.575131
2014,AT,IN,277017543.60616
2014,AT,IT,1726647926.74391
2014,AT,JP,497714168.255157
2014,AT,KR,308093115.365441
2014,AT,LT,27590021.33912
2014,AT,LU,34712348.2329559
2014,AT,LV,12972449.7473247
2014,AT,MT,5791927.723205
2014,AT,MX,183970198.505696
2014,AT,NL,366427931.237346
2014,AT,NO,189325978.933782
2014,AT,PL,441462182.104641
2014,AT,PT,81443478.23631
2014,AT,RO,207129000.69163
2014,AT,RU,642208864.914599
2014,AT,SE,287504693.389466
2014,AT,SI,295501340.652078
2014,AT,SK,299393426.484034
2014,AT,TR,314707655.219728
2014,AT,TW,560018392.401814
2014,AT,US,1721500358.52177
2014,AT,WA,957021340.854022
2014,AT,WE,288420622.23856
2014,AT,WF,547474912.196846
2014,AT,WL,435957679.93187
2014,AT,WM,1192759559.69672
2014,AT,ZA,67410496.1822787
2014,AU,AT,413480212.899417
2014,AU,AU,394764799018.021
2014,AU,BE,726307019.623507
2014,AU,BG,78285283.9736537
2014,AU,BR,1705832259.43527
2014,AU,CA,2389154931.56873
2014,AU,CH,796918278.888316
2014,AU,CN,51156007486.1173
2014,AU,CY,31177940.9308092
2014,AU,CZ,492294442.836877
2014,AU,DE,2878322577.27599
2014,AU,DK,286549778.008516
2014,AU,EE,32211966.3085555
2014,AU,ES,909453977.037654
2014,AU,FI,272286049.884665
2014,AU,FR,2126510103.86167
2014,AU,GB,3426805074.9267
2014,AU,GR,185539044.910395
2014,AU,HR,42211448.6069623
2014,AU,HU,150877551.142477
2014,AU,ID,12996927849.906
2014,AU,IE,277322744.316188
2014,AU,IN,9272974652.03357
2014,AU,IT,2004073294.97279
2014,AU,JP,24719164800.6539
2014,AU,KR,11963382459.4525
2014,AU,LT,38790115.1909545
2014,AU,LU,89445181.3963024
2014,AU,LV,29846892.7010116
2014,AU,MT,18924608.1759716
2014,AU,MX,1030802420.21864
2014,AU,NL,1589286811.20708
2014,AU,NO,469803440.160684
2014,AU,PL,530432231.290096
2014,AU,PT,179976189.396964
2014,AU,RO,144869815.734504
2014,AU,RU,2656064734.69172
2014,AU,SE,474707290.26086
2014,AU,SI,58733975.9624999
2014,AU,SK,134437127.914484
2014,AU,TR,994262534.642009
2014,AU,TW,1394926234.39088
2014,AU,US,26735260335.1194
2014,AU,WA,35411239627.1257
2014,AU,WE,431026774.223338
2014,AU,WF,3486781902.10315
2014,AU,WL,2466348572.06244
2014,AU,WM,15326702641.2914
2014,AU,ZA,368048069.207813
2014,BE,AT,410303848.546974
2014,BE,AU,463024659.404293
2014,BE,BE,65858142972.5314
2014,BE,BG,67866564.7427627
2014,BE,BR,638848648.385668
2014,BE,CA,619776029.115436
2014,BE,CH,809522011.672852
2014,BE,CN,2678485404.44441
2014,BE,CY,28155180.2164282
2014,BE,CZ,310621998.87123
2014,BE,DE,5299391519.00277
2014,BE,DK,366936380.676326
2014,BE,EE,31195926.995688
2014,BE,ES,1054591009.79996
2014,BE,FI,367560866.314323
2014,BE,FR,5071383562.12736
2014,BE,GB,3040407352.33098
2014,BE,GR,221590333.526403
2014,BE,HR,47798258.8468086
2014,BE,HU,160729845.326225
2014,BE,ID,251112304.135267
2014,BE,IE,342107687.073984
2014,BE,IN,726789112.07366
2014,BE,IT,1504639460.15673
2014,BE,JP,1126125813.76272
2014,BE,KR,594678100.089901
2014,BE,LT,51904806.8642205
2014,BE,LU,180608851.630098
2014,BE,LV,24419430.4921242
2014,BE,MT,9949707.16050632
2014,BE,MX,393818427.914844
2014,BE,NL,2311416045.61257
2014,BE,NO,385587720.98429
2014,BE,PL,635875061.048491
2014,BE,PT,200351680.092868
2014,BE,RO,155312246.994496
2014,BE,RU,914571179.965569
2014,BE,SE,1055450779.34233
2014,BE,SI,52298034.2003071
2014,BE,SK,100970983.444901
2014,BE,TR,610848773.135103
2014,BE,TW,1010949596.43931
2014,BE,US,3588410138.04711
2014,BE,WA,1874486904.56222
2014,BE,WE,343629175.113175
2014,BE,WF,1432946050.1732
2014,BE,WL,934723899.800974
2014,BE,WM,1911574927.66636
2014,BE,ZA,184116901.607763
2014,BG,AT,263484117.981785
2014,BG,AU,160820384.861876
2014,BG,BE,327318991.470047
2014,BG,BG,26240843066.4291
2014,BG,BR,178424857.001733
2014,BG,CA,200706755.717855
2014,BG,CH,245483039.732758
2014,BG,CN,1231364327.18399
2014,BG,CY,146664068.948217
2014,BG,CZ,620570072.835375
2014,BG,DE,1894454345.14584
2014,BG,DK,163772905.633185
2014,BG,EE,22576690.0157673
2014,BG,ES,522545072.619347
2014,BG,FI,111800050.929834
2014,BG,FR,964031499.19135
2014,BG,GB,793493605.931535
2014,BG,GR,2202181227.37147
2014,BG,HR,75696916.5126869
2014,BG,HU,143148545.883032
2014,BG,ID,110049414.704947
2014,BG,IE,136032761.544201
2014,BG,IN,236625175.886601
2014,BG,IT,1074779635.83266
2014,BG,JP,291077506.639292
2014,BG,KR,253268100.158895
2014,BG,LT,36157570.5972003
2014,BG,LU,64286630.483584
2014,BG,LV,15550112.2964392
2014,BG,MT,8199225.94758609
2014,BG,MX,142634694.79331
2014,BG,NL,279755554.025764
2014,BG,NO,174638847.753152
2014,BG,PL,358384483.537284
2014,BG,PT,177135613.657938
2014,BG,RO,1099883778.54176
2014,BG,RU,579555267.503302
2014,BG,SE,193757396.294998
2014,BG,SI,506478836.087704
2014,BG,SK,139637812.085401
2014,BG,TR,3501952361.73567
2014,BG,TW,898584210.445508
2014,BG,US,942425229.870761
2014,BG,WA,1354762090.0081
2014,BG,WE,1246220937.17798
2014,BG,WF,964552804.980099
2014,BG,WL,280605635.30125
2014,BG,WM,1825350315.84342
2014,BG,ZA,46862249.7110811
2014,BR,AT,462713227.547596
2014,BR,AU,979389572.503219
2014,BR,BE,1508472421.40317
2014,BR,BG,107392783.386812
2014,BR,BR,955391157006.453
2014,BR,CA,2226432911.66842
2014,BR,CH,1136607155.86895
2014,BR,CN,28735294805.0088
2014,BR,CY,33521757.1710097
2014,BR,CZ,229808716.968291
2014,BR,DE,4954007973.27076
2014,BR,DK,347632160.25743
2014,BR,EE,44162251.7472394
2014,BR,ES,1975366398.85578
2014,BR,FI,491955473.620356
2014,BR,FR,2341311358.65084
2014,BR,GB,3368132114.51732
2014,BR,GR,258892637.548796
2014,BR,HR,50977403.5493655
2014,BR,HU,162393591.804023
2014,BR,ID,1258212771.44797
2014,BR,IE,309597146.286935
2014,BR,IN,2864949072.81729
2014,BR,IT,3027304857.82279
2014,BR,JP,5125220446.37086
2014,BR,KR,2733932609.56016
2014,BR,LT,62674172.6545371
2014,BR,LU,189674334.834061
2014,BR,LV,35502671.125427
2014,BR,MT,29696895.3216098
2014,BR,MX,2156897638.36103
2014,BR,NL,2665307521.00537
2014,BR,NO,859328712.403626
2014,BR,PL,548242810.633218
2014,BR,PT,505321996.4038
2014,BR,RO,182823634.613074
2014,BR,RU,15478831330.2907
2014,BR,SE,798775134.384595
2014,BR,SI,108186049.802787
2014,BR,SK,133232916.733806
2014,BR,TR,1251911375.9163
2014,BR,TW,1818449446.50835
2014,BR,US,20566707820.8307
2014,BR,WA,31028899252.1156
2014,BR,WE,706340394.189586
2014,BR,WF,6481838686.51775
2014,BR,WL,44288254178.2644
2014,BR,WM,27234711092.078
2014,BR,ZA,264808614.350507
2014,CA,AT,576378283.675311
2014,CA,AU,1748547418.39816
2014,CA,BE,1501837132.71998
2014,CA,BG,87632468.4870296
2014,CA,BR,4224491880.35987
2014,CA,CA,405380316850.511
2014,CA,CH,1338788305.01452
2014,CA,CN,21656747420.0627
2014,CA,CY,42272644.2491018
2014,CA,CZ,312584523.956717
2014,CA,DE,4729499106.23296
2014,CA,DK,441105649.107834
2014,CA,EE,39612382.7140469
2014,CA,ES,1635753426.0791
2014,CA,FI,484165058.336133
2014,CA,FR,4111937029.65126
2014,CA,GB,5177240882.57816
2014,CA,GR,284237932.709406
2014,CA,HR,58908763.6459403
2014,CA,HU,204435849.963941
2014,CA,ID,1500371218.91762
2014,CA,IE,710364393.075201
2014,CA,IN,3212540706.36297
2014,CA,IT,3072074227.08792
2014,CA,JP,9509827642.81874
2014,CA,KR,3498212385.55543
2014,CA,LT,57717612.823481
2014,CA,LU,172174853.35926
2014,CA,LV,29577677.4395476
2014,CA,MT,57606447.3446388
2014,CA,MX,10965400236.2107
2014,CA,NL,1892081620.07917
2014,CA,NO,892078957.35881
2014,CA,PL,608534756.208539
2014,CA,PT,342031067.422171
2014,CA,RO,186284191.544856
2014,CA,RU,2077112695.50493
2014,CA,SE,749688091.922334
2014,CA,SI,76668399.3581493
2014,CA,SK,133971498.05707
2014,CA,TR,1384045492.05187
2014,CA,TW,2804730208.04978
2014,CA,US,194990002837.423
2014,CA,WA,12615916850.8599
2014,CA,WE,793092197.367091
2014,CA,WF,5328818785.86369
2014,CA,WL,16419788103.2716
2014,CA,WM,7028644568.21862
2014,CA,ZA,342086526.177755
2014,CH,AT,455365004.717526
2014,CH,AU,508884869.113886
2014,CH,BE,611740105.417002
2014,CH,BG,30833775.3949307
2014,CH,BR,639532866.742004
2014,CH,CA,585539611.901993
2014,CH,CH,36902044296.993
2014,CH,CN,2643595450.00632
2014,CH,CY,27873018.9995284
2014,CH,CZ,118869629.592827
2014,CH,DE,2862925267.90693
2014,CH,DK,304858378.741935
2014,CH,EE,16620292.9662282
2014,CH,ES,578124635.086857
2014,CH,FI,243499431.46929
2014,CH,FR,1840020687.14275
2014,CH,GB,1227174230.67632
2014,CH,GR,166600158.487467
2014,CH,HR,25453670.6025887
2014,CH,HU,94128155.7163425
2014,CH,ID,198778388.716611
2014,CH,IE,230185937.33487
2014,CH,IN,596323079.92063
2014,CH,IT,1207787792.94129
2014,CH,JP,1351847447.31528
2014,CH,KR,650135558.49271
2014,CH,LT,22378843.5673976
2014,CH,LU,43716426.1872121
2014,CH,LV,12868080.3860477
2014,CH,MT,5832279.2149466
2014,CH,MX,492282611.327398
2014,CH,NL,442336672.301847
2014,CH,NO,240844624.366295
2014,CH,PL,219695518.864575
2014,CH,PT,127998008.88369
2014,CH,RO,71849357.460875
2014,CH,RU,612200611.552858
2014,CH,SE,317991667.04497
2014,CH,SI,30017718.8975591
2014,CH,SK,52719775.3604551
2014,CH,TR,349639584.408365
2014,CH,TW,789672030.272591
2014,CH,US,2960484315.11706
2014,CH,WA,1391177409.35097
2014,CH,WE,314785934.728481
2014,CH,WF,962290903.765257
2014,CH,WL,672471203.916306
2014,CH,WM,1378587573.25666
2014,CH,ZA,205032716.531885
2014,CN,AT,5535109421.02865
2014,CN,AU,47040291181.6772
2014,CN,BE,14547246303.508
2014,CN,BG,1407514026.90272
2014,CN,BR,45456557122.7261
2014,CN,CA,41039929597.6484
2014,CN,CH,12321129747.0738
2014,CN,CN,9387432896822.54
2014,CN,CY,455188694.015969
2014,CN,CZ,6035402649.54852
2014,CN,DE,90728926437.3679
2014,CN,DK,6109553260.74484
2014,CN,EE,668451568.174961
2014,CN,ES,20378723812.916
2014,CN,FI,4681749685.45074
2014,CN,FR,46679071157.4242
2014,CN,GB,69853656447.2434
2014,CN,GR,4177383257.32757
2014,CN,HR,834915292.183418
2014,CN,HU,2898771998.14682
2014,CN,ID,30889744685.6087
2014,CN,IE,5194108365.39464
2014,CN,IN,75888871247.9487
2014,CN,IT,27081291695.4408
2014,CN,JP,143864770719.027
2014,CN,KR,83147056915.5781
2014,CN,LT,806920149.29977
2014,CN,LU,1144645008.1551
2014,CN,LV,395632014.877307
2014,CN,MT,797786101.213766
2014,CN,MX,35621519672.9002
2014,CN,NL,30815742630.2327
2014,CN,NO,8563851690.87682
2014,CN,PL,13205015862.4403
2014,CN,PT,2940861292.35099
2014,CN,RO,3048820192.71969
2014,CN,RU,55845880853.3657
2014,CN,SE,9105365653.41137
2014,CN,SI,1117522814.9988
2014,CN,SK,2420733317.04763
2014,CN,TR,28520757369.0079
2014,CN,TW,7721355968.07848
2014,CN,US,445501736146.924
2014,CN,WA,744021176576.238
2014,CN,WE,9971833876.18722
2014,CN,WF,105236971372.336
2014,CN,WL,132063879169.985
2014,CN,WM,213619426896.15
2014,CN,ZA,4558135745.87313
2014,CY,AT,37818732.1757682
2014,CY,AU,67642406.7293078
2014,CY,BE,55166460.7307036
2014,CY,BG,15911699.1395787
2014,CY,BR,70441419.3553679
2014,CY,CA,59855815.3155004
2014,CY,CH,61782148.8463966
2014,CY,CN,194568595.823664
2014,CY,CY,9022883814.20666
2014,CY,CZ,22160233.719487
2014,CY,DE,109346689.448255
2014,CY,DK,30373332.7963822
2014,CY,EE,6426239.16146869
2014,CY,ES,60088714.7994391
2014,CY,FI,47356105.806033
2014,CY,FR,108634203.831651
2014,CY,GB,152960468.882918
2014,CY,GR,101763358.661119
2014,CY,HR,8674733.64415855
2014,CY,HU,21746990.414819
2014,CY,ID,40017557.0679083
2014,CY,IE,36514638.1266334
2014,CY,IN,84899401.2145617
2014,CY,IT,73687976.8973085
2014,CY,JP,94808806.3132417
2014,CY,KR,62485838.8693678
2014,CY,LT,5473347.10478759
2014,CY,LU,6421161.73002649
2014,CY,LV,4905283.36845812
2014,CY,MT,2203654.30674221
2014,CY,MX,58602534.5128697
2014,CY,NL,42605670.9729002
2014,CY,NO,61901521.7237668
2014,CY,PL,40569493.0884533
2014,CY,PT,30490278.4755349
2014,CY,RO,26293058.7398735
2014,CY,RU,75663911.3521502
2014,CY,SE,54073123.1308772
2014,CY,SI,7079397.31780016
2014,CY,SK,16011327.318712
2014,CY,TR,89511989.5357642
2014,CY,TW,641564814.934917
2014,CY,US,162489691.307082
2014,CY,WA,162501708.22497
2014,CY,WE,34365604.5121667
2014,CY,WF,124327341.457202
2014,CY,WL,70673874.2407923
2014,CY,WM,681404182.622117
2014,CY,ZA,16632246.4604346
2014,CZ,AT,2143042244.66455
2014,CZ,AU,471413250.590907
2014,CZ,BE,789118788.469831
2014,CZ,BG,374469435.739559
2014,CZ,BR,423634898.554721
2014,CZ,CA,524929213.948889
2014,CZ,CH,919411619.449696
2014,CZ,CN,2413285424.00775
2014,CZ,CY,21257153.5070923
2014,CZ,CZ,61818336888.9196
2014,CZ,DE,12929593984.2507
2014,CZ,DK,437320634.648534
2014,CZ,EE,65119984.2883999
2014,CZ,ES,955345907.607149
2014,CZ,FI,330512487.764547
2014,CZ,FR,2898994494.11488
2014,CZ,GB,3146266875.02614
2014,CZ,GR,287440436.522528
2014,CZ,HR,392598022.422282
2014,CZ,HU,840249781.945543
2014,CZ,ID,176837944.500543
2014,CZ,IE,281980662.317818
2014,CZ,IN,465824960.246015
2014,CZ,IT,2960386524.74466
2014,CZ,JP,700432758.020763
2014,CZ,KR,430754776.274121
2014,CZ,LT,100198899.597879
2014,CZ,LU,111838855.539147
2014,CZ,LV,40437368.7537922
2014,CZ,MT,7926978.9376067
2014,CZ,MX,396741470.838833
2014,CZ,NL,810312269.446447
2014,CZ,NO,530972600.917666
2014,CZ,PL,2444004543.72643
2014,CZ,PT,208697739.734199
2014,CZ,RO,508006996.478671
2014,CZ,RU,2002327147.17174
2014,CZ,SE,779864649.970986
2014,CZ,SI,235907301.555544
2014,CZ,SK,3415565054.10541
2014,CZ,TR,997019819.746694
2014,CZ,TW,1188109031.19842
2014,CZ,US,2830098455.52235
2014,CZ,WA,1715335730.3333
2014,CZ,WE,666817862.241822
2014,CZ,WF,924160706.460591
2014,CZ,WL,712701492.950037
2014,CZ,WM,2181361853.21516
2014,CZ,ZA,110882075.96
2014,DE,AT,11494806903.6766
2014,DE,AU,2531164609.8706
2014,DE,BE,7174847545.2174
2014,DE,BG,727736682.605275
2014,DE,BR,3772570997.06916
2014,DE,CA,3527223858.34409
2014,DE,CH,10765203438.4522
2014,DE,CN,39157826902.4656
2014,DE,CY,103168513.084883
2014,DE,CZ,4572278625.03849
2014,DE,DE,637017278432.498
2014,DE,DK,3751922332.18997
2014,DE,EE,241682287.97212
2014,DE,ES,6435832457.77615
2014,DE,FI,1707979815.27701
2014,DE,FR,21939125491.8947
2014,DE,GB,17422137103.5275
2014,DE,GR,1289185605.42885
2014,DE,HR,444405039.725687
2014,DE,HU,1758884593.12259
2014,DE,ID,983144571.216465
2014,DE,IE,1521303639.61589
2014,DE,IN,3603962121.68753
2014,DE,IT,14057791811.7563
2014,DE,JP,10078616289.428
2014,DE,KR,4685044420.97647
2014,DE,LT,378975667.893622
2014,DE,LU,775106097.907159
2014,DE,LV,166390134.722527
2014,DE,MT,51431974.4402816
2014,DE,MX,2892766111.52719
2014,DE,NL,11776430389.9188
2014,DE,NO,2643525288.93397
2014,DE,PL,9415348001.332
2014,DE,PT,1445582709.94358
2014,DE,RO,1537625904.40056
2014,DE,RU,7718500992.47868
2014,DE,SE,4508403981.66938
2014,DE,SI,585631855.538473
2014,DE,SK,1352648275.53755
2014,DE,TR,4288709439.51457
2014,DE,TW,2836942725.25288
2014,DE,US,40017122704.0419
2014,DE,WA,14874022551.0517
2014,DE,WE,2475722592.38832
2014,DE,WF,7064667285.56976
2014,DE,WL,6159949006.9456
2014,DE,WM,15194503327.6496
2014,DE,ZA,882170337.544006
2014,DK,AT,228216123.294201
2014,DK,AU,498807033.499928
2014,DK,BE,560015581.959651
2014,DK,BG,49475214.1446922
2014,DK,BR,597394779.049721
2014,DK,CA,444326283.026752
2014,DK,CH,536370969.150649
2014,DK,CN,11122747427.44
2014,DK,CY,21621346.1064636
2014,DK,CZ,138394284.497979
2014,DK,DE,5072933324.50867
2014,DK,DK,27441768640.6631
2014,DK,EE,40822123.1563469
2014,DK,ES,640449071.782398
2014,DK,FI,480091574.558367
2014,DK,FR,1786663044.00883
2014,DK,GB,2363942493.12808
2014,DK,GR,210773313.332582
2014,DK,HR,33732676.5365804
2014,DK,HU,104679633.059507
2014,DK,ID,185999842.217125
2014,DK,IE,208766677.729337
2014,DK,IN,581178225.972372
2014,DK,IT,869880785.07828
2014,DK,JP,3249885179.90811
2014,DK,KR,1064021206.25023
2014,DK,LT,53078821.0740695
2014,DK,LU,39862386.0881215
2014,DK,LV,26348920.4470135
2014,DK,MT,11158636.0654131
2014,DK,MX,495770697.347436
2014,DK,NL,620023652.852961
2014,DK,NO,1241993958.0667
2014,DK,PL,588440247.355463
2014,DK,PT,125210503.789677
2014,DK,RO,99977238.5241752
2014,DK,RU,785930707.643511
2014,DK,SE,2298017619.90567
2014,DK,SI,23822751.3598836
2014,DK,SK,64414978.4044402
2014,DK,TR,299594522.389828
2014,DK,TW,1041902785.08172
2014,DK,US,4776571658.28955
2014,DK,WA,2311940929.10118
2014,DK,WE,218528667.271637
2014,DK,WF,712424190.106371
2014,DK,WL,963161129.528124
2014,DK,WM,1834383095.47646
2014,DK,ZA,76865902.5355893
2014,EE,AT,56873765.0179775
2014,EE,AU,82616314.7848163
2014,EE,BE,103111184.129015
2014,EE,BG,21105019.6907432
2014,EE,BR,80977209.1977863
2014,EE,CA,90029717.836173
2014,EE,CH,82012958.9921793
2014,EE,CN,298759277.812188
2014,EE,CY,10132475.349645
2014,EE,CZ,43830898.0227554
2014,EE,DE,403902815.505673
2014,EE,DK,142641983.131342
2014,EE,EE,8281548477.70154
2014,EE,ES,269389987.605154
2014,EE,FI,490788093.457241
2014,EE,FR,212002593.127209
2014,EE,GB,243928506.758983
2014,EE,GR,41297495.6027531
2014,EE,HR,15087263.4450176
2014,EE,HU,37551932.0075551
2014,EE,ID,42514376.95431
2014,EE,IE,46409976.214152
2014,EE,IN,111326821.322138
2014,EE,IT,147780046.385984
2014,EE,JP,135072071.55358
2014,EE,KR,104678507.608215
2014,EE,LT,197079588.833068
2014,EE,LU,15663197.1732476
2014,EE,LV,2477839097.2079
2014,EE,MT,4283549.6511856
2014,EE,MX,59925725.2968262
2014,EE,NL,122217731.161097
2014,EE,NO,308842653.465818
2014,EE,PL,129039710.882728
2014,EE,PT,46379649.9502363
2014,EE,RO,34793775.6881159
2014,EE,RU,822036399.240303
2014,EE,SE,345517596.192177
2014,EE,SI,12906997.9767311
2014,EE,SK,35409664.8354214
2014,EE,TR,104625479.413413
2014,EE,TW,610898074.895486
2014,EE,US,417892822.783374
2014,EE,WA,336957189.88017
2014,EE,WE,98370282.7839991
2014,EE,WF,283490659.088226
2014,EE,WL,109773302.046589
2014,EE,WM,399829970.331489
2014,EE,ZA,30002335.5527239
2014,ES,AT,502030758.851756
2014,ES,AU,768525404.844311
2014,ES,BE,1210448374.60385
2014,ES,BG,217846598.348772
2014,ES,BR,1457290652.04536
2014,ES,CA,1026010116.82798
2014,ES,CH,994092367.21653
2014,ES,CN,5021311795.74206
2014,ES,CY,43350796.2855425
2014,ES,CZ,351779972.928912
2014,ES,DE,6819923137.11705
2014,ES,DK,416954965.974437
2014,ES,EE,40130172.5240454
2014,ES,ES,239268121886.052
2014,ES,FI,333140545.771546
2014,ES,FR,10053715749.5502
2014,ES,GB,5621721193.628
2014,ES,GR,585350102.992995
2014,ES,HR,70132109.3813039
2014,ES,HU,222977952.912336
2014,ES,ID,269710722.655446
2014,ES,IE,409260492.413056
2014,ES,IN,970842200.688897
2014,ES,IT,4119425444.32151
2014,ES,JP,2121297009.8635
2014,ES,KR,1164055895.56242
2014,ES,LT,83142009.7697449
2014,ES,LU,109119063.484512
2014,ES,LV,30358723.7240231
2014,ES,MT,30498569.2726936
2014,ES,MX,1064485131.1645
2014,ES,NL,1144804271.70526
2014,ES,NO,576561647.958312
2014,ES,PL,887226209.13412
2014,ES,PT,4064568317.33412
2014,ES,RO,315765792.871576
2014,ES,RU,1944857513.69627
2014,ES,SE,827294182.330888
2014,ES,SI,167750311.818961
2014,ES,SK,157801731.317423
2014,ES,TR,1419633986.50648
2014,ES,TW,1516851754.72565
2014,ES,US,9260006241.98171
2014,ES,WA,3529604429.16091
2014,ES,WE,779337782.944501
2014,ES,WF,6886339618.85711
2014,ES,WL,3422014621.00426
2014,ES,WM,5031544945.6906
2014,ES,ZA,163423896.466672
2014,FI,AT,145194174.747424
2014,FI,AU,261096872.790334
2014,FI,BE,433721989.367973
2014,FI,BG,30887647.3781161
2014,FI,BR,320875119.385537
2014,FI,CA,411070783.226101
2014,FI,CH,296428486.680286
2014,FI,CN,1705149422.50098
2014,FI,CY,14946208.548199
2014,FI,CZ,100803821.515271
2014,FI,DE,1582852424.4191
2014,FI,DK,236457614.643898
2014,FI,EE,350555114.72918
2014,FI,ES,347917674.001412
2014,FI,FI,41634469545.8931
2014,FI,FR,756660281.808703
2014,FI,GB,1318088347.73175
2014,FI,GR,98738153.1362311
2014,FI,HR,19047398.7724908
2014,FI,HU,82862392.1586645
2014,FI,ID,120414651.549226
2014,FI,IE,180762024.459215
2014,FI,IN,319706978.98499
2014,FI,IT,474854012.079946
2014,FI,JP,566994632.560086
2014,FI,KR,323563643.885932
2014,FI,LT,71464484.7211068
2014,FI,LU,37265657.0847134
2014,FI,LV,99494755.0590812
2014,FI,MT,6892962.59828624
2014,FI,MX,334669581.138848
2014,FI,NL,433216433.296764
2014,FI,NO,469200369.577383
2014,FI,PL,314415623.260907
2014,FI,PT,95415050.8469245
2014,FI,RO,75798243.7325099
2014,FI,RU,1401868546.39561
2014,FI,SE,1680084279.60928
2014,FI,SI,19957345.8118685
2014,FI,SK,51260628.4114457
2014,FI,TR,317239404.309657
2014,FI,TW,1216459743.76565
2014,FI,US,1821499928.84654
2014,FI,WA,1124980059.21874
2014,FI,WE,200514709.302376
2014,FI,WF,656022120.949309
2014,FI,WL,553643134.131318
2014,FI,WM,1120805902.02559
2014,FI,ZA,66814529.4620997
2014,FR,AT,1020842362.27255
2014,FR,AU,1204727966.89729
2014,FR,BE,4762971178.55067
2014,FR,BG,206805117.322053
2014,FR,BR,1700526579.17485
2014,FR,CA,1646740724.88947
2014,FR,CH,2710238865.84799
2014,FR,CN,11059550837.8957
2014,FR,CY,81176215.8005958
2014,FR,CZ,637302736.300591
2014,FR,DE,14710226788.8207
2014,FR,DK,832016283.894011
2014,FR,EE,58738769.9984782
2014,FR,ES,6663692613.53287
2014,FR,FI,553926633.322295
2014,FR,FR,307131646048.66
2014,FR,GB,9489863812.48839
2014,FR,GR,1096680906.49049
2014,FR,HR,100821219.612661
2014,FR,HU,477978522.383709
2014,FR,ID,510717791.63772
2014,FR,IE,897936699.211074
2014,FR,IN,1491332437.12527
2014,FR,IT,11046721340.5313
2014,FR,JP,4173710407.28299
2014,FR,KR,2051767073.28722
2014,FR,LT,93226648.9468228
2014,FR,LU,611977808.145653
2014,FR,LV,42656048.3888801
2014,FR,MT,29042109.7588714
2014,FR,MX,1116891341.99101
2014,FR,NL,3112059695.30067
2014,FR,NO,799066636.742023
2014,FR,PL,1347932979.47424
2014,FR,PT,985410884.845355
2014,FR,RO,525981110.724796
2014,FR,RU,2684602989.52893
2014,FR,SE,1297437984.90282
2014,FR,SI,109737849.427981
2014,FR,SK,268878600.348575
2014,FR,TR,1744577731.63653
2014,FR,TW,1658038213.86381
2014,FR,US,15278002077.2328
2014,FR,WA,6587677904.1058
2014,FR,WE,774073476.352394
2014,FR,WF,8879667836.3311
2014,FR,WL,2549954178.68362
2014,FR,WM,7313137187.44988
2014,FR,ZA,319182469.15799
2014,GB,AT,734954816.7816
2014,GB,AU,1780756896.0894
2014,GB,BE,3222792202.72228
2014,GB,BG,166358475.505308
2014,GB,BR,2177832935.06656
2014,GB,CA,2332537337.73796
2014,GB,CH,2041354707.65788
2014,GB,CN,14032760994.901
2014,GB,CY,88054548.6515865
2014,GB,CZ,488389930.971655
2014,GB,DE,11212797697.9988
2014,GB,DK,1194123688.04015
2014,GB,EE,81630914.8081664
2014,GB,ES,3464299808.16198
2014,GB,FI,742166385.421192
2014,GB,FR,9002224551.92419
2014,GB,GB,402654692251.173
2014,GB,GR,579821719.53868
2014,GB,HR,76352367.0223722
2014,GB,HU,311745844.982523
2014,GB,ID,569443146.540939
2014,GB,IE,6425565908.76534
2014,GB,IN,2397756049.39799
2014,GB,IT,3597442500.94478
2014,GB,JP,5758522339.75136
2014,GB,KR,2740925124.86958
2014,GB,LT,98267920.3186592
2014,GB,LU,394106095.235812
2014,GB,LV,59776269.3028131
2014,GB,MT,41169345.0374738
2014,GB,MX,1577549847.42092
2014,GB,NL,3239508352.06865
2014,GB,NO,1446462179.59255
2014,GB,PL,1138623046.51116
2014,GB,PT,656396879.218239
2014,GB,RO,292996720.042818
2014,GB,RU,3078193187.65633
2014,GB,SE,1945667568.43506
2014,GB,SI,99093276.8726812
2014,GB,SK,183030390.734917
2014,GB,TR,2489821584.06908
2014,GB,TW,2287174014.93509
2014,GB,US,26309988985.6125
2014,GB,WA,9428443962.50071
2014,GB,WE,1166661827.28558
2014,GB,WF,4710899585.99343
2014,GB,WL,3614287578.84182
2014,GB,WM,8877618013.13235
2014,GB,ZA,716888998.225475
2014,GR,AT,314893877.838958
2014,GR,AU,666971208.055614
2014,GR,BE,728152380.334507
2014,GR,BG,701635111.138042
2014,GR,BR,1047342463.14146
2014,GR,CA,588411786.529408
2014,GR,CH,789881147.420801
2014,GR,CN,6667435459.16471
2014,GR,CY,309496184.173321
2014,GR,CZ,205019782.481767
2014,GR,DE,3072701072.35855
2014,GR,DK,428669191.550609
2014,GR,EE,25199019.2177431
2014,GR,ES,784606616.832553
2014,GR,FI,296828479.576081
2014,GR,FR,2330441102.91626
2014,GR,GB,2207067498.48261
2014,GR,GR,102899774717.17
2014,GR,HR,81502467.9566563
2014,GR,HU,140860212.582189
2014,GR,ID,300908104.893161
2014,GR,IE,167013245.001062
2014,GR,IN,1057571139.28323
2014,GR,IT,2331433865.83672
2014,GR,JP,2649038682.35767
2014,GR,KR,1492939019.77477
2014,GR,LT,45832778.3577121
2014,GR,LU,44009529.8852807
2014,GR,LV,19447497.2507269
2014,GR,MT,35797379.9685615
2014,GR,MX,781629526.669286
2014,GR,NL,479840838.695706
2014,GR,NO,341056035.747871
2014,GR,PL,427211781.162067
2014,GR,PT,177803457.140382
2014,GR,RO,406557251.880146
2014,GR,RU,1023189700.77195
2014,GR,SE,434866485.849387
2014,GR,SI,125514994.211042
2014,GR,SK,104918803.329613
2014,GR,TR,3594347452.78681
2014,GR,TW,2761577389.191
2014,GR,US,5147912510.17254
2014,GR,WA,2693973768.13571
2014,GR,WE,1166163953.32692
2014,GR,WF,2607812730.07992
2014,GR,WL,932750041.918664
2014,GR,WM,4365094581.77365
2014,GR,ZA,110494683.047974
2014,HR,AT,131605189.264831
2014,HR,AU,60636221.8078493
2014,HR,BE,88298636.3097092
2014,HR,BG,22546425.5765118
2014,HR,BR,72969592.2794947
2014,HR,CA,68529495.1104302
2014,HR,CH,108423390.726989
2014,HR,CN,230295389.13151
2014,HR,CY,5644069.55791293
2014,HR,CZ,115070366.178851
2014,HR,DE,418436592.033568
2014,HR,DK,42062744.7219841
2014,HR,EE,6365696.88920145
2014,HR,ES,74592054.2853403
2014,HR,FI,37579090.0814907
2014,HR,FR,180814856.628465
2014,HR,GB,160450120.205321
2014,HR,GR,59858053.9291807
2014,HR,HR,16141863125.332
2014,HR,HU,208884814.757566
2014,HR,ID,29296828.061092
2014,HR,IE,28173775.2947603
2014,HR,IN,77997792.4808338
2014,HR,IT,429238685.834238
2014,HR,JP,114124779.329418
2014,HR,KR,62719108.3662394
2014,HR,LT,7653380.06281031
2014,HR,LU,9900310.00610391
2014,HR,LV,4529664.21192228
2014,HR,MT,12998655.0667784
2014,HR,MX,60297083.6033507
2014,HR,NL,59613845.6717695
2014,HR,NO,67315274.0179859
2014,HR,PL,74768124.4418811
2014,HR,PT,27811211.5489014
2014,HR,RO,51498391.505723
2014,HR,RU,200548034.449175
2014,HR,SE,63355478.5911511
2014,HR,SI,414442418.350434
2014,HR,SK,39888438.1007365
2014,HR,TR,115795016.689576
2014,HR,TW,570689956.328054
2014,HR,US,283049249.295545
2014,HR,WA,181742013.355091
2014,HR,WE,585924435.231808
2014,HR,WF,172423440.044934
2014,HR,WL,86072683.2629372
2014,HR,WM,280036617.195248
2014,HR,ZA,14226067.3699132
2014,HU,AT,1187068721.53607
2014,HU,AU,231545323.412894
2014,HU,BE,306612352.978133
2014,HU,BG,183690736.230698
2014,HU,BR,237577704.456948
2014,HU,CA,294868966.550417
2014,HU,CH,358069365.438745
2014,HU,CN,1046654490.91765
2014,HU,CY,22031166.5137194
2014,HU,CZ,457354427.926659
2014,HU,DE,3426112100.14744
2014,HU,DK,173023743.309633
2014,HU,EE,28116937.2721945
2014,HU,ES,440690641.794053
2014,HU,FI,127460475.07423
2014,HU,FR,1054971701.10303
2014,HU,GB,986229344.751864
2014,HU,GR,190379097.231891
2014,HU,HR,626842582.570298
2014,HU,HU,33695758797.9463
2014,HU,ID,107264369.092028
2014,HU,IE,110427772.742157
2014,HU,IN,224685414.196622
2014,HU,IT,1212329762.50186
2014,HU,JP,416857258.458721
2014,HU,KR,240847941.545659
2014,HU,LT,53041849.4073979
2014,HU,LU,43467350.1345074
2014,HU,LV,23368916.5254328
2014,HU,MT,6276800.05036456
2014,HU,MX,185562676.044476
2014,HU,NL,377478839.59413
2014,HU,NO,213989951.487184
2014,HU,PL,709259326.299179
2014,HU,PT,107129771.462986
2014,HU,RO,1154258451.83443
2014,HU,RU,832944271.188382
2014,HU,SE,278351469.857696
2014,HU,SI,197956860.163761
2014,HU,SK,547742156.457222
2014,HU,TR,439727852.83427
2014,HU,TW,913255797.829109
2014,HU,US,1197387679.58909
2014,HU,WA,860604501.421691
2014,HU,WE,1204214954.06634
2014,HU,WF,442291630.827634
2014,HU,WL,361984685.433586
2014,HU,WM,995799808.400562
2014,HU,ZA,65355388.2204937
2014,ID,AT,340332768.987377
2014,ID,AU,3526873555.34941
2014,ID,BE,856104808.59918
2014,ID,BG,78998444.6965458
2014,ID,BR,1711712683.51779
2014,ID,CA,1505920862.61365
2014,ID,CH,792951623.568466
2014,ID,CN,27585922894.3692
2014,ID,CY,20588627.4555372
2014,ID,CZ,236972723.662716
2014,ID,DE,3542818160.91352
2014,ID,DK,261768869.917572
2014,ID,EE,43034578.649717
2014,ID,ES,1036380557.8795
2014,ID,FI,299164656.197446
2014,ID,FR,1913222252.64688
2014,ID,GB,2657019754.17366
2014,ID,GR,235195052.402083
2014,ID,HR,47711469.8684826
2014,ID,HU,137459553.010112
2014,ID,ID,649578989159.759
2014,ID,IE,256845903.086334
2014,ID,IN,13128652732.7034
2014,ID,IT,1688793735.70882
2014,ID,JP,14493872357.9914
2014,ID,KR,6555194746.22423
2014,ID,LT,37183045.3972019
2014,ID,LU,69086643.7990771
2014,ID,LV,27776146.116419
2014,ID,MT,14196995.4819084
2014,ID,MX,1143582546.36941
2014,ID,NL,1014791426.08755
2014,ID,NO,459067730.840701
2014,ID,PL,529804601.558993
2014,ID,PT,190777548.679737
2014,ID,RO,204431025.898705
2014,ID,RU,1626070058.95499
2014,ID,SE,408541212.027568
2014,ID,SI,92174491.194904
2014,ID,SK,133998797.629431
2014,ID,TR,1682156898.19646
2014,ID,TW,2439506500.57022
2014,ID,US,16770113377.0755
2014,ID,WA,48593139856.213
2014,ID,WE,441256748.096443
2014,ID,WF,3357593448.9421
2014,ID,WL,2826874441.91845
2014,ID,WM,9968508412.2857
2014,ID,ZA,219729607.710614
2014,IE,AT,161893328.602243
2014,IE,AU,374337361.953581
2014,IE,BE,533513928.997445
2014,IE,BG,32846922.8325058
2014,IE,BR,1189473059.8575
2014,IE,CA,464292352.879227
2014,IE,CH,461261328.539058
2014,IE,CN,1581122549.25325
2014,IE,CY,45872427.2145325
2014,IE,CZ,103247427.859158
2014,IE,DE,1658614516.17606
2014,IE,DK,278178083.934223
2014,IE,EE,21356421.9734873
2014,IE,ES,923118135.008264
2014,IE,FI,194918314.369083
2014,IE,FR,1474784031.32472
2014,IE,GB,5924441355.81425
2014,IE,GR,246732791.739283
2014,IE,HR,21738281.7462746
2014,IE,HU,104608630.997075
2014,IE,ID,197409050.620232
2014,IE,IE,41869404224.832
2014,IE,IN,482210828.040773
2014,IE,IT,1334223422.6531
2014,IE,JP,936000416.711913
2014,IE,KR,505299943.383291
2014,IE,LT,21659252.5888671
2014,IE,LU,70214656.6951465
2014,IE,LV,16452040.0175628
2014,IE,MT,7787768.8587381
2014,IE,MX,430303815.637933
2014,IE,NL,677312160.375723
2014,IE,NO,271058298.069197
2014,IE,PL,226096224.017674
2014,IE,PT,215688754.53356
2014,IE,RO,76463505.2530269
2014,IE,RU,808665919.998242
2014,IE,SE,444958124.017516
2014,IE,SI,26398876.7683516
2014,IE,SK,53409628.098158
2014,IE,TR,310844809.878996
2014,IE,TW,650612388.954587
2014,IE,US,2636178558.46327
2014,IE,WA,1461119256.19558
2014,IE,WE,443265891.797718
2014,IE,WF,1159721136.7657
2014,IE,WL,814202455.985062
2014,IE,WM,1220008683.42303
2014,IE,ZA,350832251.945693
2014,IN,AT,1131689939.49658
2014,IN,AU,4934029748.99677
2014,IN,BE,4157763664.00053
2014,IN,BG,276218310.87863
2014,IN,BR,6791288622.26683
2014,IN,CA,5167781426.41808
2014,IN,CH,2949222299.97403
2014,IN,CN,32111785652.0603
2014,IN,CY,90022410.0770911
2014,IN,CZ,744830927.838082
2014,IN,DE,13255565646.6024
2014,IN,DK,1091127303.5118
2014,IN,EE,110423874.716491
2014,IN,ES,3564967697.75396
2014,IN,FI,899607773.523815
2014,IN,FR,8835855604.44494
2014,IN,GB,14012429640.2737
2014,IN,GR,715257287.986976
2014,IN,HR,198400834.495554
2014,IN,HU,554835397.359564
2014,IN,ID,4306852813.83019
2014,IN,IE,1331437021.84767
2014,IN,IN,2589727547764.09
2014,IN,IT,5593100650.02336
2014,IN,JP,9995249204.03602
2014,IN,KR,6335160980.63254
2014,IN,LT,125768988.139038
2014,IN,LU,298801023.942465
2014,IN,LV,71024497.8367337
2014,IN,MT,62283639.0624303
2014,IN,MX,4907218122.43386
2014,IN,NL,3450545473.41876
2014,IN,NO,1323199069.54589
2014,IN,PL,1913350719.7315
2014,IN,PT,762414674.01832
2014,IN,RO,674366086.872401
2014,IN,RU,5173632900.91301
2014,IN,SE,1802796161.54921
2014,IN,SI,187641381.27221
2014,IN,SK,351667635.535299
2014,IN,TR,6801299798.20652
2014,IN,TW,4381829099.75471
2014,IN,US,60185031624.2911
2014,IN,WA,125769259369.606
2014,IN,WE,2217207776.79318
2014,IN,WF,32430587452.4669
2014,IN,WL,15182027972.1544
2014,IN,WM,110599556051.286
2014,IN,ZA,1266334341.15518
2014,IT,AT,1240385947.67926
2014,IT,AU,1035481469.93299
2014,IT,BE,1337835726.86406
2014,IT,BG,307456064.879002
2014,IT,BR,1352570021.96408
2014,IT,CA,1284367166.5733
2014,IT,CH,2434397817.25838
2014,IT,CN,5594219188.19124
2014,IT,CY,40573246.3183395
2014,IT,CZ,577414680.026451
2014,IT,DE,8974332527.01577
2014,IT,DK,518853277.134755
2014,IT,EE,55572700.2013704
2014,IT,ES,2305973186.77744
2014,IT,FI,387360911.098137
2014,IT,FR,7566808408.19066
2014,IT,GB,4892125668.28321
2014,IT,GR,712634979.31138
2014,IT,HR,388332667.12648
2014,IT,HU,404430694.001672
2014,IT,ID,369039562.801012
2014,IT,IE,384581757.168811
2014,IT,IN,1240995983.94152
2014,IT,IT,317492903406.967
2014,IT,JP,2003985080.95407
2014,IT,KR,1246407686.51347
2014,IT,LT,108258696.325819
2014,IT,LU,103633111.745506
2014,IT,LV,39749797.220523
2014,IT,MT,102558308.709452
2014,IT,MX,882989965.630592
2014,IT,NL,1103299371.47768
2014,IT,NO,646412864.380134
2014,IT,PL,1377936863.76253
2014,IT,PT,422476803.798441
2014,IT,RO,677540295.872161
2014,IT,RU,2480700251.95033
2014,IT,SE,946284159.608915
2014,IT,SI,459913508.296226
2014,IT,SK,296861231.961281
2014,IT,TR,2235586613.76488
2014,IT,TW,1430975746.21248
2014,IT,US,8727693655.07308
2014,IT,WA,4721927940.58011
2014,IT,WE,1041611054.0853
2014,IT,WF,4691135809.98286
2014,IT,WL,2157275046.28355
2014,IT,WM,6599033169.7592
2014,IT,ZA,173567739.402743
2014,JP,AT,532998411.629503
2014,JP,AU,4967252451.05355
2014,JP,BE,1627047543.33578
2014,JP,BG,77355985.3075112
2014,JP,BR,2911150117.9794
2014,JP,CA,3449818665.09283
2014,JP,CH,1669272758.23556
2014,JP,CN,66106338454.4128
2014,JP,CY,39023329.5739735
2014,JP,CZ,364461361.182302
2014,JP,DE,7389752644.40929
2014,JP,DK,928491417.397631
2014,JP,EE,52014112.4787744
2014,JP,ES,1578455933.48318
2014,JP,FI,473101599.649967
2014,JP,FR,4909436929.08578
2014,JP,GB,5236876575.76167
2014,JP,GR,328537224.845106
2014,JP,HR,49474837.4339071
2014,JP,HU,270241453.129362
2014,JP,ID,3625043331.2831
2014,JP,IE,575619237.910654
2014,JP,IN,5346327618.76425
2014,JP,IT,2278420322.44041
2014,JP,JP,1079499462150.55
2014,JP,KR,13860430122.7121
2014,JP,LT,47366310.1339971
2014,JP,LU,107261729.462925
2014,JP,LV,27454085.6601209
2014,JP,MT,27316349.2146194
2014,JP,MX,3827934480.53238
2014,JP,NL,1855873192.21234
2014,JP,NO,997432398.216788
2014,JP,PL,753738372.903243
2014,JP,PT,249945276.677318
2014,JP,RO,212267966.410788
2014,JP,RU,3992297626.96694
2014,JP,SE,865271257.652032
2014,JP,SI,70112922.5421149
2014,JP,SK,155913647.893263
2014,JP,TR,1618086749.47451
2014,JP,TW,2429101801.36848
2014,JP,US,39236183162.9746
2014,JP,WA,54065924688.2403
2014,JP,WE,747243878.118984
2014,JP,WF,4768409554.88281
2014,JP,WL,9247858008.58964
2014,JP,WM,16384722767.0137
2014,JP,ZA,439277752.555547
2014,KR,AT,532629540.240217
2014,KR,AU,4551815255.02636
2014,KR,BE,1568495353.22516
2014,KR,BG,104730624.05045
2014,KR,BR,3376348137.99342
2014,KR,CA,3554020915.51102
2014,KR,CH,1414499600.95563
2014,KR,CN,51950823996.4312
2014,KR,CY,45688235.9725764
2014,KR,CZ,557567550.969697
2014,KR,DE,6862678977.77827
2014,KR,DK,1099968659.82747
2014,KR,EE,58732464.4195399
2014,KR,ES,2070045418.6907
2014,KR,FI,466282439.341875
2014,KR,FR,4484839315.25503
2014,KR,GB,5867573159.37902
2014,KR,GR,491313381.269845
2014,KR,HR,67890221.7221069
2014,KR,HU,348298465.913544
2014,KR,ID,3896428673.12354
2014,KR,IE,611429547.478499
2014,KR,IN,6418158416.54784
2014,KR,IT,2622992076.73405
2014,KR,JP,16542981841.1105
2014,KR,KR,439567759077.242
2014,KR,LT,92492912.3805538
2014,KR,LU,131769116.870804
2014,KR,LV,39190760.6429226
2014,KR,MT,79590746.5205486
2014,KR,MX,3632454929.45599
2014,KR,NL,1846679512.95945
2014,KR,NO,1030848263.04335
2014,KR,PL,872493844.652543
2014,KR,PT,340791029.060043
2014,KR,RO,307489594.39814
2014,KR,RU,5220886815.28037
2014,KR,SE,853747474.388162
2014,KR,SI,232702998.332295
2014,KR,SK,289240778.732317
2014,KR,TR,2950623823.83569
2014,KR,TW,2509173801.64037
2014,KR,US,34674602364.5785
2014,KR,WA,46940116335.6228
2014,KR,WE,1142484123.49968
2014,KR,WF,6923117599.81342
2014,KR,WL,10402554141.7512
2014,KR,WM,17105123899.7799
2014,KR,ZA,735309690.492242
2014,LT,AT,146698377.100001
2014,LT,AU,158723714.610868
2014,LT,BE,154388985.744115
2014,LT,BG,20555554.2937468
2014,LT,BR,90052351.1864164
2014,LT,CA,205041390.803121
2014,LT,CH,167593379.075813
2014,LT,CN,366518059.804284
2014,LT,CY,13425927.9416272
2014,LT,CZ,83816656.9940884
2014,LT,DE,557059167.830834
2014,LT,DK,181693840.650998
2014,LT,EE,130368291.107424
2014,LT,ES,225231005.713221
2014,LT,FI,102716269.108683
2014,LT,FR,382006522.90182
2014,LT,GB,423513279.851119
2014,LT,GR,53830263.5400031
2014,LT,HR,18269445.5628634
2014,LT,HU,65104626.0491298
2014,LT,ID,96414734.293172
2014,LT,IE,42936443.6793607
2014,LT,IN,110487500.496844
2014,LT,IT,226557740.317076
2014,LT,JP,153182333.927947
2014,LT,KR,84693045.6633093
2014,LT,LT,13203929990.775
2014,LT,LU,29064806.2855542
2014,LT,LV,404215440.731124
2014,LT,MT,3650681.17882961
2014,LT,MX,65133286.4253319
2014,LT,NL,387922400.847447
2014,LT,NO,132973551.436286
2014,LT,PL,656302617.036761
2014,LT,PT,61013487.979945
2014,LT,RO,65671778.8320409
2014,LT,RU,446928691.680612
2014,LT,SE,235273696.469601
2014,LT,SI,18818510.903915
2014,LT,SK,52442473.596518
2014,LT,TR,108649645.567411
2014,LT,TW,392189996.464392
2014,LT,US,693649594.201196
2014,LT,WA,359226956.691141
2014,LT,WE,323324030.304726
2014,LT,WF,238415061.833237
2014,LT,WL,172112001.448315
2014,LT,WM,1375725016.13597
2014,LT,ZA,47164770.5398289
2014,LU,AT,54662792.2331694
2014,LU,AU,99968899.6872275
2014,LU,BE,112752518.837262
2014,LU,BG,13399937.598563
2014,LU,BR,113222134.267976
2014,LU,CA,129821673.570992
2014,LU,CH,126363057.609512
2014,LU,CN,321743910.572288
2014,LU,CY,13183795.5330729
2014,LU,CZ,43275606.0315722
2014,LU,DE,425468608.501913
2014,LU,DK,71143397.3422694
2014,LU,EE,8022236.19334431
2014,LU,ES,159172495.492272
2014,LU,FI,51418025.9838134
2014,LU,FR,497358979.635548
2014,LU,GB,352871838.131684
2014,LU,GR,65535239.2136888
2014,LU,HR,9258050.63333913
2014,LU,HU,38305865.2398082
2014,LU,ID,54014714.4895856
2014,LU,IE,61715160.2240718
2014,LU,IN,140297802.882113
2014,LU,IT,165984763.329988
2014,LU,JP,167388512.83552
2014,LU,KR,102730567.482704
2014,LU,LT,10755416.8012234
2014,LU,LU,2683368061.63203
2014,LU,LV,5781352.63649042
2014,LU,MT,2131571.35348973
2014,LU,MX,95486328.4128748
2014,LU,NL,189372442.955227
2014,LU,NO,74863610.8183375
2014,LU,PL,75370502.803479
2014,LU,PT,57065934.1182155
2014,LU,RO,29680634.4306937
2014,LU,RU,163223220.927337
2014,LU,SE,97447862.3763196
2014,LU,SI,11052014.6734686
2014,LU,SK,20679691.3761632
2014,LU,TR,91276631.1533223
2014,LU,TW,400983116.749926
2014,LU,US,463918308.464253
2014,LU,WA,327245279.35763
2014,LU,WE,119049556.535242
2014,LU,WF,242710173.285624
2014,LU,WL,237487787.688803
2014,LU,WM,327985042.730547
2014,LU,ZA,81050348.2217918
2014,LV,AT,44351848.8122608
2014,LV,AU,57303895.6113058
2014,LV,BE,62779931.9758648
2014,LV,BG,15805576.6483669
2014,LV,BR,49007754.0445158
2014,LV,CA,62665661.313749
2014,LV,CH,62887327.5455482
2014,LV,CN,185045131.787715
2014,LV,CY,10710710.6652585
2014,LV,CZ,43800391.3598338
2014,LV,DE,313296728.680257
2014,LV,DK,101956051.742912
2014,LV,EE,254047036.287503
2014,LV,ES,101254761.099447
2014,LV,FI,126574017.636104
2014,LV,FR,146419778.259106
2014,LV,GB,206607814.869051
2014,LV,GR,30424773.1244061
2014,LV,HR,16565662.1995859
2014,LV,HU,28660805.9089607
2014,LV,ID,28132707.5140056
2014,LV,IE,38974050.7275026
2014,LV,IN,59938593.7324334
2014,LV,IT,93397436.8854311
2014,LV,JP,78192970.290546
2014,LV,KR,50747965.306321
2014,LV,LT,499589112.137442
2014,LV,LU,9579356.41626165
2014,LV,LV,8016285795.3344
2014,LV,MT,2958616.74027251
2014,LV,MX,37362198.7469396
2014,LV,NL,106998674.841271
2014,LV,NO,171489889.654077
2014,LV,PL,225827090.619618
2014,LV,PT,30099405.6505033
2014,LV,RO,24975056.2925768
2014,LV,RU,478085997.829657
2014,LV,SE,243359504.983061
2014,LV,SI,10163398.7558457
2014,LV,SK,33031199.1289855
2014,LV,TR,76788566.855903
2014,LV,TW,428082763.743502
2014,LV,US,212077185.939891
2014,LV,WA,239585424.570658
2014,LV,WE,127345827.665818
2014,LV,WF,162783292.556003
2014,LV,WL,94285059.7532207
2014,LV,WM,334328436.663865
2014,LV,ZA,20210916.5672368
2014,MT,AT,19726449.7365917
2014,MT,AU,29994739.9028844
2014,MT,BE,28308083.6840662
2014,MT,BG,11791300.2854734
2014,MT,BR,32530623.5194854
2014,MT,CA,28313021.8279258
2014,MT,CH,30061858.5523821
2014,MT,CN,78280253.5381632
2014,MT,CY,15910086.2374355
2014,MT,CZ,13413234.4698141
2014,MT,DE,54013015.2944008
2014,MT,DK,18008671.5369795
2014,MT,EE,7300425.10029105
2014,MT,ES,35701178.0930531
2014,MT,FI,25349140.2418952
2014,MT,FR,66378526.0265225
2014,MT,GB,63789329.1174779
2014,MT,GR,31463285.4463221
2014,MT,HR,7956131.68191022
2014,MT,HU,20929406.9682877
2014,MT,ID,33369194.5455895
2014,MT,IE,17872748.0576524
2014,MT,IN,40371226.780226
2014,MT,IT,64629609.1513181
2014,MT,JP,58404128.1964896
2014,MT,KR,86339755.8359636
2014,MT,LT,6213362.29608437
2014,MT,LU,6134893.36047474
2014,MT,LV,6386340.52516305
2014,MT,MT,1177503917.03706
2014,MT,MX,27273074.8528142
2014,MT,NL,23255540.4135688
2014,MT,NO,28335972.7686665
2014,MT,PL,20320949.9243653
2014,MT,PT,19345710.7504386
2014,MT,RO,15305937.0028104
2014,MT,RU,39271037.2209288
2014,MT,SE,22778481.1223679
2014,MT,SI,12052357.7585737
2014,MT,SK,10091233.3988763
2014,MT,TR,33976354.1065626
2014,MT,TW,131629577.704984
2014,MT,US,91769081.864406
2014,MT,WA,72754751.121817
2014,MT,WE,51933418.2327598
2014,MT,WF,219706628.993285
2014,MT,WL,37999400.3458916
2014,MT,WM,307184421.630071
2014,MT,ZA,14541917.1402157
2014,MX,AT,215087333.47983
2014,MX,AU,816490711.802955
2014,MX,BE,442266015.74208
2014,MX,BG,35092991.1820252
2014,MX,BR,2584970846.97977
2014,MX,CA,5946074782.25207
2014,MX,CH,2076860223.0232
2014,MX,CN,5528466524.396
2014,MX,CY,21804346.6779462
2014,MX,CZ,127248455.158175
2014,MX,DE,2062363177.26416
2014,MX,DK,145544578.86072
2014,MX,EE,18827781.5208836
2014,MX,ES,1093662374.92722
2014,MX,FI,168420439.120008
2014,MX,FR,1214655670.92791
2014,MX,GB,1822013461.05832
2014,MX,GR,113732224.561686
2014,MX,HR,24520316.7156072
2014,MX,HU,92042578.0182243
2014,MX,ID,273001267.452352
2014,MX,IE,241233271.577408
2014,MX,IN,1322659906.25321
2014,MX,IT,764605542.420049
2014,MX,JP,2954683489.73916
2014,MX,KR,1258129178.80886
2014,MX,LT,22476895.7358656
2014,MX,LU,44002002.3224613
2014,MX,LV,13201250.9523968
2014,MX,MT,8368824.52690384
2014,MX,MX,493282134528.041
2014,MX,NL,469273689.347856
2014,MX,NO,277008919.187377
2014,MX,PL,239323854.92893
2014,MX,PT,118428181.560038
2014,MX,RO,94441028.9387628
2014,MX,RU,726878810.420637
2014,MX,SE,226457122.906671
2014,MX,SI,28300137.6334234
2014,MX,SK,57067190.589805
2014,MX,TR,669300254.002534
2014,MX,TW,1231622825.18279
2014,MX,US,80958024741.7767
2014,MX,WA,7843488180.68905
2014,MX,WE,191879245.32247
2014,MX,WF,1155334632.36931
2014,MX,WL,12232747932.8199
2014,MX,WM,3387567007.75252
2014,MX,ZA,110755006.26117
2014,NL,AT,966071981.422178
2014,NL,AU,912481455.174527
2014,NL,BE,7783554043.96052
2014,NL,BG,139742631.890931
2014,NL,BR,1449957745.667
2014,NL,CA,1099710649.14978
2014,NL,CH,1602269585.89331
2014,NL,CN,5608133992.27249
2014,NL,CY,57973961.1255021
2014,NL,CZ,657832302.312822
2014,NL,DE,14433791735.7973
2014,NL,DK,880615883.89254
2014,NL,EE,64983218.0148171
2014,NL,ES,2357608151.0498
2014,NL,FI,747047788.571824
2014,NL,FR,6738250311.83953
2014,NL,GB,11617238797.2985
2014,NL,GR,709373736.5753
2014,NL,HR,134548106.842944
2014,NL,HU,415158230.088027
2014,NL,ID,433877399.966432
2014,NL,IE,834931752.544263
2014,NL,IN,1284228535.67338
2014,NL,IT,3935543538.71635
2014,NL,JP,2624725626.57576
2014,NL,KR,1363596870.8735
2014,NL,LT,161114356.505496
2014,NL,LU,825716981.637352
2014,NL,LV,52012717.572003
2014,NL,MT,21938546.6354095
2014,NL,MX,1015694582.53957
2014,NL,NL,97723651749.458
2014,NL,NO,957338660.781693
2014,NL,PL,1373630605.6865
2014,NL,PT,450640859.280508
2014,NL,RO,343840187.240538
2014,NL,RU,2167510165.50562
2014,NL,SE,1650706505.02985
2014,NL,SI,105656574.976805
2014,NL,SK,209954716.769907
2014,NL,TR,1153658211.18097
2014,NL,TW,1570749761.22614
2014,NL,US,7744357164.20221
2014,NL,WA,4594357992.11344
2014,NL,WE,748494987.294013
2014,NL,WF,3384931313.08033
2014,NL,WL,2115851842.85885
2014,NL,WM,4761576748.04805
2014,NL,ZA,399180800.839603
2014,NO,AT,262740181.822859
2014,NO,AU,520387185.162818
2014,NO,BE,1197809873.51636
2014,NO,BG,32401841.199996
2014,NO,BR,831383410.160414
2014,NO,CA,464527961.250291
2014,NO,CH,731055959.538879
2014,NO,CN,2976565933.27205
2014,NO,CY,33511705.1724569
2014,NO,CZ,135041260.337444
2014,NO,DE,4203302033.66198
2014,NO,DK,815185821.430408
2014,NO,EE,44533674.4922075
2014,NO,ES,858163660.073338
2014,NO,FI,515569199.12909
2014,NO,FR,2289459649.78991
2014,NO,GB,4654967466.59734
2014,NO,GR,177308365.685888
2014,NO,HR,22941354.3961919
2014,NO,HU,75926687.3542575
2014,NO,ID,218727944.866322
2014,NO,IE,268901746.174722
2014,NO,IN,774302067.906698
2014,NO,IT,1050093079.70057
2014,NO,JP,1349623761.47619
2014,NO,KR,715358233.092151
2014,NO,LT,64507687.0075362
2014,NO,LU,106481180.769518
2014,NO,LV,28640456.0045047
2014,NO,MT,9129957.19878814
2014,NO,MX,584148884.839635
2014,NO,NL,1277939231.72728
2014,NO,NO,31827864544.7386
2014,NO,PL,539068154.770964
2014,NO,PT,165182375.807324
2014,NO,RO,75336392.4426516
2014,NO,RU,726283446.713506
2014,NO,SE,1457742566.56589
2014,NO,SI,25712469.9926035
2014,NO,SK,54102363.7150132
2014,NO,TR,635718931.580147
2014,NO,TW,1800629111.47004
2014,NO,US,3374705084.31501
2014,NO,WA,1728663784.47289
2014,NO,WE,281642067.687615
2014,NO,WF,968893961.743706
2014,NO,WL,574675308.139394
2014,NO,WM,923796150.379997
2014,NO,ZA,77656123.2035281
2014,PL,AT,1792323344.39048
2014,PL,AU,819940769.365661
2014,PL,BE,1532981398.75199
2014,PL,BG,428693211.081632
2014,PL,BR,767653076.978375
2014,PL,CA,1098260239.64324
2014,PL,CH,1377544490.26354
2014,PL,CN,4400842593.17454
2014,PL,CY,66537827.3147887
2014,PL,CZ,5565715709.35225
2014,PL,DE,19815604903.8468
2014,PL,DK,1114155031.6725
2014,PL,EE,254540688.987174
2014,PL,ES,2004908178.65457
2014,PL,FI,751449044.167468
2014,PL,FR,6418510012.53165
2014,PL,GB,6751163404.53168
2014,PL,GR,478957763.543692
2014,PL,HR,288092699.798972
2014,PL,HU,1305981407.89148
2014,PL,ID,408042414.379544
2014,PL,IE,643711334.937519
2014,PL,IN,944324325.288317
2014,PL,IT,3768569734.03814
2014,PL,JP,1276356991.84682
2014,PL,KR,792499880.659868
2014,PL,LT,733050012.37072
2014,PL,LU,172614096.628833
2014,PL,LV,278921954.653015
2014,PL,MT,19691835.6602521
2014,PL,MX,554164837.34678
2014,PL,NL,2370374632.60596
2014,PL,NO,1853924155.69536
2014,PL,PL,260315197952.245
2014,PL,PT,412006729.31313
2014,PL,RO,1234988232.21905
2014,PL,RU,5052483140.9683
2014,PL,SE,2310457546.33249
2014,PL,SI,223884125.36216
2014,PL,SK,2479601407.19052
2014,PL,TR,1478119094.78616
2014,PL,TW,1713349876.67418
2014,PL,US,4957249812.35547
2014,PL,WA,4339226822.67369
2014,PL,WE,2207115944.79884
2014,PL,WF,2845295231.43173
2014,PL,WL,1650963219.86184
2014,PL,WM,4470275838.17604
2014,PL,ZA,247628903.025242
2014,PT,AT,144223731.365498
2014,PT,AU,220239398.288714
2014,PT,BE,318758949.002967
2014,PT,BG,28128182.7831451
2014,PT,BR,421522742.028955
2014,PT,CA,281892962.641531
2014,PT,CH,285787893.622117
2014,PT,CN,874018175.061061
2014,PT,CY,13065869.4811288
2014,PT,CZ,91845807.9696819
2014,PT,DE,1201653768.97309
2014,PT,DK,145580205.13428
2014,PT,EE,14552308.1641448
2014,PT,ES,2504511250.25714
2014,PT,FI,121622107.915129
2014,PT,FR,1626595036.07405
2014,PT,GB,1028318762.44446
2014,PT,GR,117465350.792698
2014,PT,HR,16725354.2217378
2014,PT,HU,66249120.051205
2014,PT,ID,95046048.6415501
2014,PT,IE,121559180.780237
2014,PT,IN,246415181.747038
2014,PT,IT,511439846.751046
2014,PT,JP,355989995.372795
2014,PT,KR,230798306.258319
2014,PT,LT,17928847.0087027
2014,PT,LU,26985366.3880903
2014,PT,LV,9898216.93483929
2014,PT,MT,7113832.14681657
2014,PT,MX,204406005.738881
2014,PT,NL,311752520.734761
2014,PT,NO,215639307.703397
2014,PT,PL,198668055.728341
2014,PT,PT,41881281761.984
2014,PT,RO,68010871.3979403
2014,PT,RU,392525856.457934
2014,PT,SE,227657676.40743
2014,PT,SI,19798266.8814321
2014,PT,SK,46685960.1345106
2014,PT,TR,240415935.517533
2014,PT,TW,983664718.217812
2014,PT,US,1413627584.55956
2014,PT,WA,568991287.166565
2014,PT,WE,174828581.66405
2014,PT,WF,2581511573.05397
2014,PT,WL,652850319.494336
2014,PT,WM,684530091.478498
2014,PT,ZA,52734083.7763533
2014,RO,AT,423530797.920416
2014,RO,AU,200271896.150126
2014,RO,BE,324408494.877682
2014,RO,BG,764398481.79748
2014,RO,BR,328668706.424383
2014,RO,CA,524294787.804873
2014,RO,CH,368856308.489729
2014,RO,CN,1332624449.16871
2014,RO,CY,29069360.7291775
2014,RO,CZ,278915789.919776
2014,RO,DE,2846939196.40031
2014,RO,DK,159605191.812768
2014,RO,EE,22428590.4708594
2014,RO,ES,666128067.418652
2014,RO,FI,125292849.806412
2014,RO,FR,1620533995.52461
2014,RO,GB,1148248740.37449
2014,RO,GR,479797907.987007
2014,RO,HR,138308816.521159
2014,RO,HU,1329792104.19594
2014,RO,ID,115920433.763549
2014,RO,IE,111505726.910707
2014,RO,IN,364826666.888786
2014,RO,IT,1520883864.26592
2014,RO,JP,445418007.265139
2014,RO,KR,319183059.510479
2014,RO,LT,35853603.7576537
2014,RO,LU,59241509.0235407
2014,RO,LV,15195493.4985146
2014,RO,MT,11360015.7988564
2014,RO,MX,236808500.720276
2014,RO,NL,450679193.43798
2014,RO,NO,368909595.908995
2014,RO,PL,546980911.40277
2014,RO,PT,183929667.753183
2014,RO,RO,66369988668.4346
2014,RO,RU,1011366052.45687
2014,RO,SE,294904372.553855
2014,RO,SI,87648638.2463188
2014,RO,SK,230500103.936437
2014,RO,TR,2205461097.95969
2014,RO,TW,775779419.557799
2014,RO,US,1771173805.17103
2014,RO,WA,1341219939.59504
2014,RO,WE,1114709848.2704
2014,RO,WF,1490497358.83486
2014,RO,WL,614424269.12254
2014,RO,WM,3600256599.18066
2014,RO,ZA,77947150.9712304
2014,RU,AT,4196306215.20799
2014,RU,AU,5686447574.41813
2014,RU,BE,8820867159.16851
2014,RU,BG,6394490232.02098
2014,RU,BR,8620715140.97069
2014,RU,CA,7644520070.54703
2014,RU,CH,8476955837.84639
2014,RU,CN,94534483412.9163
2014,RU,CY,343220823.692187
2014,RU,CZ,9487431552.92565
2014,RU,DE,42947727147.7607
2014,RU,DK,3590641474.42649
2014,RU,EE,3263169790.26755
2014,RU,ES,8339085870.87001
2014,RU,FI,8405123189.19959
2014,RU,FR,18407752556.7892
2014,RU,GB,31713143563.9882
2014,RU,GR,7015257105.4817
2014,RU,HR,1319294526.93046
2014,RU,HU,15885049651.6083
2014,RU,ID,5373900108.27818
2014,RU,IE,1858329529.0504
2014,RU,IN,11853754371.9942
2014,RU,IT,69085735563.5756
2014,RU,JP,33031632145.6754
2014,RU,KR,17757454680.7443
2014,RU,LT,4991113015.30001
2014,RU,LU,1008424940.19635
2014,RU,LV,4940035024.14219
2014,RU,MT,568044275.913684
2014,RU,MX,6781528147.71991
2014,RU,NL,16879240074.6959
2014,RU,NO,3691231438.19385
2014,RU,PL,16725234700.2987
2014,RU,PT,1428157985.60228
2014,RU,RO,3426720379.17886
2014,RU,RU,1183042189693.8
2014,RU,SE,6928593741.46045
2014,RU,SI,1024863723.90347
2014,RU,SK,11909742933.7771
2014,RU,TR,35459934209.7297
2014,RU,TW,6237480641.05928
2014,RU,US,50501880485.0892
2014,RU,WA,93593996945.8349
2014,RU,WE,54690971184.0936
2014,RU,WF,19043628736.3484
2014,RU,WL,13258230282.8016
2014,RU,WM,53406333692.2511
2014,RU,ZA,1401135604.63729
2014,SE,AT,184325703.867936
2014,SE,AU,307952901.637906
2014,SE,BE,436093799.612887
2014,SE,BG,29140605.5963691
2014,SE,BR,389571474.138222
2014,SE,CA,336575990.649909
2014,SE,CH,402931344.234798
2014,SE,CN,1535366291.14184
2014,SE,CY,15151293.3614592
2014,SE,CZ,123079653.063688
2014,SE,DE,1607933544.58864
2014,SE,DK,616733673.275875
2014,SE,EE,50181497.7420156
2014,SE,ES,499741425.026853
2014,SE,FI,666877788.343433
2014,SE,FR,1111266507.85723
2014,SE,GB,1688232433.62914
2014,SE,GR,106176732.76749
2014,SE,HR,17583971.2927405
2014,SE,HU,81151413.155836
2014,SE,ID,141100630.200821
2014,SE,IE,209147962.891479
2014,SE,IN,408304892.067303
2014,SE,IT,577658861.217182
2014,SE,JP,666461477.286543
2014,SE,KR,364546356.508281
2014,SE,LT,54986775.8880203
2014,SE,LU,41299160.8433581
2014,SE,LV,24616346.7536252
2014,SE,MT,10878514.9194454
2014,SE,MX,274142873.409432
2014,SE,NL,502693978.626614
2014,SE,NO,1185993243.53357
2014,SE,PL,410123310.890259
2014,SE,PT,128859404.981981
2014,SE,RO,68509553.8528425
2014,SE,RU,535108028.433576
2014,SE,SE,31524317669.7788
2014,SE,SI,22177682.202138
2014,SE,SK,47679338.9030513
2014,SE,TR,301263498.133445
2014,SE,TW,919350376.695162
2014,SE,US,1958510459.66279
2014,SE,WA,951687125.584425
2014,SE,WE,215097246.339738
2014,SE,WF,705847104.223779
2014,SE,WL,531781526.336154
2014,SE,WM,1155296097.61948
2014,SE,ZA,83654841.6602916
2014,SI,AT,315916473.434651
2014,SI,AU,83149924.751646
2014,SI,BE,76025790.688381
2014,SI,BG,42275348.9872178
2014,SI,BR,69551940.8148316
2014,SI,CA,88435142.7738824
2014,SI,CH,119097332.36413
2014,SI,CN,254115211.871519
2014,SI,CY,7509916.15004181
2014,SI,CZ,71807354.8864678
2014,SI,DE,656753760.288163
2014,SI,DK,57220784.6670322
2014,SI,EE,9658833.01693291
2014,SI,ES,97950261.4830625
2014,SI,FI,50513988.378643
2014,SI,FR,275029007.198039
2014,SI,GB,227334009.773108
2014,SI,GR,272127826.358112
2014,SI,HR,614095686.891511
2014,SI,HU,75931623.7424
2014,SI,ID,46150525.8763108
2014,SI,IE,32159069.6278777
2014,SI,IN,82301750.2379162
2014,SI,IT,831606488.333634
2014,SI,JP,95046275.6502764
2014,SI,KR,65336730.1876569
2014,SI,LT,12340637.1580508
2014,SI,LU,11122149.9790438
2014,SI,LV,6486830.88808785
2014,SI,MT,2185061.04271026
2014,SI,MX,54730704.8861756
2014,SI,NL,81009619.6177852
2014,SI,NO,77201259.0635483
2014,SI,PL,119362277.386353
2014,SI,PT,39604714.0956743
2014,SI,RO,60628118.6793683
2014,SI,RU,201562935.018991
2014,SI,SE,78859473.1902527
2014,SI,SI,8960198506.59198
2014,SI,SK,51510849.0005938
2014,SI,TR,96842504.8994578
2014,SI,TW,485908656.679908
2014,SI,US,297816399.914693
2014,SI,WA,215990890.336361
2014,SI,WE,191073132.539262
2014,SI,WF,152508354.580501
2014,SI,WL,106133440.762499
2014,SI,WM,234972037.078141
2014,SI,ZA,18793634.4722222
2014,SK,AT,1092223238.20195
2014,SK,AU,120416169.339607
2014,SK,BE,188042217.301748
2014,SK,BG,78081266.8516137
2014,SK,BR,107005702.829133
2014,SK,CA,153592765.20806
2014,SK,CH,237781869.899669
2014,SK,CN,650592134.306394
2014,SK,CY,12591226.7580989
2014,SK,CZ,1566267533.14697
2014,SK,DE,2297655735.99762
2014,SK,DK,108660489.073259
2014,SK,EE,18513864.0602892
2014,SK,ES,249200259.871518
2014,SK,FI,79971636.1636932
2014,SK,FR,687969447.119161
2014,SK,GB,629434871.219736
2014,SK,GR,79005830.8850528
2014,SK,HR,130037626.477017
2014,SK,HU,1281325604.36374
2014,SK,ID,57152909.5493373
2014,SK,IE,57555658.8034102
2014,SK,IN,108904880.119173
2014,SK,IT,666455006.739219
2014,SK,JP,164017970.356895
2014,SK,KR,111683141.918907
2014,SK,LT,34819806.4637586
2014,SK,LU,25910235.4590829
2014,SK,LV,16827784.9236379
2014,SK,MT,4052707.12022552
2014,SK,MX,84630428.8240372
2014,SK,NL,228923860.550601
2014,SK,NO,146365154.55186
2014,SK,PL,1148682327.86955
2014,SK,PT,58486734.1507047
2014,SK,RO,263133248.874616
2014,SK,RU,509047845.772654
2014,SK,SE,196053967.234906
2014,SK,SI,71788130.0508088
2014,SK,SK,19613696202.0888
2014,SK,TR,367377229.357729
2014,SK,TW,355799849.910845
2014,SK,US,724953604.615843
2014,SK,WA,464412177.900227
2014,SK,WE,345988418.883455
2014,SK,WF,249073601.930016
2014,SK,WL,185041267.377482
2014,SK,WM,525958589.415291
2014,SK,ZA,38502804.1183137
2014,TR,AT,538240465.212148
2014,TR,AU,984095629.915107
2014,TR,BE,1035752739.14803
2014,TR,BG,693945318.477141
2014,TR,BR,1541467394.0807
2014,TR,CA,1482783481.26578
2014,TR,CH,1023012392.04929
2014,TR,CN,5644612424.40061
2014,TR,CY,201203337.669467
2014,TR,CZ,304712968.567218
2014,TR,DE,5540485044.74653
2014,TR,DK,431641619.72335
2014,TR,EE,57540946.4523989
2014,TR,ES,1509915305.76951
2014,TR,FI,321208901.275231
2014,TR,FR,3433336787.72821
2014,TR,GB,4267338560.86746
2014,TR,GR,1262507770.44022
2014,TR,HR,103881528.9861
2014,TR,HU,235962677.218645
2014,TR,ID,657070190.281373
2014,TR,IE,326251349.638496
2014,TR,IN,1592902166.79319
2014,TR,IT,2799448992.02807
2014,TR,JP,1954634342.87659
2014,TR,KR,1174163995.97867
2014,TR,LT,86507012.291671
2014,TR,LU,97309682.0788535
2014,TR,LV,32385573.4047238
2014,TR,MT,110746804.95481
2014,TR,MX,725243203.211786
2014,TR,NL,1036245898.02782
2014,TR,NO,581474008.906606
2014,TR,PL,804711841.788545
2014,TR,PT,302790744.970442
2014,TR,RO,823329871.885084
2014,TR,RU,3955481936.7932
2014,TR,SE,651725596.79743
2014,TR,SI,107915268.848268
2014,TR,SK,171153996.602057
2014,TR,TR,359097540637.067
2014,TR,TW,2015916820.51528
2014,TR,US,7558407928.78372
2014,TR,WA,8179477432.60516
2014,TR,WE,1330059327.73089
2014,TR,WF,8446123667.60831
2014,TR,WL,2827221590.15349
2014,TR,WM,27257822983.5383
2014,TR,ZA,194302418.900777
2014,TW,AT,2034027068.0955
2014,TW,AU,3207334022.45983
2014,TW,BE,2768428967.6325
2014,TW,BG,620944964.547704
2014,TW,BR,3076152613.81944
2014,TW,CA,2919534336.68276
2014,TW,CH,3349706463.30201
2014,TW,CN,6511250877.0596
2014,TW,CY,767747367.508305
2014,TW,CZ,1559457610.25148
2014,TW,DE,5141445181.68192
2014,TW,DK,2379286463.3137
2014,TW,EE,611741828.05635
2014,TW,ES,3298233269.59633
2014,TW,FI,2520653340.51852
2014,TW,FR,4578349435.50563
2014,TW,GB,4634823668.19353
2014,TW,GR,1797277663.08202
2014,TW,HR,508623355.769617
2014,TW,HU,1471357828.47491
2014,TW,ID,2436810530.95286
2014,TW,IE,1588995689.31579
2014,TW,IN,3273212697.97768
2014,TW,IT,3624067593.23974
2014,TW,JP,4196752328.93797
2014,TW,KR,2620730897.337
2014,TW,LT,494891689.196935
2014,TW,LU,733852469.451259
2014,TW,LV,443810170.142717
2014,TW,MT,198282175.457414
2014,TW,MX,2507916143.66628
2014,TW,NL,2609598028.60892
2014,TW,NO,2438928852.97813
2014,TW,PL,2192495747.96314
2014,TW,PT,1834195932.84567
2014,TW,RO,1372558719.84869
2014,TW,RU,3363933094.25122
2014,TW,SE,2538889441.57003
2014,TW,SI,692700706.650615
2014,TW,SK,1063488711.01578
2014,TW,TR,2541194184.09146
2014,TW,TW,202647910075.591
2014,TW,US,6911867841.36592
2014,TW,WA,4627091206.90007
2014,TW,WE,2510810013.59445
2014,TW,WF,3424470612.21238
2014,TW,WL,3261762826.11414
2014,TW,WM,3921284577.73086
2014,TW,ZA,2202908885.18648
2014,US,AT,2605055373.70263
2014,US,AU,8200864895.26179
2014,US,BE,6818901918.12589
2014,US,BG,401981070.454338
2014,US,BR,22571075389.32
2014,US,CA,82567718274.5624
2014,US,CH,7381892284.07987
2014,US,CN,98990302829.8403
2014,US,CY,115930452.788105
2014,US,CZ,1901317410.70699
2014,US,DE,48303742689.9511
2014,US,DK,1767501955.16363
2014,US,EE,150709958.629209
2014,US,ES,8445912116.24371
2014,US,FI,1638734056.62249
2014,US,FR,27890161169.7047
2014,US,GB,35747023468.4724
2014,US,GR,912852692.317769
2014,US,HR,419037441.907177
2014,US,HU,958589428.6356
2014,US,ID,4225190533.06148
2014,US,IE,4528929632.10163
2014,US,IN,11992327283.9731
2014,US,IT,11281118385.868
2014,US,JP,45602136420.6513
2014,US,KR,20639074844.2856
2014,US,LT,241500606.43017
2014,US,LU,602937600.705523
2014,US,LV,118788260.452371
2014,US,MT,255507272.597367
2014,US,MX,75424551382.7763
2014,US,NL,10883341557.8176
2014,US,NO,2842317950.98252
2014,US,PL,2997303237.39318
2014,US,PT,1099413408.48291
2014,US,RO,847549212.782205
2014,US,RU,12394947335.4308
2014,US,SE,2990722657.29934
2014,US,SI,339256426.065636
2014,US,SK,610477841.26783
2014,US,TR,7237711170.68071
2014,US,TW,4547184861.49162
2014,US,US,5467471750545.14
2014,US,WA,61656938614.7995
2014,US,WE,4246411464.4303
2014,US,WF,19595874094.0018
2014,US,WL,93812179013.5358
2014,US,WM,35263536651.6736
2014,US,ZA,1806829771.64733
2014,WA,AT,6081541919.20197
2014,WA,AU,43785247905.1791
2014,WA,BE,10542356269.4388
2014,WA,BG,818548431.819305
2014,WA,BR,12152268281.2454
2014,WA,CA,13695316186.3831
2014,WA,CH,14080433583.8258
2014,WA,CN,260257689504.396
2014,WA,CY,346266297.025639
2014,WA,CZ,3165234465.33287
2014,WA,DE,39775535053.0175
2014,WA,DK,4154783842.65444
2014,WA,EE,328528576.558148
2014,WA,ES,13531218633.4024
2014,WA,FI,3412542342.45615
2014,WA,FR,30395822255.9228
2014,WA,GB,36301245864.4444
2014,WA,GR,3418118731.37563
2014,WA,HR,772428073.053821
2014,WA,HU,1741502350.04771
2014,WA,ID,45535217932.7594
2014,WA,IE,2878951530.97679
2014,WA,IN,41362471354.2477
2014,WA,IT,26132831768.8845
2014,WA,JP,63993229313.6846
2014,WA,KR,27844242217.3652
2014,WA,LT,469264998.351628
2014,WA,LU,1055448230.8462
2014,WA,LV,512023050.785709
2014,WA,MT,218135155.800826
2014,WA,MX,8898342116.92644
2014,WA,NL,17918707573.3597
2014,WA,NO,3974208165.11131
2014,WA,PL,5587321581.14454
2014,WA,PT,2348609554.77483
2014,WA,RO,3299264950.16082
2014,WA,RU,25195519507.5529
2014,WA,SE,5020685883.79515
2014,WA,SI,568813857.316885
2014,WA,SK,1462032340.64668
2014,WA,TR,14342089493.5792
2014,WA,TW,4658932112.92758
2014,WA,US,129795104949.586
2014,WA,WA,1889753205473.99
2014,WA,WE,10733278131.8234
2014,WA,WF,38983067496.2561
2014,WA,WL,23223210073.7824
2014,WA,WM,77830872593.8361
2014,WA,ZA,6914275919.36414
2014,WE,AT,2129715563.5678
2014,WE,AU,1346790403.5034
2014,WE,BE,1803396418.74613
2014,WE,BG,2086595699.11198
2014,WE,BR,2190264344.18083
2014,WE,CA,1988368639.44483
2014,WE,CH,3284000675.1569
2014,WE,CN,11288470868.9272
2014,WE,CY,227702484.087585
2014,WE,CZ,2353423274.82297
2014,WE,DE,15711892355.8616
2014,WE,DK,768660021.510328
2014,WE,EE,237238045.775062
2014,WE,ES,3614408030.88826
2014,WE,FI,623153614.845951
2014,WE,FR,5915586992.36541
2014,WE,GB,10588277161.6518
2014,WE,GR,2883119417.3142
2014,WE,HR,2206310345.83682
2014,WE,HU,6326288191.11147
2014,WE,ID,1272109837.02101
2014,WE,IE,588544210.878221
2014,WE,IN,4592591056.79117
2014,WE,IT,7881858052.47524
2014,WE,JP,3233983652.17207
2014,WE,KR,2407353996.96242
2014,WE,LT,1543222290.19697
2014,WE,LU,246600757.050707
2014,WE,LV,455402512.995297
2014,WE,MT,74075635.2012446
2014,WE,MX,1141554646.94378
2014,WE,NL,3740037063.2267
2014,WE,NO,1242591150.08976
2014,WE,PL,4711326240.20254
2014,WE,PT,750474407.522865
2014,WE,RO,2179562225.03083
2014,WE,RU,46947723923.3362
2014,WE,SE,1157344923.15715
2014,WE,SI,622932605.524024
2014,WE,SK,1070996567.21011
2014,WE,TR,10091239115.6655
2014,WE,TW,2404497270.58776
2014,WE,US,10570522742.0808
2014,WE,WA,21100644421.1787
2014,WE,WE,255474792264.083
2014,WE,WF,9708067976.78867
2014,WE,WL,3334138965.41184
2014,WE,WM,37638916959.2017
2014,WE,ZA,402357737.17022
2014,WF,AT,1832117323.47343
2014,WF,AU,4093327059.39428
2014,WF,BE,4366647488.80552
2014,WF,BG,345135827.16482
2014,WF,BR,12839726239.6
2014,WF,CA,3634761513.92388
2014,WF,CH,3865203490.95225
2014,WF,CN,58852995981.0829
2014,WF,CY,105973535.580404
2014,WF,CZ,761800297.173055
2014,WF,DE,14167804002.6876
2014,WF,DK,952729091.489183
2014,WF,EE,187485328.89498
2014,WF,ES,20935420287.1167
2014,WF,FI,863489177.923483
2014,WF,FR,20360487619.0092
2014,WF,GB,17005737059.7286
2014,WF,GR,1244169528.82558
2014,WF,HR,216182767.890149
2014,WF,HU,450583411.075472
2014,WF,ID,3908736163.56928
2014,WF,IE,1170314042.08719
2014,WF,IN,19832874479.2139
2014,WF,IT,18878013676.5459
2014,WF,JP,10483241640.5162
2014,WF,KR,5683355716.91891
2014,WF,LT,310306917.906242
2014,WF,LU,544705560.4452
2014,WF,LV,65094441.3148675
2014,WF,MT,234550487.30871
2014,WF,MX,1896936302.1927
2014,WF,NL,8025545552.35853
2014,WF,NO,1853042841.12685
2014,WF,PL,1852194873.14977
2014,WF,PT,3921994282.21601
2014,WF,RO,576900521.85764
2014,WF,RU,3054481428.64025
2014,WF,SE,1837023012.89155
2014,WF,SI,230932293.674529
2014,WF,SK,664550350.544145
2014,WF,TR,6852133234.57106
2014,WF,TW,2561395852.12552
2014,WF,US,33475621466.1359
2014,WF,WA,20562271223.365
2014,WF,WE,1317240963.36395
2014,WF,WF,1732789318229.68
2014,WF,WL,8938204203.12938
2014,WF,WM,26452869595.2454
2014,WF,ZA,5496276139.3834
2014,WL,AT,887623132.863179
2014,WL,AU,2270560145.75523
2014,WL,BE,2178341081.73899
2014,WL,BG,133352342.233423
2014,WL,BR,68864738315.6843
2014,WL,CA,6700201657.02829
2014,WL,CH,2094147803.11208
2014,WL,CN,52404850773.5712
2014,WL,CY,77650772.5842768
2014,WL,CZ,469904279.528123
2014,WL,DE,11359222603.4022
2014,WL,DK,969081496.802797
2014,WL,EE,65169215.535017
2014,WL,ES,6892841733.80218
2014,WL,FI,591650424.392119
2014,WL,FR,5399367822.4454
2014,WL,GB,7992783938.28634
2014,WL,GR,535709511.381562
2014,WL,HR,130160350.620249
2014,WL,HU,268923671.890612
2014,WL,ID,1880048789.01804
2014,WL,IE,814659356.08918
2014,WL,IN,12732636408.425
2014,WL,IT,4176766256.92905
2014,WL,JP,7914494999.12902
2014,WL,KR,4333743547.85949
2014,WL,LT,90179470.0742625
2014,WL,LU,333824904.241102
2014,WL,LV,46716773.1623238
2014,WL,MT,52374232.2434452
2014,WL,MX,7289794707.34164
2014,WL,NL,7562258288.12256
2014,WL,NO,957245131.105344
2014,WL,PL,972440800.774665
2014,WL,PT,1184702107.02691
2014,WL,RO,296373944.139531
2014,WL,RU,12507087724.6851
2014,WL,SE,1208936139.7667
2014,WL,SI,174071129.670062
2014,WL,SK,226123951.079082
2014,WL,TR,3718068543.28213
2014,WL,TW,2139844411.28062
2014,WL,US,91121328822.4249
2014,WL,WA,21885540336.8122
2014,WL,WE,985439485.63056
2014,WL,WF,10910542119.978
2014,WL,WL,1027835688973.46
2014,WL,WM,19325263467.0129
2014,WL,ZA,617287850.970738
2014,WM,AT,2275062071.26255
2014,WM,AU,17642037944.3538
2014,WM,BE,11103498895.3711
2014,WM,BG,886110954.94068
2014,WM,BR,12716790923.9679
2014,WM,CA,9112866774.94268
2014,WM,CH,12485312586.3161
2014,WM,CN,165927951432.775
2014,WM,CY,759744267.150583
2014,WM,CZ,1121236205.49555
2014,WM,DE,19890426798.4382
2014,WM,DK,2193361912.51873
2014,WM,EE,187845824.856561
2014,WM,ES,9696958707.51925
2014,WM,FI,1719433006.05442
2014,WM,FR,22268188084.3698
2014,WM,GB,27618015624.0703
2014,WM,GR,4603852262.03072
2014,WM,HR,284749954.71024
2014,WM,HU,1012908654.35417
2014,WM,ID,23592742458.3145
2014,WM,IE,1879709429.18038
2014,WM,IN,89575535196.744
2014,WM,IT,14657339955.5764
2014,WM,JP,105054025164.804
2014,WM,KR,44868903377.9016
2014,WM,LT,244926093.753682
2014,WM,LU,1008464780.79042
2014,WM,LV,269965609.981184
2014,WM,MT,309081140.304367
2014,WM,MX,6384495095.56061
2014,WM,NL,11816088803.5158
2014,WM,NO,1869673916.13152
2014,WM,PL,2660431295.28375
2014,WM,PT,1569805024.07726
2014,WM,RO,1325072965.85241
2014,WM,RU,8973909578.40641
2014,WM,SE,2918400029.53334
2014,WM,SI,519233239.261247
2014,WM,SK,536396105.633703
2014,WM,TR,25564473996.5801
2014,WM,TW,4728612300.95623
2014,WM,US,176845900690.019
2014,WM,WA,191538538354.375
2014,WM,WE,3116656144.36382
2014,WM,WF,52384087349.2894
2014,WM,WL,15987461343.121
2014,WM,WM,1675234377117.39
2014,WM,ZA,5938467603.27791
2014,ZA,AT,396601471.428563
2014,ZA,AU,1332146000.98072
2014,ZA,BE,1198508830.81181
2014,ZA,BG,109229360.279333
2014,ZA,BR,1580231112.66193
2014,ZA,CA,1394936551.19667
2014,ZA,CH,1029941356.53735
2014,ZA,CN,7790462657.49278
2014,ZA,CY,30444562.4509115
2014,ZA,CZ,240363364.954417
2014,ZA,DE,3614404881.84002
2014,ZA,DK,253394916.846491
2014,ZA,EE,43943994.1567903
2014,ZA,ES,1187858941.69017
2014,ZA,FI,263056901.633674
2014,ZA,FR,2099309853.26251
2014,ZA,GB,3647389768.13089
2014,ZA,GR,205555578.839731
2014,ZA,HR,57785224.181344
2014,ZA,HU,162971791.77395
2014,ZA,ID,764929767.873917
2014,ZA,IE,350281870.191829
2014,ZA,IN,5001471801.70672
2014,ZA,IT,1317498791.15968
2014,ZA,JP,2883001609.9247
2014,ZA,KR,1289347573.2486
2014,ZA,LT,43450186.3325929
2014,ZA,LU,156672822.094341
2014,ZA,LV,23745002.3565698
2014,ZA,MT,26681942.0302555
2014,ZA,MX,646985281.745821
2014,ZA,NL,1671657148.67514
2014,ZA,NO,521129953.481047
2014,ZA,PL,549267469.033464
2014,ZA,PT,332236779.584013
2014,ZA,RO,183755051.713719
2014,ZA,RU,1398428987.1426
2014,ZA,SE,508873174.134401
2014,ZA,SI,55930986.4454179
2014,ZA,SK,122299226.787541
2014,ZA,TR,1448069552.8154
2014,ZA,TW,1884480500.57701
2014,ZA,US,9158574609.97526
2014,ZA,WA,10889068852.7754
2014,ZA,WE,364549312.117065
2014,ZA,WF,53536584515.0945
2014,ZA,WL,2067742859.81878
2014,ZA,WM,7697471511.58229
2014,ZA,ZA,373591536014.296
2015,AT,AT,48257282775.4335
2015,AT,AU,307931087.212312
2015,AT,BE,342783655.477028
2015,AT,BG,87353063.396959
2015,AT,BR,257290042.764625
2015,AT,CA,440941936.75397
2015,AT,CH,1127962261.92406
2015,AT,CN,1343303839.63846
2015,AT,CY,15273859.1003047
2015,AT,CZ,427934550.595483
2015,AT,DE,4638167540.25316
2015,AT,DK,169956533.761557
2015,AT,EE,19772070.7445706
2015,AT,ES,464827558.298943
2015,AT,FI,136761986.066924
2015,AT,FR,1332420004.57589
2015,AT,GB,1125051310.01735
2015,AT,GR,115621188.09513
2015,AT,HR,162670490.353069
2015,AT,HU,684592508.320213
2015,AT,ID,119308313.603866
2015,AT,IE,172497839.563959
2015,AT,IN,375864732.713411
2015,AT,IT,1884441800.82801
2015,AT,JP,562241138.918543
2015,AT,KR,344458516.462165
2015,AT,LT,37391782.9520578
2015,AT,LU,33989938.6101858
2015,AT,LV,17331854.5910104
2015,AT,MT,6802599.98290062
2015,AT,MX,252480747.620287
2015,AT,NL,548221477.96683
2015,AT,NO,201107008.686426
2015,AT,PL,494423722.344585
2015,AT,PT,97584072.7468556
2015,AT,RO,254710431.106671
2015,AT,RU,480173103.79245
2015,AT,SE,336508905.661471
2015,AT,SI,316200158.726317
2015,AT,SK,322065180.293146
2015,AT,TR,394093949.715822
2015,AT,TW,712059122.193043
2015,AT,US,2126387188.06201
2015,AT,WA,1043844616.78882
2015,AT,WE,251260928.56185
2015,AT,WF,534255664.108128
2015,AT,WL,656229674.351495
2015,AT,WM,1333504262.65294
2015,AT,ZA,78584940.5698897
2015,AU,AT,398402433.726401
2015,AU,AU,408148297942.363
2015,AU,BE,758435949.727786
2015,AU,BG,59138991.6579264
2015,AU,BR,1467748480.13856
2015,AU,CA,2334497034.42627
2015,AU,CH,875854596.825574
2015,AU,CN,49732801051.2305
2015,AU,CY,30181244.4780225
2015,AU,CZ,409964191.859394
2015,AU,DE,2788644246.50384
2015,AU,DK,249326930.738889
2015,AU,EE,28854675.4551303
2015,AU,ES,898436325.507201
2015,AU,FI,241956629.729817
2015,AU,FR,1987180112.26308
2015,AU,GB,3216633823.88409
2015,AU,GR,159779944.708421
2015,AU,HR,41910814.9339255
2015,AU,HU,155668170.068906
2015,AU,ID,9166734090.17171
2015,AU,IE,304262002.253767
2015,AU,IN,10783609314.1053
2015,AU,IT,1834666555.58978
2015,AU,JP,22927641985.3763
2015,AU,KR,11947680815.0867
2015,AU,LT,38668221.9964254
2015,AU,LU,73268764.6301746
2015,AU,LV,27364218.914987
2015,AU,MT,23383905.0699709
2015,AU,MX,1126095012.63569
2015,AU,NL,1609806978.84111
2015,AU,NO,412204367.115419
2015,AU,PL,491297305.392809
2015,AU,PT,183057553.345575
2015,AU,RO,136555449.748785
2015,AU,RU,2000257316.98085
2015,AU,SE,572100734.561932
2015,AU,SI,62799884.344904
2015,AU,SK,124220857.05395
2015,AU,TR,1015683030.27583
2015,AU,TW,1288801298.77263
2015,AU,US,26294072857.0818
2015,AU,WA,31366987995.0466
2015,AU,WE,350182264.275779
2015,AU,WF,2468569283.34518
2015,AU,WL,2835372551.88604
2015,AU,WM,13223960279.7482
2015,AU,ZA,337262768.395676
2015,BE,AT,420127120.418643
2015,BE,AU,534291181.297274
2015,BE,BE,66644233583.6832
2015,BE,BG,80740950.7295552
2015,BE,BR,573212517.916466
2015,BE,CA,692862240.990486
2015,BE,CH,946309044.920024
2015,BE,CN,3150211671.74704
2015,BE,CY,30227696.5093603
2015,BE,CZ,371517220.358473
2015,BE,DE,5245832319.95566
2015,BE,DK,389481656.283
2015,BE,EE,31098784.0203816
2015,BE,ES,1016494160.50917
2015,BE,FI,346340013.516641
2015,BE,FR,5329716685.97568
2015,BE,GB,3295686138.63762
2015,BE,GR,215980582.7867
2015,BE,HR,45483902.5553593
2015,BE,HU,190401840.39598
2015,BE,ID,277805520.292825
2015,BE,IE,396962723.611229
2015,BE,IN,1071529784.5115
2015,BE,IT,1758385739.18894
2015,BE,JP,1320551015.02733
2015,BE,KR,747699549.620324
2015,BE,LT,65038422.156308
2015,BE,LU,151931631.273744
2015,BE,LV,36014358.4632479
2015,BE,MT,12304527.1332055
2015,BE,MX,526636021.632234
2015,BE,NL,2906099483.79991
2015,BE,NO,411518487.811806
2015,BE,PL,640496390.225207
2015,BE,PT,224534396.476079
2015,BE,RO,170948265.071502
2015,BE,RU,705416249.322706
2015,BE,SE,850438189.430878
2015,BE,SI,44720351.8042687
2015,BE,SK,124022429.597461
2015,BE,TR,659412957.537875
2015,BE,TW,1083479020.71716
2015,BE,US,4427101720.7633
2015,BE,WA,2065213783.04905
2015,BE,WE,316140088.311482
2015,BE,WF,1361214403.26386
2015,BE,WL,1303749727.94143
2015,BE,WM,2337027472.75497
2015,BE,ZA,193779744.079786
2015,BG,AT,328171363.160328
2015,BG,AU,193384930.568191
2015,BG,BE,358341242.335805
2015,BG,BG,23773479580.5666
2015,BG,BR,167888664.42608
2015,BG,CA,235065881.975621
2015,BG,CH,312946973.285627
2015,BG,CN,1391783137.77201
2015,BG,CY,239953149.817796
2015,BG,CZ,671345601.106405
2015,BG,DE,2987881950.09326
2015,BG,DK,251365391.797912
2015,BG,EE,27929522.0246687
2015,BG,ES,701547657.055654
2015,BG,FI,128019883.916142
2015,BG,FR,1212164371.07365
2015,BG,GB,1365971795.32437
2015,BG,GR,2060624956.29178
2015,BG,HR,113005495.525001
2015,BG,HU,360817491.897532
2015,BG,ID,140846431.810595
2015,BG,IE,114948889.036243
2015,BG,IN,296901124.366869
2015,BG,IT,1752915863.47669
2015,BG,JP,327845384.077229
2015,BG,KR,274646218.090716
2015,BG,LT,53807830.526262
2015,BG,LU,51802001.1543003
2015,BG,LV,31088838.5707567
2015,BG,MT,17085009.1402261
2015,BG,MX,223274336.323165
2015,BG,NL,604371218.819029
2015,BG,NO,219867612.110974
2015,BG,PL,626265503.098631
2015,BG,PT,186163760.642076
2015,BG,RO,1560017093.25386
2015,BG,RU,482566191.692385
2015,BG,SE,312892526.418878
2015,BG,SI,304179141.530612
2015,BG,SK,153012102.312453
2015,BG,TR,3139699478.9382
2015,BG,TW,776369860.757609
2015,BG,US,1404802084.84136
2015,BG,WA,1488742353.40344
2015,BG,WE,1638791544.1798
2015,BG,WF,1119677065.71241
2015,BG,WL,494254763.691883
2015,BG,WM,2387164313.65162
2015,BG,ZA,71712370.4523517
2015,BR,AT,454232993.275674
2015,BR,AU,990074837.895288
2015,BR,BE,1341091094.7005
2015,BR,BG,70051832.5776331
2015,BR,BR,918129853389.41
2015,BR,CA,2218778776.30002
2015,BR,CH,1117139343.54997
2015,BR,CN,40880112826.2004
2015,BR,CY,31254541.0104748
2015,BR,CZ,232301412.961544
2015,BR,DE,4187649593.61133
2015,BR,DK,310521730.05409
2015,BR,EE,41326610.9912816
2015,BR,ES,1910517299.74685
2015,BR,FI,379607094.595849
2015,BR,FR,2265273492.48273
2015,BR,GB,3150853310.83477
2015,BR,GR,207272184.84655
2015,BR,HR,49352531.1769252
2015,BR,HU,179727817.246688
2015,BR,ID,1388991624.49342
2015,BR,IE,399299481.707588
2015,BR,IN,3371037216.07758
2015,BR,IT,3279831947.94088
2015,BR,JP,5318861038.35447
2015,BR,KR,3386390084.16717
2015,BR,LT,46194872.9758384
2015,BR,LU,123277892.340252
2015,BR,LV,28177720.0538973
2015,BR,MT,16600934.2617447
2015,BR,MX,2683030861.75646
2015,BR,NL,3097339786.1086
2015,BR,NO,716505062.035702
2015,BR,PL,505407570.307385
2015,BR,PT,473426901.721885
2015,BR,RO,168690447.207175
2015,BR,RU,8492575095.35951
2015,BR,SE,790869032.781474
2015,BR,SI,85734615.2730933
2015,BR,SK,114705761.60326
2015,BR,TR,1691591275.07991
2015,BR,TW,1700341442.55598
2015,BR,US,24010727497.9022
2015,BR,WA,30975173542.7476
2015,BR,WE,480188680.906551
2015,BR,WF,5507582903.25223
2015,BR,WL,45501138031.3415
2015,BR,WM,35787591140.5255
2015,BR,ZA,247673638.345498
2015,CA,AT,607733060.671027
2015,CA,AU,1786111455.77471
2015,CA,BE,1463866100.30439
2015,CA,BG,73591974.0490512
2015,CA,BR,2791082754.41251
2015,CA,CA,396984724250.943
2015,CA,CH,1550241922.76396
2015,CA,CN,24879272257.4372
2015,CA,CY,49009128.9004362
2015,CA,CZ,326454117.432994
2015,CA,DE,4714983317.59234
2015,CA,DK,494204414.19801
2015,CA,EE,39020213.7489419
2015,CA,ES,1542504607.91674
2015,CA,FI,480720020.053276
2015,CA,FR,3661452709.01253
2015,CA,GB,5053763543.55735
2015,CA,GR,246822939.988861
2015,CA,HR,61362828.6528853
2015,CA,HU,238108143.243811
2015,CA,ID,1378562931.32848
2015,CA,IE,744747492.770619
2015,CA,IN,3589781820.54199
2015,CA,IT,2336811098.40703
2015,CA,JP,8595810239.75844
2015,CA,KR,3162824873.4245
2015,CA,LT,60099077.5268689
2015,CA,LU,145890518.027575
2015,CA,LV,38734442.1728963
2015,CA,MT,30799189.5230799
2015,CA,MX,10987103555.0391
2015,CA,NL,2122176222.20447
2015,CA,NO,928638173.598072
2015,CA,PL,607741204.492354
2015,CA,PT,328906880.788488
2015,CA,RO,195755937.922682
2015,CA,RU,1425931889.65454
2015,CA,SE,869674091.098908
2015,CA,SI,74706404.827997
2015,CA,SK,144065876.739907
2015,CA,TR,1366347860.54033
2015,CA,TW,2656620115.94322
2015,CA,US,202249906093.229
2015,CA,WA,12411648143.2389
2015,CA,WE,736711962.322397
2015,CA,WF,3808861393.3353
2015,CA,WL,16099148005.8907
2015,CA,WM,6970079976.66453
2015,CA,ZA,393438338.759212
2015,CH,AT,388222698.910436
2015,CH,AU,535475429.568303
2015,CH,BE,589530781.235324
2015,CH,BG,27789328.1341604
2015,CH,BR,610703731.210966
2015,CH,CA,571823655.147767
2015,CH,CH,39428878883.7576
2015,CH,CN,2996535146.36018
2015,CH,CY,29357707.9986572
2015,CH,CZ,106804188.63305
2015,CH,DE,2741599776.8739
2015,CH,DK,300038806.157842
2015,CH,EE,13848358.044154
2015,CH,ES,566396783.062498
2015,CH,FI,277028389.079863
2015,CH,FR,1716736988.12152
2015,CH,GB,1423262652.90526
2015,CH,GR,124228969.582665
2015,CH,HR,21780690.9923098
2015,CH,HU,99885669.8636875
2015,CH,ID,208404953.544211
2015,CH,IE,163975587.93165
2015,CH,IN,712218841.309144
2015,CH,IT,1258243966.75321
2015,CH,JP,1493515997.11555
2015,CH,KR,759836208.523434
2015,CH,LT,23105455.3016976
2015,CH,LU,43284202.1267441
2015,CH,LV,13778894.4417145
2015,CH,MT,6073294.56496392
2015,CH,MX,606145119.164108
2015,CH,NL,444815194.630162
2015,CH,NO,252551865.592849
2015,CH,PL,200698613.737078
2015,CH,PT,130616582.85463
2015,CH,RO,60157358.2213356
2015,CH,RU,504527044.635323
2015,CH,SE,347382714.839373
2015,CH,SI,25856627.4139528
2015,CH,SK,50787616.3358264
2015,CH,TR,392325599.233227
2015,CH,TW,753799361.213281
2015,CH,US,3384557810.77788
2015,CH,WA,1313735356.19048
2015,CH,WE,261171307.598369
2015,CH,WF,747505264.154379
2015,CH,WL,749066260.002206
2015,CH,WM,1457839410.57743
2015,CH,ZA,169226657.512049
2015,CN,AT,5277589699.17021
2015,CN,AU,48002871004.14
2015,CN,BE,14258868090.4153
2015,CN,BG,1282677334.03406
2015,CN,BR,28885902630.893
2015,CN,CA,41605052380.4944
2015,CN,CH,14489749696.085
2015,CN,CN,9164085357367.38
2015,CN,CY,368977746.085757
2015,CN,CZ,6665253841.02416
2015,CN,DE,85712305764.0779
2015,CN,DK,5593059846.3719
2015,CN,EE,618372341.281193
2015,CN,ES,20036835116.5315
2015,CN,FI,3956294042.96295
2015,CN,FR,46544004331.1255
2015,CN,GB,74191721696.7575
2015,CN,GR,3689869276.03876
2015,CN,HR,873376554.903123
2015,CN,HU,2836439788.35549
2015,CN,ID,31720153165.1798
2015,CN,IE,5550131039.75651
2015,CN,IN,81922256423.0768
2015,CN,IT,28721388422.7521
2015,CN,JP,136891882206.682
2015,CN,KR,80342621969.8343
2015,CN,LT,867830134.18014
2015,CN,LU,1182470082.40319
2015,CN,LV,499643904.139871
2015,CN,MT,862806902.275314
2015,CN,MX,45019208493.1018
2015,CN,NL,31674896441.2156
2015,CN,NO,8627483213.22742
2015,CN,PL,13276127539.0641
2015,CN,PT,2857551663.61891
2015,CN,RO,3055335094.70667
2015,CN,RU,33799413645.0146
2015,CN,SE,9635611710.53229
2015,CN,SI,1196091269.57529
2015,CN,SK,2415869141.04523
2015,CN,TR,28812260341.5004
2015,CN,TW,7009601488.9392
2015,CN,US,508406772340.442
2015,CN,WA,735972736982.999
2015,CN,WE,7753980140.8022
2015,CN,WF,103623664702.636
2015,CN,WL,166523229658.572
2015,CN,WM,213675109738.854
2015,CN,ZA,4316068922.39469
2015,CY,AT,43375464.6888162
2015,CY,AU,71851272.0334135
2015,CY,BE,55158714.3798133
2015,CY,BG,17423602.3396939
2015,CY,BR,66111584.8989887
2015,CY,CA,65758444.9123253
2015,CY,CH,67783983.9816026
2015,CY,CN,223144740.849001
2015,CY,CY,8838719332.86482
2015,CY,CZ,23167256.7803113
2015,CY,DE,122325566.755521
2015,CY,DK,29768963.911803
2015,CY,EE,6542589.72624119
2015,CY,ES,59417634.4234876
2015,CY,FI,53837383.3614813
2015,CY,FR,107097225.222423
2015,CY,GB,172129330.298041
2015,CY,GR,133561297.806845
2015,CY,HR,9187853.6879012
2015,CY,HU,25371414.0355076
2015,CY,ID,43696331.9214452
2015,CY,IE,40986444.5613686
2015,CY,IN,98167767.5919685
2015,CY,IT,88918929.1537443
2015,CY,JP,100258218.559219
2015,CY,KR,70326527.7795071
2015,CY,LT,6184950.13183026
2015,CY,LU,7165791.4224171
2015,CY,LV,5995629.12521662
2015,CY,MT,2645064.50112084
2015,CY,MX,73196383.0167414
2015,CY,NL,48211775.1541612
2015,CY,NO,65580656.9018762
2015,CY,PL,40499479.1423887
2015,CY,PT,33900110.3974274
2015,CY,RO,25324350.39879
2015,CY,RU,67570721.4966701
2015,CY,SE,62749571.6885173
2015,CY,SI,6423714.33787322
2015,CY,SK,16556064.2152009
2015,CY,TR,101095607.410438
2015,CY,TW,567477971.107632
2015,CY,US,186644569.799397
2015,CY,WA,156574967.003696
2015,CY,WE,30275139.4759091
2015,CY,WF,91756573.2597635
2015,CY,WL,85696629.8298864
2015,CY,WM,699522974.007902
2015,CY,ZA,16818606.558951
2015,CZ,AT,1747783106.27169
2015,CZ,AU,530260258.590308
2015,CZ,BE,753515880.373318
2015,CZ,BG,387405537.511625
2015,CZ,BR,348496213.934686
2015,CZ,CA,586281212.866319
2015,CZ,CH,1071438351.97
2015,CZ,CN,2412209381.3003
2015,CZ,CY,24812938.3920078
2015,CZ,CZ,61445208083.3562
2015,CZ,DE,12419146224.018
2015,CZ,DK,415567847.490109
2015,CZ,EE,68191013.9493406
2015,CZ,ES,1053823407.12648
2015,CZ,FI,293705759.957044
2015,CZ,FR,2989742253.13756
2015,CZ,GB,3601773916.22035
2015,CZ,GR,266544827.531584
2015,CZ,HR,215106881.425914
2015,CZ,HU,873189471.189706
2015,CZ,ID,189473580.137175
2015,CZ,IE,297353521.566712
2015,CZ,IN,561289005.779979
2015,CZ,IT,3018397727.92542
2015,CZ,JP,726980123.893785
2015,CZ,KR,454069112.076236
2015,CZ,LT,118581316.856502
2015,CZ,LU,70398860.769791
2015,CZ,LV,66004088.5702842
2015,CZ,MT,10460012.8759867
2015,CZ,MX,461323615.218976
2015,CZ,NL,1067435683.63004
2015,CZ,NO,503202070.84035
2015,CZ,PL,2330355604.39811
2015,CZ,PT,222116756.493484
2015,CZ,RO,565705013.808159
2015,CZ,RU,1142837184.16797
2015,CZ,SE,837638027.856077
2015,CZ,SI,303189710.647553
2015,CZ,SK,4845860460.98431
2015,CZ,TR,1105715251.88365
2015,CZ,TW,1273530787.55605
2015,CZ,US,3350858450.25787
2015,CZ,WA,1678982295.95521
2015,CZ,WE,621603187.994559
2015,CZ,WF,956459717.603033
2015,CZ,WL,955317924.358194
2015,CZ,WM,2441974582.92273
2015,CZ,ZA,111598298.692059
2015,DE,AT,11327455397.8155
2015,DE,AU,2695569147.8269
2015,DE,BE,6629671959.02141
2015,DE,BG,657230907.49975
2015,DE,BR,2803714230.98899
2015,DE,CA,3806349380.14765
2015,DE,CH,13016279644.63
2015,DE,CN,41510204852.912
2015,DE,CY,104631416.917449
2015,DE,CZ,4987024098.80085
2015,DE,DE,613129543523.753
2015,DE,DK,3402247662.88938
2015,DE,EE,223407830.377645
2015,DE,ES,7070766544.07675
2015,DE,FI,1578391661.96439
2015,DE,FR,22490102854.0842
2015,DE,GB,19144234800.7712
2015,DE,GR,1112102494.91983
2015,DE,HR,491182785.830476
2015,DE,HU,1864746354.68474
2015,DE,ID,1007349912.71742
2015,DE,IE,1650983798.75966
2015,DE,IN,4309237000.53921
2015,DE,IT,15403281686.0886
2015,DE,JP,10530428831.8931
2015,DE,KR,5175094938.13979
2015,DE,LT,431903266.590176
2015,DE,LU,608129381.784772
2015,DE,LV,238887927.242946
2015,DE,MT,62816429.8744181
2015,DE,MX,3500158775.01939
2015,DE,NL,14070556948.3813
2015,DE,NO,2521198484.04877
2015,DE,PL,9374515570.42006
2015,DE,PT,1116451196.91929
2015,DE,RO,1776150559.5967
2015,DE,RU,5495101896.34152
2015,DE,SE,4429858466.86287
2015,DE,SI,629255685.105288
2015,DE,SK,1455120491.46805
2015,DE,TR,4774841235.981
2015,DE,TW,2660827418.13579
2015,DE,US,47894894405.6552
2015,DE,WA,14914856539.3878
2015,DE,WE,2313798381.19132
2015,DE,WF,6895526705.47433
2015,DE,WL,8022964414.25644
2015,DE,WM,16492134613.8501
2015,DE,ZA,975452012.473636
2015,DK,AT,231675825.579678
2015,DK,AU,489171606.255363
2015,DK,BE,476747062.778536
2015,DK,BG,55497287.1615149
2015,DK,BR,462942725.982402
2015,DK,CA,467903053.970639
2015,DK,CH,546652588.662208
2015,DK,CN,10679401408.2074
2015,DK,CY,21505023.334153
2015,DK,CZ,157066324.588024
2015,DK,DE,4310214032.32556
2015,DK,DK,30341962909.8574
2015,DK,EE,41125053.6320871
2015,DK,ES,668428407.421648
2015,DK,FI,435229145.992134
2015,DK,FR,1543543785.81408
2015,DK,GB,2283366609.65253
2015,DK,GR,173009602.309268
2015,DK,HR,37090549.520282
2015,DK,HU,106426025.170661
2015,DK,ID,187613088.322376
2015,DK,IE,202741700.758886
2015,DK,IN,625422433.364865
2015,DK,IT,908932813.193883
2015,DK,JP,2854924930.83017
2015,DK,KR,1154815761.08788
2015,DK,LT,84695767.0216616
2015,DK,LU,37332025.4530208
2015,DK,LV,41641696.349164
2015,DK,MT,12412107.8704403
2015,DK,MX,565025188.969013
2015,DK,NL,752651113.998206
2015,DK,NO,1148392216.26336
2015,DK,PL,540379678.314284
2015,DK,PT,133894662.580984
2015,DK,RO,108065963.567199
2015,DK,RU,561085496.25037
2015,DK,SE,1677839395.53628
2015,DK,SI,26074969.1677265
2015,DK,SK,74294028.2234085
2015,DK,TR,340985165.078138
2015,DK,TW,927774922.545088
2015,DK,US,4745087684.8993
2015,DK,WA,2191304711.97374
2015,DK,WE,206647680.628941
2015,DK,WF,640417514.643128
2015,DK,WL,1234278693.48079
2015,DK,WM,1915883451.08055
2015,DK,ZA,83608997.8743721
2015,EE,AT,56576952.2166255
2015,EE,AU,83317533.5586459
2015,EE,BE,74072993.8527447
2015,EE,BG,21432864.185877
2015,EE,BR,63124697.6324916
2015,EE,CA,85688495.2349237
2015,EE,CH,80656024.8410509
2015,EE,CN,287260285.731785
2015,EE,CY,10476338.9900654
2015,EE,CZ,44510130.3174849
2015,EE,DE,317189161.786311
2015,EE,DK,118112785.950238
2015,EE,EE,8384723398.49977
2015,EE,ES,99658196.807823
2015,EE,FI,383619414.970021
2015,EE,FR,179135620.142997
2015,EE,GB,234832458.778662
2015,EE,GR,37985421.6097611
2015,EE,HR,15631134.5194612
2015,EE,HU,34926536.5462582
2015,EE,ID,41614517.1952138
2015,EE,IE,40627820.0147538
2015,EE,IN,134366470.920484
2015,EE,IT,126004292.603531
2015,EE,JP,128470487.625992
2015,EE,KR,84249463.2133021
2015,EE,LT,195272989.558322
2015,EE,LU,12119626.0182613
2015,EE,LV,1642152913.23285
2015,EE,MT,4699321.60834855
2015,EE,MX,65529140.6037358
2015,EE,NL,129592143.638443
2015,EE,NO,213789932.713834
2015,EE,PL,117938187.32238
2015,EE,PT,47873251.9670679
2015,EE,RO,36320531.8337144
2015,EE,RU,377580170.231898
2015,EE,SE,289088788.270964
2015,EE,SI,13101086.6694043
2015,EE,SK,33017074.9868266
2015,EE,TR,112103400.012562
2015,EE,TW,563559813.445965
2015,EE,US,345796072.572833
2015,EE,WA,251571605.164788
2015,EE,WE,60901870.3328525
2015,EE,WF,226133474.402797
2015,EE,WL,129419381.744916
2015,EE,WM,366632090.071193
2015,EE,ZA,24555750.7247119
2015,ES,AT,461905043.96532
2015,ES,AU,756895021.77648
2015,ES,BE,1126538051.79787
2015,ES,BG,170417690.180247
2015,ES,BR,1072137607.11812
2015,ES,CA,1058349282.0861
2015,ES,CH,1098226883.20889
2015,ES,CN,5530312714.05728
2015,ES,CY,38028240.3854751
2015,ES,CZ,336245072.955825
2015,ES,DE,6436148036.59964
2015,ES,DK,399575772.254074
2015,ES,EE,39045124.1116564
2015,ES,ES,247409277699.285
2015,ES,FI,309204130.04264
2015,ES,FR,9492549590.97463
2015,ES,GB,5812598250.41857
2015,ES,GR,479234318.348794
2015,ES,HR,78294007.2797872
2015,ES,HU,237585211.163696
2015,ES,ID,280796093.102668
2015,ES,IE,445870426.508246
2015,ES,IN,1170665582.20106
2015,ES,IT,4280164214.59254
2015,ES,JP,2252541845.0524
2015,ES,KR,1261903829.7361
2015,ES,LT,87410066.3908616
2015,ES,LU,81903101.9547229
2015,ES,LV,40009502.2040371
2015,ES,MT,42180772.8904831
2015,ES,MX,1252374118.67619
2015,ES,NL,1653153030.79864
2015,ES,NO,517761481.454094
2015,ES,PL,829969028.759289
2015,ES,PT,4002557698.65141
2015,ES,RO,329100053.549031
2015,ES,RU,1357773648.82742
2015,ES,SE,773342889.575012
2015,ES,SI,102027336.86641
2015,ES,SK,156791956.995518
2015,ES,TR,1357923956.85943
2015,ES,TW,1460116875.3664
2015,ES,US,10515619047.1362
2015,ES,WA,3328910748.08935
2015,ES,WE,589446782.460633
2015,ES,WF,6780226295.36411
2015,ES,WL,4070769096.22666
2015,ES,WM,6103122538.98352
2015,ES,ZA,125075809.625205
2015,FI,AT,167516195.301794
2015,FI,AU,280188089.597338
2015,FI,BE,384392387.933835
2015,FI,BG,36573024.5414682
2015,FI,BR,287416084.145812
2015,FI,CA,328773287.97653
2015,FI,CH,375500871.069936
2015,FI,CN,1881631641.32764
2015,FI,CY,17891272.794465
2015,FI,CZ,109454798.460232
2015,FI,DE,1505643648.82362
2015,FI,DK,221102496.008445
2015,FI,EE,277989723.187549
2015,FI,ES,369006037.71045
2015,FI,FI,37407669828.33
2015,FI,FR,787719841.947591
2015,FI,GB,1329615030.7132
2015,FI,GR,98165890.6935911
2015,FI,HR,22435255.8868858
2015,FI,HU,98621310.1264672
2015,FI,ID,148114050.73074
2015,FI,IE,219721692.925652
2015,FI,IN,404810229.700734
2015,FI,IT,521936232.574035
2015,FI,JP,682156342.604231
2015,FI,KR,363459236.174051
2015,FI,LT,82977256.1485342
2015,FI,LU,39551180.0500121
2015,FI,LV,136942941.129201
2015,FI,MT,6862535.85119967
2015,FI,MX,338866082.440063
2015,FI,NL,745344197.557683
2015,FI,NO,459845027.966945
2015,FI,PL,316421987.477156
2015,FI,PT,115306734.632144
2015,FI,RO,83951632.3514727
2015,FI,RU,868541222.861867
2015,FI,SE,1314766491.21001
2015,FI,SI,24527058.6805139
2015,FI,SK,58230655.0293833
2015,FI,TR,373322615.247709
2015,FI,TW,1347128265.35703
2015,FI,US,1930838051.42917
2015,FI,WA,1180036077.23013
2015,FI,WE,173204323.991135
2015,FI,WF,556215993.254609
2015,FI,WL,710496239.054728
2015,FI,WM,1272604190.49171
2015,FI,ZA,63286152.9640363
2015,FR,AT,874490248.061542
2015,FR,AU,1155021022.51509
2015,FR,BE,4344240960.73262
2015,FR,BG,185269701.117274
2015,FR,BR,1295986081.40141
2015,FR,CA,1628640989.35185
2015,FR,CH,2811009346.71136
2015,FR,CN,13306958282.7431
2015,FR,CY,56197103.7461297
2015,FR,CZ,544491540.17815
2015,FR,DE,13337276767.794
2015,FR,DK,769309041.990406
2015,FR,EE,50852927.4331354
2015,FR,ES,5910929498.76348
2015,FR,FI,512396799.188364
2015,FR,FR,313536793677.685
2015,FR,GB,9289259052.31151
2015,FR,GR,941817355.517956
2015,FR,HR,96349286.4039539
2015,FR,HU,503080825.417748
2015,FR,ID,549370242.485074
2015,FR,IE,718327628.084174
2015,FR,IN,1678402602.09354
2015,FR,IT,11030366748.6722
2015,FR,JP,4329319614.30412
2015,FR,KR,2149081383.06978
2015,FR,LT,97551097.025314
2015,FR,LU,395879377.579685
2015,FR,LV,50467913.1782216
2015,FR,MT,31030408.1731377
2015,FR,MX,1401268825.81392
2015,FR,NL,3583096485.66859
2015,FR,NO,718630911.512528
2015,FR,PL,1217187329.16996
2015,FR,PT,910538675.995054
2015,FR,RO,521009868.049388
2015,FR,RU,1929057058.03509
2015,FR,SE,1237214023.32952
2015,FR,SI,117630304.629974
2015,FR,SK,294839132.158831
2015,FR,TR,1956905964.72126
2015,FR,TW,1531487571.76609
2015,FR,US,16873190464.0245
2015,FR,WA,7206977944.52133
2015,FR,WE,601823639.997512
2015,FR,WF,7620601380.85279
2015,FR,WL,3006609857.41103
2015,FR,WM,6879866095.48072
2015,FR,ZA,282583565.008551
2015,GB,AT,689762864.939472
2015,GB,AU,1651716055.44716
2015,GB,BE,3507150003.4165
2015,GB,BG,170043161.459944
2015,GB,BR,2006738794.00711
2015,GB,CA,2036162987.78226
2015,GB,CH,2196168450.62591
2015,GB,CN,13968392514.6398
2015,GB,CY,83054161.8757681
2015,GB,CZ,510851992.340233
2015,GB,DE,10959750585.8734
2015,GB,DK,1026311881.42389
2015,GB,EE,63041117.9657545
2015,GB,ES,3433915304.27583
2015,GB,FI,603330428.323074
2015,GB,FR,8177950950.92157
2015,GB,GB,393326884691.451
2015,GB,GR,528486940.319296
2015,GB,HR,68014710.6114158
2015,GB,HU,333519151.325926
2015,GB,ID,583040426.520728
2015,GB,IE,3947048860.70106
2015,GB,IN,2399040697.63793
2015,GB,IT,3739024821.56261
2015,GB,JP,5547687631.69933
2015,GB,KR,3137162765.78554
2015,GB,LT,90492513.7851916
2015,GB,LU,404830659.538549
2015,GB,LV,68579955.3928983
2015,GB,MT,42636606.6266044
2015,GB,MX,1683005489.97191
2015,GB,NL,4892426492.83722
2015,GB,NO,1192178535.0154
2015,GB,PL,1036280470.88589
2015,GB,PT,647002612.897156
2015,GB,RO,279546552.582382
2015,GB,RU,2314174276.51664
2015,GB,SE,1614582918.82071
2015,GB,SI,98098802.0631584
2015,GB,SK,179894564.030932
2015,GB,TR,1803051073.63641
2015,GB,TW,1822722732.77733
2015,GB,US,26802979521.7021
2015,GB,WA,8591557634.87933
2015,GB,WE,1034109012.66829
2015,GB,WF,3742670852.667
2015,GB,WL,4189087046.85094
2015,GB,WM,8248694859.80555
2015,GB,ZA,622413962.826106
2015,GR,AT,284121313.960512
2015,GR,AU,758581087.923454
2015,GR,BE,699734630.432043
2015,GR,BG,403854166.063723
2015,GR,BR,793521011.270235
2015,GR,CA,749291255.051755
2015,GR,CH,919266219.624466
2015,GR,CN,11144039702.4622
2015,GR,CY,222496085.969211
2015,GR,CZ,158814570.23809
2015,GR,DE,3257928350.84394
2015,GR,DK,385262868.782403
2015,GR,EE,21820199.7826422
2015,GR,ES,655424286.49166
2015,GR,FI,313399953.264782
2015,GR,FR,2337375638.73356
2015,GR,GB,2646838403.48151
2015,GR,GR,92682993692.2275
2015,GR,HR,59701309.7259804
2015,GR,HU,122703249.875791
2015,GR,ID,271953471.83901
2015,GR,IE,225172597.33122
2015,GR,IN,1450259487.48034
2015,GR,IT,2146194167.04943
2015,GR,JP,3704075128.86011
2015,GR,KR,1895464084.38104
2015,GR,LT,44114380.6302698
2015,GR,LU,46704538.216686
2015,GR,LV,23128340.1418708
2015,GR,MT,89974208.4621037
2015,GR,MX,1308405943.38251
2015,GR,NL,552616514.48187
2015,GR,NO,400639259.588593
2015,GR,PL,962627052.204562
2015,GR,PT,161105425.132835
2015,GR,RO,305558993.687282
2015,GR,RU,736936438.969434
2015,GR,SE,473181930.641161
2015,GR,SI,124011297.370496
2015,GR,SK,88284202.7410344
2015,GR,TR,1522714034.77998
2015,GR,TW,3865261915.88724
2015,GR,US,7924511297.4041
2015,GR,WA,3079505537.45774
2015,GR,WE,582299384.500302
2015,GR,WF,2048453875.36898
2015,GR,WL,1495545054.26278
2015,GR,WM,3141886708.20398
2015,GR,ZA,102452948.328932
2015,HR,AT,178297169.305138
2015,HR,AU,72329559.242462
2015,HR,BE,77765165.8494638
2015,HR,BG,33765362.8709149
2015,HR,BR,63863755.8373964
2015,HR,CA,89915243.0412306
2015,HR,CH,114784746.58661
2015,HR,CN,285040771.062939
2015,HR,CY,10604513.5507813
2015,HR,CZ,72397479.1450885
2015,HR,DE,487766045.900793
2015,HR,DK,47390695.6255426
2015,HR,EE,9711820.70810179
2015,HR,ES,94280539.5143355
2015,HR,FI,39110942.0920832
2015,HR,FR,203261922.01014
2015,HR,GB,204629122.106015
2015,HR,GR,46842140.444655
2015,HR,HR,15307424517.3166
2015,HR,HU,360822791.454377
2015,HR,ID,40517958.8055759
2015,HR,IE,46843257.5147758
2015,HR,IN,110268783.088925
2015,HR,IT,584704857.715466
2015,HR,JP,152961635.48563
2015,HR,KR,82142930.4523328
2015,HR,LT,12931748.6081647
2015,HR,LU,11028533.4311108
2015,HR,LV,9210052.18009735
2015,HR,MT,11700540.437711
2015,HR,MX,80347596.0845405
2015,HR,NL,92871100.8816282
2015,HR,NO,75882451.2626054
2015,HR,PL,105629852.670676
2015,HR,PT,40918799.1222958
2015,HR,RO,85594981.8800962
2015,HR,RU,161272082.277076
2015,HR,SE,84363437.1204916
2015,HR,SI,467041293.386009
2015,HR,SK,47902581.1150726
2015,HR,TR,113450721.703571
2015,HR,TW,718174159.801209
2015,HR,US,399390047.252047
2015,HR,WA,225179989.544405
2015,HR,WE,595190917.18608
2015,HR,WF,179305904.362348
2015,HR,WL,138574310.4163
2015,HR,WM,365500253.276721
2015,HR,ZA,18479289.4256842
2015,HU,AT,945978429.659414
2015,HU,AU,308481594.219328
2015,HU,BE,358856681.519996
2015,HU,BG,191495400.303357
2015,HU,BR,258814719.429221
2015,HU,CA,386004259.786311
2015,HU,CH,463925149.124151
2015,HU,CN,1289239836.05512
2015,HU,CY,28267240.2834985
2015,HU,CZ,418323589.361982
2015,HU,DE,3408785509.15944
2015,HU,DK,201102357.848998
2015,HU,EE,30425701.1683835
2015,HU,ES,528278566.665292
2015,HU,FI,146231318.861904
2015,HU,FR,1165326477.11214
2015,HU,GB,1206802816.19793
2015,HU,GR,214564978.037681
2015,HU,HR,945862956.203362
2015,HU,HU,32990143941.5859
2015,HU,ID,148272377.089458
2015,HU,IE,151845964.648267
2015,HU,IN,336701623.920829
2015,HU,IT,1378874802.75613
2015,HU,JP,557013647.900574
2015,HU,KR,344631520.84938
2015,HU,LT,60544756.9751229
2015,HU,LU,43677190.6807409
2015,HU,LV,28546307.1314723
2015,HU,MT,8536903.40603764
2015,HU,MX,279087190.43984
2015,HU,NL,604383190.148185
2015,HU,NO,260004691.715611
2015,HU,PL,681769655.68595
2015,HU,PT,159782254.706988
2015,HU,RO,1530795823.0895
2015,HU,RU,691566593.332178
2015,HU,SE,358754542.937486
2015,HU,SI,168361258.072643
2015,HU,SK,540141070.415473
2015,HU,TR,647553865.315243
2015,HU,TW,1153791496.80324
2015,HU,US,1614086988.81691
2015,HU,WA,973700241.593976
2015,HU,WE,867882358.599859
2015,HU,WF,515038690.697118
2015,HU,WL,581056597.561628
2015,HU,WM,1316723393.0189
2015,HU,ZA,77711747.8906214
2015,ID,AT,313161655.299464
2015,ID,AU,3728121553.12737
2015,ID,BE,803260157.416177
2015,ID,BG,75443312.2358517
2015,ID,BR,1170000342.06755
2015,ID,CA,1423309553.35589
2015,ID,CH,1307457988.19289
2015,ID,CN,27327039884.4617
2015,ID,CY,21236865.2845346
2015,ID,CZ,234740226.084514
2015,ID,DE,3495705819.67885
2015,ID,DK,247654585.550188
2015,ID,EE,37007951.6467971
2015,ID,ES,1064198418.25567
2015,ID,FI,256085189.620646
2015,ID,FR,1898384261.53133
2015,ID,GB,2848780072.91063
2015,ID,GR,211984176.190322
2015,ID,HR,47764712.8534532
2015,ID,HU,144116616.027893
2015,ID,ID,640775807655.439
2015,ID,IE,285823039.283013
2015,ID,IN,15385907922.0179
2015,ID,IT,1955528037.03833
2015,ID,JP,13333246359.5063
2015,ID,KR,7693774921.9904
2015,ID,LT,44793822.1275727
2015,ID,LU,65703830.8496669
2015,ID,LV,38429554.6986091
2015,ID,MT,20472994.6060326
2015,ID,MX,1244048680.685
2015,ID,NL,1276015954.04914
2015,ID,NO,447316214.07783
2015,ID,PL,547545371.832479
2015,ID,PT,202093516.156594
2015,ID,RO,179819213.749607
2015,ID,RU,1319182069.76678
2015,ID,SE,448819454.505883
2015,ID,SI,81298632.1018902
2015,ID,SK,128545655.960772
2015,ID,TR,1859214297.79992
2015,ID,TW,2077764710.92518
2015,ID,US,18207375835.2313
2015,ID,WA,49935977073.6754
2015,ID,WE,354691855.072398
2015,ID,WF,3945677539.00227
2015,ID,WL,3589699687.37027
2015,ID,WM,10387009596.0538
2015,ID,ZA,273162294.239204
2015,IE,AT,220879377.459807
2015,IE,AU,457425508.86658
2015,IE,BE,594345180.239221
2015,IE,BG,42869607.5507713
2015,IE,BR,1553477179.55407
2015,IE,CA,532269912.359598
2015,IE,CH,571096551.1465
2015,IE,CN,1858805467.71197
2015,IE,CY,58126886.1727124
2015,IE,CZ,133560706.341185
2015,IE,DE,2054676305.89494
2015,IE,DK,353495213.981916
2015,IE,EE,31853490.9237098
2015,IE,ES,1162526745.9435
2015,IE,FI,270182275.588703
2015,IE,FR,1746107817.76345
2015,IE,GB,10037994831.0789
2015,IE,GR,242751813.886427
2015,IE,HR,30478613.0564103
2015,IE,HU,158689778.379609
2015,IE,ID,260266641.373394
2015,IE,IE,34499990477.7881
2015,IE,IN,609717438.998473
2015,IE,IT,2199671506.68424
2015,IE,JP,1112630251.71756
2015,IE,KR,578796259.929514
2015,IE,LT,36087051.9762173
2015,IE,LU,82611970.257862
2015,IE,LV,26737273.433191
2015,IE,MT,11396267.0406132
2015,IE,MX,511312256.668616
2015,IE,NL,1053742297.78503
2015,IE,NO,334935819.056106
2015,IE,PL,254964980.235719
2015,IE,PT,262624055.802164
2015,IE,RO,93516530.9655435
2015,IE,RU,760473454.048001
2015,IE,SE,557567260.303234
2015,IE,SI,37935059.9502076
2015,IE,SK,77758480.4471816
2015,IE,TR,404825968.045943
2015,IE,TW,657886059.991534
2015,IE,US,3168499685.45324
2015,IE,WA,1410088429.66454
2015,IE,WE,443231785.156919
2015,IE,WF,1108344275.52629
2015,IE,WL,905391917.20136
2015,IE,WM,1350001547.59633
2015,IE,ZA,355306505.058731
2015,IN,AT,1131770203.20983
2015,IN,AU,5377219964.56671
2015,IN,BE,3521444905.94865
2015,IN,BG,261502257.527251
2015,IN,BR,4682923122.67962
2015,IN,CA,4777076888.74049
2015,IN,CH,3190121343.9622
2015,IN,CN,26522551247.506
2015,IN,CY,86905094.7516838
2015,IN,CZ,779179361.01044
2015,IN,DE,13124741857.6539
2015,IN,DK,1019306160.73577
2015,IN,EE,108015300.828318
2015,IN,ES,3558713652.95513
2015,IN,FI,852356325.670452
2015,IN,FR,8746477673.82444
2015,IN,GB,14571005123.8224
2015,IN,GR,643845274.015376
2015,IN,HR,165206689.959989
2015,IN,HU,595265885.361441
2015,IN,ID,3649458817.36388
2015,IN,IE,1246820611.26899
2015,IN,IN,2700209918944.62
2015,IN,IT,6266536457.95301
2015,IN,JP,9429165510.05189
2015,IN,KR,6066246857.91584
2015,IN,LT,145524621.187427
2015,IN,LU,288751627.644185
2015,IN,LV,87587630.1077495
2015,IN,MT,70023574.7019441
2015,IN,MX,4948023623.72545
2015,IN,NL,4358460634.00087
2015,IN,NO,1500743436.1105
2015,IN,PL,1942366172.26741
2015,IN,PT,768878337.601631
2015,IN,RO,553454865.135442
2015,IN,RU,3484544308.90364
2015,IN,SE,1926335531.18855
2015,IN,SI,224171354.498361
2015,IN,SK,400116163.406022
2015,IN,TR,6202494386.34555
2015,IN,TW,3826464140.10324
2015,IN,US,60710836394.1562
2015,IN,WA,96680218600.9318
2015,IN,WE,1828178731.9431
2015,IN,WF,24873751108.5639
2015,IN,WL,16905287907.5039
2015,IN,WM,91851784835.4694
2015,IN,ZA,1106815462.70449
2015,IT,AT,1120338148.33868
2015,IT,AU,971778236.538133
2015,IT,BE,1264219317.22612
2015,IT,BG,359209831.511472
2015,IT,BR,890129830.25973
2015,IT,CA,1327050262.37075
2015,IT,CH,2647201478.99909
2015,IT,CN,5204527886.03259
2015,IT,CY,46703333.4285173
2015,IT,CZ,524153803.12511
2015,IT,DE,7861396865.24857
2015,IT,DK,438089620.385253
2015,IT,EE,49315134.0021737
2015,IT,ES,2195824287.49858
2015,IT,FI,319838320.511279
2015,IT,FR,6898366831.07806
2015,IT,GB,4669831702.24074
2015,IT,GR,614962909.261269
2015,IT,HR,353959769.783817
2015,IT,HU,389265601.297716
2015,IT,ID,346687865.874077
2015,IT,IE,360706938.285022
2015,IT,IN,1345842612.99846
2015,IT,IT,328734305283.291
2015,IT,JP,1898969241.8201
2015,IT,KR,1207476179.63871
2015,IT,LT,106001503.061521
2015,IT,LU,77888276.7017565
2015,IT,LV,48793861.114498
2015,IT,MT,126553152.13663
2015,IT,MX,945967322.772682
2015,IT,NL,1411234104.54082
2015,IT,NO,559614962.868494
2015,IT,PL,1236990317.3635
2015,IT,PT,390244137.587676
2015,IT,RO,716066482.094201
2015,IT,RU,1620773837.07853
2015,IT,SE,922597512.341918
2015,IT,SI,417059045.424452
2015,IT,SK,290782033.463997
2015,IT,TR,2204858078.39431
2015,IT,TW,1209042822.62458
2015,IT,US,9669521921.41964
2015,IT,WA,4608889007.61135
2015,IT,WE,766777147.255466
2015,IT,WF,4095448849.54312
2015,IT,WL,2421781723.10233
2015,IT,WM,6949782228.18013
2015,IT,ZA,142341404.863483
2015,JP,AT,407972326.313165
2015,JP,AU,5187432025.79775
2015,JP,BE,1371249828.63458
2015,JP,BG,66136087.2633793
2015,JP,BR,2017137425.0061
2015,JP,CA,3051195090.19643
2015,JP,CH,1746957561.60826
2015,JP,CN,61097414379.423
2015,JP,CY,41286393.6380343
2015,JP,CZ,340701125.357378
2015,JP,DE,6831023784.82067
2015,JP,DK,820575309.757293
2015,JP,EE,41365867.7856917
2015,JP,ES,1463257036.42159
2015,JP,FI,435203057.800839
2015,JP,FR,4375716228.32813
2015,JP,GB,5178944350.36651
2015,JP,GR,276984640.560278
2015,JP,HR,49144556.0669899
2015,JP,HU,269139498.237724
2015,JP,ID,3315043087.67873
2015,JP,IE,519361204.481933
2015,JP,IN,5781974838.10467
2015,JP,IT,2355548358.82177
2015,JP,JP,1065758903803.51
2015,JP,KR,11593789446.6889
2015,JP,LT,44971206.3596066
2015,JP,LU,91283628.1692504
2015,JP,LV,30588840.1071453
2015,JP,MT,56701567.4835686
2015,JP,MX,4143762799.03176
2015,JP,NL,1950222606.40409
2015,JP,NO,843000294.919118
2015,JP,PL,647850835.726537
2015,JP,PT,245806158.375741
2015,JP,RO,190877164.379057
2015,JP,RU,2326685830.43666
2015,JP,SE,828305313.601162
2015,JP,SI,73207959.5879208
2015,JP,SK,138668896.676287
2015,JP,TR,1636981628.14786
2015,JP,TW,2097781932.76431
2015,JP,US,38684249885.0863
2015,JP,WA,45025705918.5104
2015,JP,WE,577042587.258453
2015,JP,WF,4101439225.58221
2015,JP,WL,8952237315.84104
2015,JP,WM,13131305944.7353
2015,JP,ZA,373219923.468019
2015,KR,AT,395079079.43228
2015,KR,AU,4342907039.78707
2015,KR,BE,1206008360.20958
2015,KR,BG,80853125.0306236
2015,KR,BR,1938714591.90205
2015,KR,CA,2738411897.99913
2015,KR,CH,1412690618.34455
2015,KR,CN,44609460911.7726
2015,KR,CY,41082886.5194515
2015,KR,CZ,481331388.874745
2015,KR,DE,5616391045.89255
2015,KR,DK,830751075.428139
2015,KR,EE,41305748.1887659
2015,KR,ES,1791656913.6211
2015,KR,FI,380970017.460178
2015,KR,FR,3655596072.3055
2015,KR,GB,5552464471.65285
2015,KR,GR,444602477.352215
2015,KR,HR,78415692.7778643
2015,KR,HU,251822183.285282
2015,KR,ID,2994741190.6982
2015,KR,IE,443701118.716446
2015,KR,IN,6252639217.38721
2015,KR,IT,2451419146.28223
2015,KR,JP,13402176103.7915
2015,KR,KR,494284266974.273
2015,KR,LT,52476068.1845159
2015,KR,LU,94586955.0493729
2015,KR,LV,35929532.8224205
2015,KR,MT,139014214.641356
2015,KR,MX,3609636876.71046
2015,KR,NL,1772390172.51111
2015,KR,NO,1566073191.44978
2015,KR,PL,712332293.295369
2015,KR,PT,306741532.48564
2015,KR,RO,238938234.828921
2015,KR,RU,2670113197.30663
2015,KR,SE,747219372.879674
2015,KR,SI,274759447.048266
2015,KR,SK,249100547.959036
2015,KR,TR,2900549672.55826
2015,KR,TW,1859535382.06944
2015,KR,US,31362658322.5988
2015,KR,WA,35723080332.4176
2015,KR,WE,804858488.996351
2015,KR,WF,5032086952.60527
2015,KR,WL,9822452243.43731
2015,KR,WM,13695711014.9411
2015,KR,ZA,578639667.028426
2015,LT,AT,150836512.917248
2015,LT,AU,166847929.679753
2015,LT,BE,175962326.963827
2015,LT,BG,25575768.0089583
2015,LT,BR,85251599.8813432
2015,LT,CA,205748312.637618
2015,LT,CH,176787661.295476
2015,LT,CN,383299815.346512
2015,LT,CY,17360295.3913945
2015,LT,CZ,92520895.03429
2015,LT,DE,609494588.341661
2015,LT,DK,103785249.395846
2015,LT,EE,135129863.273154
2015,LT,ES,332904727.319714
2015,LT,FI,98364713.5657765
2015,LT,FR,413396034.799145
2015,LT,GB,451815936.716432
2015,LT,GR,56135537.9167201
2015,LT,HR,22756645.8438167
2015,LT,HU,68100525.7035137
2015,LT,ID,107933212.566334
2015,LT,IE,52257566.1406297
2015,LT,IN,149513158.244644
2015,LT,IT,273853294.312366
2015,LT,JP,157414951.30364
2015,LT,KR,107281006.973901
2015,LT,LT,14004515054.2031
2015,LT,LU,34023644.6020949
2015,LT,LV,387985259.112565
2015,LT,MT,5198019.28044239
2015,LT,MX,78467386.5970724
2015,LT,NL,346683397.857365
2015,LT,NO,145109667.421583
2015,LT,PL,584459819.746136
2015,LT,PT,74095488.2854074
2015,LT,RO,60380777.525239
2015,LT,RU,259167121.949397
2015,LT,SE,176934109.644723
2015,LT,SI,20428618.2679166
2015,LT,SK,55682765.6425756
2015,LT,TR,149320404.177183
2015,LT,TW,415032750.324266
2015,LT,US,689016347.04423
2015,LT,WA,387939007.63538
2015,LT,WE,256107234.963366
2015,LT,WF,341783867.842873
2015,LT,WL,184549386.19127
2015,LT,WM,1128213829.15784
2015,LT,ZA,51692736.0288701
2015,LU,AT,50244361.7051789
2015,LU,AU,94560830.6350687
2015,LU,BE,108904703.827517
2015,LU,BG,13538828.11368
2015,LU,BR,96066930.0340985
2015,LU,CA,110030999.596678
2015,LU,CH,113910405.134931
2015,LU,CN,309498068.730265
2015,LU,CY,12374524.7464268
2015,LU,CZ,54640971.1215148
2015,LU,DE,367794997.511909
2015,LU,DK,74802017.8571648
2015,LU,EE,7015436.28359732
2015,LU,ES,142872108.939522
2015,LU,FI,47609999.3589119
2015,LU,FR,458084085.533665
2015,LU,GB,301951609.834005
2015,LU,GR,60835110.8035741
2015,LU,HR,7978506.24381626
2015,LU,HU,47684451.8889613
2015,LU,ID,54635929.357408
2015,LU,IE,46156234.6546282
2015,LU,IN,122675846.63108
2015,LU,IT,175673944.267402
2015,LU,JP,157522708.923115
2015,LU,KR,107009550.015469
2015,LU,LT,10403826.5901838
2015,LU,LU,2944021465.84653
2015,LU,LV,5799643.22528511
2015,LU,MT,2146570.1027655
2015,LU,MX,103565544.555461
2015,LU,NL,224864427.85235
2015,LU,NO,77707497.2250995
2015,LU,PL,69549243.3129435
2015,LU,PT,59939803.3167429
2015,LU,RO,23948632.2492387
2015,LU,RU,133078612.443652
2015,LU,SE,100908118.265302
2015,LU,SI,8390379.96366966
2015,LU,SK,18760711.2118685
2015,LU,TR,95833001.3924033
2015,LU,TW,349647830.314892
2015,LU,US,377289824.024753
2015,LU,WA,261924987.023179
2015,LU,WE,68525060.0723663
2015,LU,WF,171298961.308638
2015,LU,WL,208382875.74282
2015,LU,WM,271778738.914623
2015,LU,ZA,45156398.2894433
2015,LV,AT,43598313.8501729
2015,LV,AU,56009512.1501896
2015,LV,BE,59659627.1143352
2015,LV,BG,15430614.9257735
2015,LV,BR,40025661.4792495
2015,LV,CA,60224034.0454816
2015,LV,CH,64407303.2156663
2015,LV,CN,178640567.330391
2015,LV,CY,7597176.43333121
2015,LV,CZ,42942409.4642358
2015,LV,DE,279001676.716131
2015,LV,DK,78259280.6799307
2015,LV,EE,199235019.603076
2015,LV,ES,114043043.423978
2015,LV,FI,93092537.99161
2015,LV,FR,172247759.96195
2015,LV,GB,188780937.172837
2015,LV,GR,26847566.9083388
2015,LV,HR,9950379.46907797
2015,LV,HU,28284333.1139055
2015,LV,ID,35751907.0888801
2015,LV,IE,29573259.4064508
2015,LV,IN,64773672.3528992
2015,LV,IT,100183355.260698
2015,LV,JP,77265415.3087636
2015,LV,KR,46516457.7186126
2015,LV,LT,681817658.612793
2015,LV,LU,9235260.99426785
2015,LV,LV,8527690469.71329
2015,LV,MT,2527364.20742376
2015,LV,MX,40488663.1059325
2015,LV,NL,142356570.142392
2015,LV,NO,125762838.210984
2015,LV,PL,182217967.637904
2015,LV,PT,34437022.1258466
2015,LV,RO,23931329.0619442
2015,LV,RU,224588083.372109
2015,LV,SE,192487762.030175
2015,LV,SI,9286936.60968533
2015,LV,SK,26056443.0651283
2015,LV,TR,127340314.082045
2015,LV,TW,353740919.088945
2015,LV,US,217326185.495021
2015,LV,WA,218940882.738255
2015,LV,WE,64671712.0185121
2015,LV,WF,257534766.528284
2015,LV,WL,86996483.7959793
2015,LV,WM,337061937.398001
2015,LV,ZA,15961481.4464988
2015,MT,AT,28119222.7437738
2015,MT,AU,41919218.4559509
2015,MT,BE,31350296.5027013
2015,MT,BG,10797164.1852332
2015,MT,BR,41806572.9811428
2015,MT,CA,38889219.123787
2015,MT,CH,43100134.8371011
2015,MT,CN,92478369.8182577
2015,MT,CY,20318482.7368875
2015,MT,CZ,15689229.2382971
2015,MT,DE,64654940.6502885
2015,MT,DK,23818998.0988976
2015,MT,EE,8607422.41062647
2015,MT,ES,41207381.5707168
2015,MT,FI,36097152.9538993
2015,MT,FR,57660961.6322077
2015,MT,GB,68978092.5841847
2015,MT,GR,24444985.857475
2015,MT,HR,11796264.1415459
2015,MT,HU,18586873.8796472
2015,MT,ID,32210364.698284
2015,MT,IE,19964830.3201219
2015,MT,IN,48573543.4445794
2015,MT,IT,60003199.8911988
2015,MT,JP,66991790.4716532
2015,MT,KR,39271359.2732635
2015,MT,LT,8474950.774372
2015,MT,LU,7358063.68524583
2015,MT,LV,8578848.34893202
2015,MT,MT,840293593.419593
2015,MT,MX,41423328.7298026
2015,MT,NL,32032679.5937748
2015,MT,NO,41096167.7373474
2015,MT,PL,26929895.4058712
2015,MT,PT,28199931.1457879
2015,MT,RO,19536374.9425917
2015,MT,RU,39650930.8840551
2015,MT,SE,34365668.0094124
2015,MT,SI,9168580.66577735
2015,MT,SK,12619116.0853273
2015,MT,TR,39016628.9914764
2015,MT,TW,145800260.526274
2015,MT,US,96658008.8657903
2015,MT,WA,66958220.0086997
2015,MT,WE,27393088.0268594
2015,MT,WF,81524654.2129616
2015,MT,WL,46914738.9818699
2015,MT,WM,99607157.6887474
2015,MT,ZA,23358394.5728935
2015,MX,AT,263320803.212806
2015,MX,AU,827208466.709437
2015,MX,BE,529358722.542673
2015,MX,BG,40496524.842043
2015,MX,BR,2153194578.20428
2015,MX,CA,4995754827.9645
2015,MX,CH,2091060482.27583
2015,MX,CN,5899148282.57938
2015,MX,CY,34586142.4876704
2015,MX,CZ,150749285.446504
2015,MX,DE,2278881168.42497
2015,MX,DK,173383111.98671
2015,MX,EE,22711554.5700884
2015,MX,ES,1201493194.58179
2015,MX,FI,190722572.080668
2015,MX,FR,1452853772.21046
2015,MX,GB,2137413857.6008
2015,MX,GR,124183451.119749
2015,MX,HR,31712957.4192713
2015,MX,HU,138137365.208695
2015,MX,ID,293135536.240876
2015,MX,IE,298890797.785495
2015,MX,IN,1733783403.2685
2015,MX,IT,917364780.815566
2015,MX,JP,3209190332.81115
2015,MX,KR,1877543765.50473
2015,MX,LT,26178984.0122575
2015,MX,LU,51186008.7444837
2015,MX,LV,20368674.2116991
2015,MX,MT,12351288.121208
2015,MX,MX,437215592632.797
2015,MX,NL,675252544.58245
2015,MX,NO,306327744.93931
2015,MX,PL,277569302.011033
2015,MX,PT,170663914.16216
2015,MX,RO,97615889.605571
2015,MX,RU,572959843.267189
2015,MX,SE,306095197.134207
2015,MX,SI,36057921.5259185
2015,MX,SK,68396136.733942
2015,MX,TR,642712159.34407
2015,MX,TW,1264431559.14194
2015,MX,US,93544317288.1503
2015,MX,WA,5223558274.66285
2015,MX,WE,194539713.649622
2015,MX,WF,1192386814.47073
2015,MX,WL,15567417330.0468
2015,MX,WM,3230196862.34208
2015,MX,ZA,134305151.723631
2015,NL,AT,1028672446.33549
2015,NL,AU,1055787438.23956
2015,NL,BE,10056204231.7188
2015,NL,BG,165106110.174418
2015,NL,BR,1256230542.97647
2015,NL,CA,1238731553.88304
2015,NL,CH,1824784430.4479
2015,NL,CN,6658391856.11264
2015,NL,CY,66333923.5003367
2015,NL,CZ,746922987.732207
2015,NL,DE,14631002475.7844
2015,NL,DK,936116108.694925
2015,NL,EE,67498537.6585124
2015,NL,ES,2470007472.3973
2015,NL,FI,792612554.134764
2015,NL,FR,7121814051.25518
2015,NL,GB,13267437915.7943
2015,NL,GR,596630226.134077
2015,NL,HR,118197286.735203
2015,NL,HU,451370097.264832
2015,NL,ID,516361801.73297
2015,NL,IE,844280674.917825
2015,NL,IN,1596623732.21308
2015,NL,IT,4315497640.45263
2015,NL,JP,2717270243.74226
2015,NL,KR,1596973837.83717
2015,NL,LT,165747944.951627
2015,NL,LU,1265222338.22875
2015,NL,LV,66960007.6657698
2015,NL,MT,40866504.6390542
2015,NL,MX,1193344017.57112
2015,NL,NL,95724550426.1241
2015,NL,NO,938255325.151743
2015,NL,PL,1497030814.65959
2015,NL,PT,512443472.21211
2015,NL,RO,358496762.496143
2015,NL,RU,1743769917.15786
2015,NL,SE,1773799557.40615
2015,NL,SI,94104522.6349842
2015,NL,SK,230954315.710814
2015,NL,TR,1237219425.3279
2015,NL,TW,1473298975.45083
2015,NL,US,8798194667.03246
2015,NL,WA,5647259922.66239
2015,NL,WE,654206699.436196
2015,NL,WF,3040348958.5495
2015,NL,WL,2815621676.13938
2015,NL,WM,5013478443.44443
2015,NL,ZA,411806163.261029
2015,NO,AT,202742618.120373
2015,NO,AU,348836389.721854
2015,NO,BE,1220584650.16706
2015,NO,BG,28595015.1265974
2015,NO,BR,459876750.144185
2015,NO,CA,337098119.859073
2015,NO,CH,454662796.438502
2015,NO,CN,2182463083.35338
2015,NO,CY,26942094.8297915
2015,NO,CZ,122359373.31009
2015,NO,DE,5336077632.89215
2015,NO,DK,526196342.85302
2015,NO,EE,34045919.4453909
2015,NO,ES,654749365.220693
2015,NO,FI,325660375.271423
2015,NO,FR,2475322498.4982
2015,NO,GB,4238150508.41949
2015,NO,GR,116442517.173868
2015,NO,HR,19966732.8605542
2015,NO,HU,76269351.8475228
2015,NO,ID,165888354.37225
2015,NO,IE,232273619.9936
2015,NO,IN,607319786.320198
2015,NO,IT,865676356.980873
2015,NO,JP,864313474.023483
2015,NO,KR,521872317.037891
2015,NO,LT,107291238.962797
2015,NO,LU,128956319.2074
2015,NO,LV,35039758.4477345
2015,NO,MT,6184443.34652924
2015,NO,MX,394035769.295279
2015,NO,NL,1099925688.04939
2015,NO,NO,38335557408.3862
2015,NO,PL,480066939.067697
2015,NO,PT,176786338.152286
2015,NO,RO,69252842.8383938
2015,NO,RU,412375414.743434
2015,NO,SE,1214170317.48119
2015,NO,SI,21626258.0263785
2015,NO,SK,50504438.7786363
2015,NO,TR,420201979.415919
2015,NO,TW,869026442.21886
2015,NO,US,2600907025.39524
2015,NO,WA,1391482383.57174
2015,NO,WE,253030356.818207
2015,NO,WF,647529081.93862
2015,NO,WL,811185437.949476
2015,NO,WM,847184334.620636
2015,NO,ZA,63026283.2147731
2015,PL,AT,1673432996.62074
2015,PL,AU,850591519.654204
2015,PL,BE,1522706332.33582
2015,PL,BG,433452003.387707
2015,PL,BR,695742241.87489
2015,PL,CA,1230442293.65116
2015,PL,CH,1585722364.52677
2015,PL,CN,4175069763.57778
2015,PL,CY,69923069.5392364
2015,PL,CZ,5938291272.61407
2015,PL,DE,19933895082.3725
2015,PL,DK,1087572952.5404
2015,PL,EE,255025300.485145
2015,PL,ES,2099593542.51479
2015,PL,FI,636452657.3886
2015,PL,FR,6204496785.40172
2015,PL,GB,7520567736.92237
2015,PL,GR,475314277.479168
2015,PL,HR,299971397.701926
2015,PL,HU,1288902517.84135
2015,PL,ID,458221980.532657
2015,PL,IE,559687278.726522
2015,PL,IN,1118165225.19309
2015,PL,IT,4230887343.70561
2015,PL,JP,1309068975.99237
2015,PL,KR,884486873.877961
2015,PL,LT,898389345.58906
2015,PL,LU,140239421.078064
2015,PL,LV,371976836.958366
2015,PL,MT,24975751.0955902
2015,PL,MX,714260627.895541
2015,PL,NL,3209418574.43301
2015,PL,NO,1544667239.1304
2015,PL,PL,259014502975.439
2015,PL,PT,433936402.901626
2015,PL,RO,1264318520.74592
2015,PL,RU,2941294866.36315
2015,PL,SE,2244761548.41948
2015,PL,SI,223651048.407821
2015,PL,SK,3599364286.5315
2015,PL,TR,1629926425.67274
2015,PL,TW,1748821419.83402
2015,PL,US,5791678575.1596
2015,PL,WA,4154653865.11549
2015,PL,WE,1588727000.21524
2015,PL,WF,2727451031.78957
2015,PL,WL,2456662714.22408
2015,PL,WM,5361902569.54432
2015,PL,ZA,254113589.82184
2015,PT,AT,172143393.001905
2015,PT,AU,250959122.663963
2015,PT,BE,315249768.918699
2015,PT,BG,29375005.8251175
2015,PT,BR,335990968.948934
2015,PT,CA,348004750.803419
2015,PT,CH,352248734.464966
2015,PT,CN,1081530199.16596
2015,PT,CY,17161245.1713121
2015,PT,CZ,106190567.657828
2015,PT,DE,1321839893.69631
2015,PT,DK,154745423.695368
2015,PT,EE,17428405.4924349
2015,PT,ES,2584719221.99724
2015,PT,FI,123526626.278604
2015,PT,FR,1808920366.49187
2015,PT,GB,1216961729.23423
2015,PT,GR,105962456.288855
2015,PT,HR,19586646.3208491
2015,PT,HU,83671001.976323
2015,PT,ID,116083637.183237
2015,PT,IE,142440672.001141
2015,PT,IN,308192966.883234
2015,PT,IT,625214098.287334
2015,PT,JP,436433890.872699
2015,PT,KR,273691655.572289
2015,PT,LT,24317584.8409318
2015,PT,LU,27265026.0358553
2015,PT,LV,14547955.4456969
2015,PT,MT,5604108.78816739
2015,PT,MX,271076643.026208
2015,PT,NL,520641840.179732
2015,PT,NO,237821596.924033
2015,PT,PL,241347216.829212
2015,PT,PT,43493965612.368
2015,PT,RO,83511081.4949799
2015,PT,RU,375025281.774843
2015,PT,SE,274921626.006157
2015,PT,SI,21378820.9618144
2015,PT,SK,58980196.0053414
2015,PT,TR,276990616.609549
2015,PT,TW,1023476324.62419
2015,PT,US,1968413427.83784
2015,PT,WA,685166999.748809
2015,PT,WE,159439566.853793
2015,PT,WF,2072859931.47917
2015,PT,WL,850734501.400047
2015,PT,WM,981249149.025152
2015,PT,ZA,51650161.2847428
2015,RO,AT,462887067.487565
2015,RO,AU,221413848.396816
2015,RO,BE,355883201.852854
2015,RO,BG,915926695.51594
2015,RO,BR,233852422.879475
2015,RO,CA,298398680.165633
2015,RO,CH,419010390.932251
2015,RO,CN,1356826517.12786
2015,RO,CY,42649463.6682919
2015,RO,CZ,318356421.412119
2015,RO,DE,2922027568.45471
2015,RO,DK,177494483.287187
2015,RO,EE,24688258.8889466
2015,RO,ES,709072589.9632
2015,RO,FI,120515060.732035
2015,RO,FR,1734461707.16507
2015,RO,GB,1317319057.77088
2015,RO,GR,489195576.165201
2015,RO,HR,218902909.605722
2015,RO,HU,1566828302.21442
2015,RO,ID,125540362.239373
2015,RO,IE,144700835.092401
2015,RO,IN,408375225.209229
2015,RO,IT,1856029588.52399
2015,RO,JP,481548780.925662
2015,RO,KR,456691241.46126
2015,RO,LT,49776287.1978485
2015,RO,LU,44891070.7803016
2015,RO,LV,20394981.8040649
2015,RO,MT,14673210.6584598
2015,RO,MX,331968168.442082
2015,RO,NL,686798517.983125
2015,RO,NO,427806735.778873
2015,RO,PL,627299253.450434
2015,RO,PT,215649832.724621
2015,RO,RO,65794272973.5516
2015,RO,RU,651964716.392685
2015,RO,SE,322153134.052948
2015,RO,SI,126276955.827872
2015,RO,SK,237344491.823582
2015,RO,TR,2135451676.99046
2015,RO,TW,699055088.333719
2015,RO,US,2067333793.99697
2015,RO,WA,1515079388.7741
2015,RO,WE,994912404.946252
2015,RO,WF,1322642911.53059
2015,RO,WL,594592921.145918
2015,RO,WM,4713134198.79641
2015,RO,ZA,77231469.1246934
2015,RU,AT,3810774745.8981
2015,RU,AU,6013388859.22554
2015,RU,BE,8668090797.88914
2015,RU,BG,5530597470.48914
2015,RU,BR,6691265461.03912
2015,RU,CA,8171846252.48043
2015,RU,CH,7977911081.42296
2015,RU,CN,93049918594.7676
2015,RU,CY,280252384.31752
2015,RU,CZ,9151085548.8495
2015,RU,DE,37742958266.0329
2015,RU,DK,3506362760.44315
2015,RU,EE,2596024858.81653
2015,RU,ES,8095742735.86177
2015,RU,FI,6304367784.45913
2015,RU,FR,17651362563.0789
2015,RU,GB,25130695862.0304
2015,RU,GR,5905760541.74857
2015,RU,HR,1047188386.2914
2015,RU,HU,10579786433.7267
2015,RU,ID,5279581347.67902
2015,RU,IE,1886329396.92387
2015,RU,IN,16418560024.4077
2015,RU,IT,68641776124.0776
2015,RU,JP,30123805732.065
2015,RU,KR,23980250495.011
2015,RU,LT,5314242135.86561
2015,RU,LU,870681117.93541
2015,RU,LV,4987527013.05587
2015,RU,MT,509099026.936148
2015,RU,MX,8578908634.45333
2015,RU,NL,23498794433.155
2015,RU,NO,3644761727.95848
2015,RU,PL,12618591015.7708
2015,RU,PT,1458964452.05542
2015,RU,RO,3173830598.36161
2015,RU,RU,1166768555531.68
2015,RU,SE,5270023786.98714
2015,RU,SI,1200912599.85692
2015,RU,SK,9756493369.88022
2015,RU,TR,40697398845.9605
2015,RU,TW,6570331221.22581
2015,RU,US,60601458324.523
2015,RU,WA,96930446106.9303
2015,RU,WE,37959802620.4593
2015,RU,WF,22781943728.0383
2015,RU,WL,17212262523.8896
2015,RU,WM,59784171158.2539
2015,RU,ZA,1460776028.86964
2015,SE,AT,195668632.305273
2015,SE,AU,290858253.199148
2015,SE,BE,385100679.215418
2015,SE,BG,31101400.2390925
2015,SE,BR,279823135.259925
2015,SE,CA,334656432.396162
2015,SE,CH,398375485.228266
2015,SE,CN,1609972055.53476
2015,SE,CY,12006310.0424273
2015,SE,CZ,122143481.998588
2015,SE,DE,1496002363.53136
2015,SE,DK,589635199.597983
2015,SE,EE,50183853.1658336
2015,SE,ES,459771562.137167
2015,SE,FI,612963571.060804
2015,SE,FR,986947788.169264
2015,SE,GB,1744738372.18678
2015,SE,GR,72802351.029255
2015,SE,HR,19216146.0691586
2015,SE,HU,78699834.1002526
2015,SE,ID,141990132.568358
2015,SE,IE,210037763.134378
2015,SE,IN,409314481.383151
2015,SE,IT,594883010.214314
2015,SE,JP,629051409.75152
2015,SE,KR,354961235.945174
2015,SE,LT,78319292.8013636
2015,SE,LU,33857167.4486514
2015,SE,LV,32532536.9327745
2015,SE,MT,8608561.31764495
2015,SE,MX,265819791.24689
2015,SE,NL,651314330.412876
2015,SE,NO,1235223201.2099
2015,SE,PL,401184218.46669
2015,SE,PT,116773749.883851
2015,SE,RO,72808942.4217592
2015,SE,RU,373038058.092972
2015,SE,SE,32133945064.0515
2015,SE,SI,19648452.9100988
2015,SE,SK,51564150.6699825
2015,SE,TR,285041721.19433
2015,SE,TW,705596849.184724
2015,SE,US,1985328524.60992
2015,SE,WA,960474272.806084
2015,SE,WE,165847432.583006
2015,SE,WF,617341890.12174
2015,SE,WL,626450281.778729
2015,SE,WM,1070916993.14753
2015,SE,ZA,77833820.4979348
2015,SI,AT,319783486.283322
2015,SI,AU,79940893.6385416
2015,SI,BE,76659581.7901724
2015,SI,BG,36320750.7894226
2015,SI,BR,55675490.1843851
2015,SI,CA,92239043.7768159
2015,SI,CH,139646108.295561
2015,SI,CN,267969188.863487
2015,SI,CY,7884173.9840731
2015,SI,CZ,134044400.986005
2015,SI,DE,699584311.725888
2015,SI,DK,47324128.8995541
2015,SI,EE,10483209.7587329
2015,SI,ES,104330385.813952
2015,SI,FI,40173668.0637795
2015,SI,FR,301731730.897594
2015,SI,GB,253837514.346975
2015,SI,GR,116065169.994675
2015,SI,HR,758408098.544561
2015,SI,HU,82691776.4085762
2015,SI,ID,43816930.040857
2015,SI,IE,37689329.3111482
2015,SI,IN,90447251.4342306
2015,SI,IT,1053632861.21394
2015,SI,JP,99178412.782607
2015,SI,KR,66902065.0652555
2015,SI,LT,15292671.5253512
2015,SI,LU,10526102.9629177
2015,SI,LV,9593912.3074147
2015,SI,MT,2719552.33042967
2015,SI,MX,59931615.8733224
2015,SI,NL,118062775.249605
2015,SI,NO,71675584.2567691
2015,SI,PL,128755263.829472
2015,SI,PT,40094010.3627617
2015,SI,RO,74756454.2458355
2015,SI,RU,151770822.224042
2015,SI,SE,87233405.3311814
2015,SI,SI,8640714129.52688
2015,SI,SK,57392732.4617242
2015,SI,TR,105431648.56099
2015,SI,TW,405795560.920944
2015,SI,US,375132885.856971
2015,SI,WA,233926872.742615
2015,SI,WE,169625459.466005
2015,SI,WF,154701808.167534
2015,SI,WL,140015685.158817
2015,SI,WM,275144808.379172
2015,SI,ZA,18838428.4098995
2015,SK,AT,958999354.569767
2015,SK,AU,135509134.846803
2015,SK,BE,192164827.62888
2015,SK,BG,118325322.906932
2015,SK,BR,94415965.0065693
2015,SK,CA,174714743.309696
2015,SK,CH,275996393.225789
2015,SK,CN,684768752.996219
2015,SK,CY,14489813.2875134
2015,SK,CZ,1353076010.60201
2015,SK,DE,2419027956.77379
2015,SK,DK,122358193.973214
2015,SK,EE,21773917.6876016
2015,SK,ES,289364539.805054
2015,SK,FI,74367657.693802
2015,SK,FR,802262435.920639
2015,SK,GB,744696889.743929
2015,SK,GR,92439583.5073048
2015,SK,HR,113459526.671384
2015,SK,HU,1233842454.45334
2015,SK,ID,62130130.6077553
2015,SK,IE,61130740.8902512
2015,SK,IN,132979378.234175
2015,SK,IT,767052401.561055
2015,SK,JP,173036883.428164
2015,SK,KR,127463855.627463
2015,SK,LT,45095544.8132984
2015,SK,LU,23581428.5283425
2015,SK,LV,26760403.9450721
2015,SK,MT,5090441.56423153
2015,SK,MX,119040957.222891
2015,SK,NL,312445941.79369
2015,SK,NO,137544717.441972
2015,SK,PL,1112364982.33721
2015,SK,PT,64098960.3493502
2015,SK,RO,334823012.21432
2015,SK,RU,368611648.761062
2015,SK,SE,222170106.528943
2015,SK,SI,71334790.166998
2015,SK,SK,19468086244.3365
2015,SK,TR,408776854.687711
2015,SK,TW,351119306.461507
2015,SK,US,908623095.988542
2015,SK,WA,452661338.163283
2015,SK,WE,277078455.558182
2015,SK,WF,256981623.043676
2015,SK,WL,252919952.518891
2015,SK,WM,594635777.285786
2015,SK,ZA,42036023.3037142
2015,TR,AT,501791598.848195
2015,TR,AU,922755201.438225
2015,TR,BE,949276807.397849
2015,TR,BG,629667166.617801
2015,TR,BR,1029898868.57188
2015,TR,CA,1222600726.03414
2015,TR,CH,1243165367.41958
2015,TR,CN,6604829939.1464
2015,TR,CY,229289884.922772
2015,TR,CZ,301225162.877171
2015,TR,DE,5080194474.36705
2015,TR,DK,423991744.435925
2015,TR,EE,44023707.8785888
2015,TR,ES,1487992653.99653
2015,TR,FI,332275280.446238
2015,TR,FR,2980945335.38936
2015,TR,GB,4338282870.64267
2015,TR,GR,863812367.142131
2015,TR,HR,82105153.7620776
2015,TR,HU,238694317.823801
2015,TR,ID,446137033.461025
2015,TR,IE,334996136.133417
2015,TR,IN,1775990746.7357
2015,TR,IT,2811410576.97892
2015,TR,JP,1896303810.6234
2015,TR,KR,1224280430.96808
2015,TR,LT,79420788.0951143
2015,TR,LU,71646479.2391715
2015,TR,LV,41377856.1120509
2015,TR,MT,78119763.0666689
2015,TR,MX,870953887.699892
2015,TR,NL,1250416126.772
2015,TR,NO,516050179.280008
2015,TR,PL,781253987.097328
2015,TR,PT,292862790.723163
2015,TR,RO,785981504.906486
2015,TR,RU,2348837638.36873
2015,TR,SE,735420583.54573
2015,TR,SI,141343820.82558
2015,TR,SK,180115048.772615
2015,TR,TR,380825643250.936
2015,TR,TW,2016246876.77531
2015,TR,US,7930005540.55974
2015,TR,WA,7142495581.72065
2015,TR,WE,825796995.857582
2015,TR,WF,8213611311.22844
2015,TR,WL,2664373008.7737
2015,TR,WM,24905767021.8052
2015,TR,ZA,175103458.515364
2015,TW,AT,2431303259.0738
2015,TW,AU,3664482148.59152
2015,TW,BE,2844665137.56652
2015,TW,BG,640780296.142031
2015,TW,BR,3274088075.06443
2015,TW,CA,3300681364.57051
2015,TW,CH,3695246317.01192
2015,TW,CN,7504495639.18095
2015,TW,CY,879013326.931145
2015,TW,CZ,1587841046.74461
2015,TW,DE,5887438493.91804
2015,TW,DK,2271343562.97738
2015,TW,EE,621213798.583778
2015,TW,ES,3568298274.38269
2015,TW,FI,2708044023.63362
2015,TW,FR,5065423893.49414
2015,TW,GB,5514292362.74916
2015,TW,GR,1702818871.22449
2015,TW,HR,625778878.620125
2015,TW,HU,1821526949.31294
2015,TW,ID,2705056674.8616
2015,TW,IE,1323621978.01244
2015,TW,IN,3799162132.20004
2015,TW,IT,4338725992.50104
2015,TW,JP,4767653715.39575
2015,TW,KR,3063095387.64273
2015,TW,LT,612902926.028998
2015,TW,LU,850531993.564333
2015,TW,LV,542782702.816001
2015,TW,MT,192881457.560884
2015,TW,MX,3080776433.53757
2015,TW,NL,3110798214.56908
2015,TW,NO,2781417289.5989
2015,TW,PL,2413658977.35351
2015,TW,PT,2172500895.22512
2015,TW,RO,1384830991.17226
2015,TW,RU,3385935087.17034
2015,TW,SE,3005645449.6344
2015,TW,SI,695093343.061572
2015,TW,SK,1096833816.18679
2015,TW,TR,2944604106.84176
2015,TW,TW,188027534562.53
2015,TW,US,8263682433.07099
2015,TW,WA,4935165499.3133
2015,TW,WE,2540455926.91717
2015,TW,WF,3662718929.05874
2015,TW,WL,3758071258.2227
2015,TW,WM,4493968175.10603
2015,TW,ZA,2301771594.19804
2015,US,AT,2647655727.49623
2015,US,AU,7703978664.16938
2015,US,BE,7390935438.63928
2015,US,BG,273791519.116616
2015,US,BR,18065343786.1429
2015,US,CA,75880670320.0879
2015,US,CH,7901618767.18312
2015,US,CN,100429161349.929
2015,US,CY,135338996.973712
2015,US,CZ,1645450456.68696
2015,US,DE,50409761103.0867
2015,US,DK,2009257049.94755
2015,US,EE,134360733.900065
2015,US,ES,8844183690.59323
2015,US,FI,1347295733.81347
2015,US,FR,27913008106.9643
2015,US,GB,38460557093.8026
2015,US,GR,861399455.565428
2015,US,HR,492950673.687046
2015,US,HU,1013270805.52007
2015,US,ID,3978306086.3806
2015,US,IE,5073156369.72258
2015,US,IN,13722663764.6037
2015,US,IT,12487381861.7133
2015,US,JP,48084983256.8504
2015,US,KR,21556471819.6603
2015,US,LT,260243485.427249
2015,US,LU,660042914.735454
2015,US,LV,143301724.200924
2015,US,MT,192626414.357939
2015,US,MX,87698402859.0212
2015,US,NL,13381091065.2308
2015,US,NO,2694647680.9987
2015,US,PL,2714980914.55143
2015,US,PT,1093741898.88402
2015,US,RO,821141893.380429
2015,US,RU,9263276914.00265
2015,US,SE,3052668069.53525
2015,US,SI,426841370.855964
2015,US,SK,597161142.659719
2015,US,TR,8265851205.4148
2015,US,TW,3988525934.03907
2015,US,US,5306525922243.02
2015,US,WA,57959359212.0911
2015,US,WE,4266808396.32713
2015,US,WF,16673669992.1671
2015,US,WL,127330371902.888
2015,US,WM,34407030742.9028
2015,US,ZA,1801120551.71353
2015,WA,AT,4571662413.64124
2015,WA,AU,36811168615.3495
2015,WA,BE,10468729876.2353
2015,WA,BG,704642192.003356
2015,WA,BR,8278013757.16858
2015,WA,CA,13727771560.0364
2015,WA,CH,15478389650.4367
2015,WA,CN,251547838071.37
2015,WA,CY,383532647.343383
2015,WA,CZ,3257153378.89837
2015,WA,DE,37997081262.4102
2015,WA,DK,3918247022.01342
2015,WA,EE,276705716.233164
2015,WA,ES,13108435223.9836
2015,WA,FI,3084886224.44383
2015,WA,FR,28487007904.2572
2015,WA,GB,35907309105.884
2015,WA,GR,3093808978.55055
2015,WA,HR,730253173.893756
2015,WA,HU,1685389074.27422
2015,WA,ID,44036190330.5184
2015,WA,IE,2849001899.58538
2015,WA,IN,49756625556.954
2015,WA,IT,25964776045.8083
2015,WA,JP,64559821863.4534
2015,WA,KR,28155860841.5778
2015,WA,LT,449945387.094893
2015,WA,LU,1232456373.29377
2015,WA,LV,476107573.80582
2015,WA,MT,376866859.46038
2015,WA,MX,10037195922.2887
2015,WA,NL,18586567882.576
2015,WA,NO,3412433150.72929
2015,WA,PL,6606388190.64785
2015,WA,PT,2344174807.76707
2015,WA,RO,2539973391.36876
2015,WA,RU,18015795484.64
2015,WA,SE,5071270797.82067
2015,WA,SI,540376619.633682
2015,WA,SK,1117920357.42868
2015,WA,TR,16350891110.4474
2015,WA,TW,4353454143.40676
2015,WA,US,144681155432.235
2015,WA,WA,1940751779709.36
2015,WA,WE,9652148367.22151
2015,WA,WF,38739512663.8277
2015,WA,WL,25482200926.4701
2015,WA,WM,76585407723.7496
2015,WA,ZA,7025774363.44585
2015,WE,AT,1987689320.17445
2015,WE,AU,1365642429.62176
2015,WE,BE,1734288239.00883
2015,WE,BG,2128320285.94486
2015,WE,BR,1255068741.61237
2015,WE,CA,1912800361.69923
2015,WE,CH,3302179305.97158
2015,WE,CN,12579907127.6809
2015,WE,CY,124671767.471397
2015,WE,CZ,2520438591.72702
2015,WE,DE,13120648201.2876
2015,WE,DK,850591427.6611
2015,WE,EE,228679984.587388
2015,WE,ES,2925798131.46216
2015,WE,FI,553295561.462219
2015,WE,FR,5650358215.13083
2015,WE,GB,10931008632.617
2015,WE,GR,2529126211.7233
2015,WE,HR,3875014437.21759
2015,WE,HU,5898660835.31644
2015,WE,ID,1107825308.05717
2015,WE,IE,582777952.586628
2015,WE,IN,4169264885.40815
2015,WE,IT,7836256570.62516
2015,WE,JP,3040186710.21181
2015,WE,KR,2224961539.0471
2015,WE,LT,1619812191.48038
2015,WE,LU,180157128.019505
2015,WE,LV,700452726.765129
2015,WE,MT,52067198.5854552
2015,WE,MX,1249436943.5695
2015,WE,NL,4864368673.4888
2015,WE,NO,1200127798.51398
2015,WE,PL,3882452825.62552
2015,WE,PT,754167860.430686
2015,WE,RO,2675865997.67096
2015,WE,RU,32612501483.0042
2015,WE,SE,1218171882.12157
2015,WE,SI,1123298926.08002
2015,WE,SK,1015294344.40078
2015,WE,TR,10038710406.3711
2015,WE,TW,2252470101.71987
2015,WE,US,11326671604.8702
2015,WE,WA,16675774688.6134
2015,WE,WE,232452733664.51
2015,WE,WF,8309164549.94351
2015,WE,WL,3417201971.37415
2015,WE,WM,31879743030.644
2015,WE,ZA,394848740.539908
2015,WF,AT,1587798899.69337
2015,WF,AU,2699057468.6791
2015,WF,BE,3609557486.34536
2015,WF,BG,314971229.39843
2015,WF,BR,9233677074.88078
2015,WF,CA,3773556422.64292
2015,WF,CH,3311900016.9628
2015,WF,CN,51754138630.4878
2015,WF,CY,101859417.092346
2015,WF,CZ,732154226.686183
2015,WF,DE,13494860749.5764
2015,WF,DK,862955833.55103
2015,WF,EE,199461334.82041
2015,WF,ES,15529719993.0032
2015,WF,FI,654622165.695119
2015,WF,FR,18033365122.2112
2015,WF,GB,13687193270.5785
2015,WF,GR,806174447.740053
2015,WF,HR,179749381.628582
2015,WF,HU,441862836.253975
2015,WF,ID,3297350136.2693
2015,WF,IE,1343861505.78585
2015,WF,IN,31577416776.4531
2015,WF,IT,16955539227.108
2015,WF,JP,9596150045.09024
2015,WF,KR,5025395258.98055
2015,WF,LT,129393975.131193
2015,WF,LU,389943414.305568
2015,WF,LV,74170179.301804
2015,WF,MT,218078219.542061
2015,WF,MX,2138033187.97878
2015,WF,NL,8593501932.14685
2015,WF,NO,2186526929.98043
2015,WF,PL,1621571740.69696
2015,WF,PT,2565180390.4615
2015,WF,RO,578130301.396299
2015,WF,RU,2312934462.84734
2015,WF,SE,1527515256.41011
2015,WF,SI,204029625.644265
2015,WF,SK,399890164.802227
2015,WF,TR,7018480243.75664
2015,WF,TW,2529865281.51969
2015,WF,US,33455269541.1272
2015,WF,WA,18116553098.0779
2015,WF,WE,1127737357.92625
2015,WF,WF,1792839049262.63
2015,WF,WL,10012863937.5619
2015,WF,WM,26851445073.564
2015,WF,ZA,5051399631.21941
2015,WL,AT,1005159021.01434
2015,WL,AU,2020069268.34293
2015,WL,BE,2155432666.21906
2015,WL,BG,124550699.782712
2015,WL,BR,60845255939.8987
2015,WL,CA,5929823954.21713
2015,WL,CH,2649558951.02019
2015,WL,CN,57428694015.3251
2015,WL,CY,108051550.963969
2015,WL,CZ,496782235.310594
2015,WL,DE,11796111419.5215
2015,WL,DK,755327344.78471
2015,WL,EE,73475416.3303766
2015,WL,ES,6168044215.19629
2015,WL,FI,572865007.359146
2015,WL,FR,5446304772.44434
2015,WL,GB,7981379111.42138
2015,WL,GR,456494172.254566
2015,WL,HR,171060185.826149
2015,WL,HU,264741373.600843
2015,WL,ID,1806743082.54257
2015,WL,IE,768406022.958576
2015,WL,IN,10356499189.3054
2015,WL,IT,4866084095.16692
2015,WL,JP,7023431291.37084
2015,WL,KR,3957749047.39933
2015,WL,LT,98751625.8631652
2015,WL,LU,258889223.499403
2015,WL,LV,54513236.2988972
2015,WL,MT,67966166.8040905
2015,WL,MX,8567131897.07783
2015,WL,NL,8223225814.443
2015,WL,NO,986411028.988646
2015,WL,PL,1006307341.19267
2015,WL,PT,1694684455.02393
2015,WL,RO,268473906.956479
2015,WL,RU,9223607201.86172
2015,WL,SE,1136785264.39575
2015,WL,SI,223080401.680707
2015,WL,SK,218988581.052777
2015,WL,TR,5815910150.80025
2015,WL,TW,1583501543.04457
2015,WL,US,86055226935.4658
2015,WL,WA,20031838945.2164
2015,WL,WE,884438408.222158
2015,WL,WF,8378875645.57469
2015,WL,WL,1047375850858.62
2015,WL,WM,21759843281.3269
2015,WL,ZA,849785956.678094
2015,WM,AT,2224472512.8052
2015,WM,AU,16910966230.5986
2015,WM,BE,11166388237.0004
2015,WM,BG,843852298.746767
2015,WM,BR,9795877579.74097
2015,WM,CA,8650391342.75169
2015,WM,CH,15785548033.4342
2015,WM,CN,168282618489.414
2015,WM,CY,644555841.912865
2015,WM,CZ,1211173552.14703
2015,WM,DE,18816620166.4031
2015,WM,DK,1841993050.23207
2015,WM,EE,163379201.831771
2015,WM,ES,9856990872.97557
2015,WM,FI,1682064308.07299
2015,WM,FR,22465814307.3569
2015,WM,GB,29310749176.7213
2015,WM,GR,4766448191.85379
2015,WM,HR,390795885.574659
2015,WM,HU,1146209924.23127
2015,WM,ID,21475140454.86
2015,WM,IE,1781334927.84353
2015,WM,IN,96565086168.6496
2015,WM,IT,17264215155.4983
2015,WM,JP,69841898704.5935
2015,WM,KR,47376527581.2521
2015,WM,LT,241639112.372696
2015,WM,LU,1298099102.72394
2015,WM,LV,190943367.167417
2015,WM,MT,365459703.28269
2015,WM,MX,6901115039.21414
2015,WM,NL,13258679766.9823
2015,WM,NO,1977691285.34476
2015,WM,PL,2936987493.06901
2015,WM,PT,1815997129.76646
2015,WM,RO,1128152352.6924
2015,WM,RU,6880807410.90605
2015,WM,SE,3043811265.86557
2015,WM,SI,426531852.133845
2015,WM,SK,522194834.297091
2015,WM,TR,23638307202.1465
2015,WM,TW,4046849144.26429
2015,WM,US,179415466150.209
2015,WM,WA,199925798373.182
2015,WM,WE,2772097625.64773
2015,WM,WF,68595346580.5566
2015,WM,WL,18659053788.7594
2015,WM,WM,1727333388754.9
2015,WM,ZA,5863093022.63273
2015,ZA,AT,314791742.622074
2015,ZA,AU,1414032170.02409
2015,ZA,BE,942370273.749133
2015,ZA,BG,78136600.2584378
2015,ZA,BR,982058836.299647
2015,ZA,CA,1193963487.19737
2015,ZA,CH,876045169.062181
2015,ZA,CN,22329997824.5336
2015,ZA,CY,26402529.6897732
2015,ZA,CZ,238891680.966093
2015,ZA,DE,3334010367.79926
2015,ZA,DK,240392515.402027
2015,ZA,EE,42297836.0232066
2015,ZA,ES,1094496961.78266
2015,ZA,FI,201660585.642257
2015,ZA,FR,1988349682.66599
2015,ZA,GB,3243689058.14899
2015,ZA,GR,177262971.919985
2015,ZA,HR,70216174.4844813
2015,ZA,HU,180003038.666945
2015,ZA,ID,750211027.534733
2015,ZA,IE,391070394.717919
2015,ZA,IN,14432365861.8508
2015,ZA,IT,1835639050.57981
2015,ZA,JP,2665863118.04194
2015,ZA,KR,1256226087.40174
2015,ZA,LT,48637847.6619609
2015,ZA,LU,85330479.6357854
2015,ZA,LV,27139024.9104192
2015,ZA,MT,23783350.6012284
2015,ZA,MX,750044619.08412
2015,ZA,NL,1500662195.58898
2015,ZA,NO,428267672.651836
2015,ZA,PL,503556881.752736
2015,ZA,PT,310933687.20183
2015,ZA,RO,178006785.117384
2015,ZA,RU,972627967.172488
2015,ZA,SE,516381934.660608
2015,ZA,SI,63727259.3621749
2015,ZA,SK,111052303.956542
2015,ZA,TR,2183000309.88457
2015,ZA,TW,1497953247.23559
2015,ZA,US,10402098228.332
2015,ZA,WA,14705320994.4266
2015,ZA,WE,362711779.003113
2015,ZA,WF,39181304969.6717
2015,ZA,WL,2610755819.04448
2015,ZA,WM,9281755481.51532
2015,ZA,ZA,332980204459.165
2016,AT,AT,49311002734.1596
2016,AT,AU,368173162.631562
2016,AT,BE,340149190.984474
2016,AT,BG,82834369.0218226
2016,AT,BR,190073857.90816
2016,AT,CA,405486385.406577
2016,AT,CH,962566756.752862
2016,AT,CN,1348123083.62068
2016,AT,CY,18642530.8905191
2016,AT,CZ,461628434.018513
2016,AT,DE,4946737878.92594
2016,AT,DK,158645246.66498
2016,AT,EE,20375739.3148873
2016,AT,ES,458208334.386464
2016,AT,FI,133971875.329822
2016,AT,FR,1218172614.26335
2016,AT,GB,994014028.131198
2016,AT,GR,127826448.069908
2016,AT,HR,196336424.466689
2016,AT,HU,783059592.855615
2016,AT,ID,113891562.379613
2016,AT,IE,197594447.488751
2016,AT,IN,369611341.043179
2016,AT,IT,1753333690.34785
2016,AT,JP,494347053.645663
2016,AT,KR,357822626.695572
2016,AT,LT,34636695.3635489
2016,AT,LU,28303485.6224166
2016,AT,LV,20211316.8648289
2016,AT,MT,6354456.53465071
2016,AT,MX,225483839.637777
2016,AT,NL,493228848.477124
2016,AT,NO,202922799.709599
2016,AT,PL,475503820.01027
2016,AT,PT,98800313.0990078
2016,AT,RO,281131780.494135
2016,AT,RU,428758189.209812
2016,AT,SE,343208104.2446
2016,AT,SI,321504157.25229
2016,AT,SK,364734216.945989
2016,AT,TR,376523996.705372
2016,AT,TW,630609289.406609
2016,AT,US,2042209757.37846
2016,AT,WA,1068951773.20055
2016,AT,WE,323167118.971047
2016,AT,WF,468716902.816996
2016,AT,WL,503576393.639882
2016,AT,WM,1159342101.74495
2016,AT,ZA,63192462.840232
2016,AU,AT,556305049.870242
2016,AU,AU,355178152117.952
2016,AU,BE,1184317334.91326
2016,AU,BG,82892217.5035878
2016,AU,BR,1415405074.13632
2016,AU,CA,2482032299.00024
2016,AU,CH,1761512226.40144
2016,AU,CN,51735993424.3937
2016,AU,CY,49596442.8701299
2016,AU,CZ,447948841.580145
2016,AU,DE,4000429894.24822
2016,AU,DK,319980694.932416
2016,AU,EE,40605586.760617
2016,AU,ES,1225098669.60759
2016,AU,FI,370275806.995021
2016,AU,FR,2924287538.6745
2016,AU,GB,3999029452.52831
2016,AU,GR,213395040.281002
2016,AU,HR,65721485.8105739
2016,AU,HU,185519645.053247
2016,AU,ID,12902607625.5824
2016,AU,IE,534240764.210881
2016,AU,IN,15730330613.0675
2016,AU,IT,2274005364.52636
2016,AU,JP,25636117639.9513
2016,AU,KR,15098324844.004
2016,AU,LT,42987453.9416247
2016,AU,LU,115041298.720902
2016,AU,LV,37122258.9484831
2016,AU,MT,25928098.4099679
2016,AU,MX,1334423958.745
2016,AU,NL,2307430625.01844
2016,AU,NO,556411436.11312
2016,AU,PL,703723327.542839
2016,AU,PT,233902535.777841
2016,AU,RO,180247265.204928
2016,AU,RU,2179390548.84525
2016,AU,SE,725734507.27577
2016,AU,SI,82081918.8134275
2016,AU,SK,160161967.972991
2016,AU,TR,1746388716.69798
2016,AU,TW,1436487600.86201
2016,AU,US,22616408253.7466
2016,AU,WA,38849717538.5317
2016,AU,WE,530510026.126254
2016,AU,WF,3033557858.3149
2016,AU,WL,2780922442.36882
2016,AU,WM,13383791229.5261
2016,AU,ZA,440157725.592835
2016,BE,AT,461913126.41158
2016,BE,AU,563096725.433468
2016,BE,BE,63497553106.3175
2016,BE,BG,78844871.4655025
2016,BE,BR,496971946.765155
2016,BE,CA,669472526.196948
2016,BE,CH,1529947190.15522
2016,BE,CN,3319910077.25969
2016,BE,CY,38809534.1328012
2016,BE,CZ,332155072.904194
2016,BE,DE,5501985815.2427
2016,BE,DK,364335863.867838
2016,BE,EE,35549195.5749498
2016,BE,ES,996557774.133658
2016,BE,FI,369524371.919042
2016,BE,FR,5347415716.74348
2016,BE,GB,3324303740.28606
2016,BE,GR,210122401.780605
2016,BE,HR,50592336.7834127
2016,BE,HU,193550855.762794
2016,BE,ID,326024865.425354
2016,BE,IE,611337109.667626
2016,BE,IN,984104923.26788
2016,BE,IT,1715152602.69257
2016,BE,JP,1301158435.88627
2016,BE,KR,691663918.667412
2016,BE,LT,80936205.9493234
2016,BE,LU,160259883.775117
2016,BE,LV,37144198.1952771
2016,BE,MT,11366097.7096289
2016,BE,MX,496379800.784099
2016,BE,NL,2686538025.17708
2016,BE,NO,431466045.036708
2016,BE,PL,688276720.591771
2016,BE,PT,228128990.669987
2016,BE,RO,189133595.306779
2016,BE,RU,690066188.150752
2016,BE,SE,941903675.679206
2016,BE,SI,43640108.1363304
2016,BE,SK,133418964.803673
2016,BE,TR,744207206.196163
2016,BE,TW,1059205755.3053
2016,BE,US,4536871163.3738
2016,BE,WA,2437371968.95708
2016,BE,WE,368706954.323066
2016,BE,WF,1333833338.83045
2016,BE,WL,1072754255.12961
2016,BE,WM,2399211355.10801
2016,BE,ZA,189079873.913016
2016,BG,AT,304075889.506964
2016,BG,AU,175233168.782239
2016,BG,BE,366488288.975782
2016,BG,BG,24609877778.7752
2016,BG,BR,110851636.295126
2016,BG,CA,205425223.689506
2016,BG,CH,283722616.905409
2016,BG,CN,1202238448.6843
2016,BG,CY,137834345.090597
2016,BG,CZ,952592868.488931
2016,BG,DE,2163978073.20397
2016,BG,DK,301002193.482292
2016,BG,EE,22110984.0237744
2016,BG,ES,612364848.946935
2016,BG,FI,101209310.382013
2016,BG,FR,1081829619.22934
2016,BG,GB,1214369142.93145
2016,BG,GR,2014274609.78992
2016,BG,HR,120950054.503602
2016,BG,HU,246572477.361005
2016,BG,ID,117962762.059753
2016,BG,IE,153153891.513439
2016,BG,IN,319879008.594006
2016,BG,IT,1396656834.29017
2016,BG,JP,275313386.877097
2016,BG,KR,239180840.991887
2016,BG,LT,43444612.9399489
2016,BG,LU,75843619.4304841
2016,BG,LV,24743396.3246782
2016,BG,MT,9240188.31390601
2016,BG,MX,142191396.909225
2016,BG,NL,397210028.988298
2016,BG,NO,179569964.376832
2016,BG,PL,453648810.430916
2016,BG,PT,177570494.011465
2016,BG,RO,1457512036.54314
2016,BG,RU,337379737.470868
2016,BG,SE,238496602.587294
2016,BG,SI,833099586.14272
2016,BG,SK,412697617.799855
2016,BG,TR,3025984564.50039
2016,BG,TW,738294218.782632
2016,BG,US,1059920300.06377
2016,BG,WA,1475241018.50222
2016,BG,WE,1355438211.52176
2016,BG,WF,1075145846.96128
2016,BG,WL,292202819.689678
2016,BG,WM,1982161854.5121
2016,BG,ZA,62530005.866458
2016,BR,AT,407042853.858662
2016,BR,AU,903500803.767689
2016,BR,BE,1344726541.93487
2016,BR,BG,62055039.2200076
2016,BR,BR,919704928150.806
2016,BR,CA,1960720706.06763
2016,BR,CH,1037181831.74156
2016,BR,CN,42004869865.0308
2016,BR,CY,35082138.6981671
2016,BR,CZ,233002968.488674
2016,BR,DE,3851468532.88537
2016,BR,DK,299143455.503316
2016,BR,EE,41942879.8961436
2016,BR,ES,1758990309.33136
2016,BR,FI,345449971.241835
2016,BR,FR,2081424299.02622
2016,BR,GB,2869602695.25172
2016,BR,GR,187828080.85358
2016,BR,HR,52033583.1995397
2016,BR,HU,159731048.55408
2016,BR,ID,924140578.637174
2016,BR,IE,527272402.291285
2016,BR,IN,2879437138.0778
2016,BR,IT,2676931881.76929
2016,BR,JP,4128487608.29199
2016,BR,KR,2229961728.947
2016,BR,LT,40736955.0780715
2016,BR,LU,125430237.4186
2016,BR,LV,33049097.7471143
2016,BR,MT,18472444.4096826
2016,BR,MX,2472378633.67057
2016,BR,NL,2360116840.85077
2016,BR,NO,951805415.175174
2016,BR,PL,467413531.438947
2016,BR,PT,432726836.998509
2016,BR,RO,167514600.986429
2016,BR,RU,5225747242.06435
2016,BR,SE,776397970.3911
2016,BR,SI,70364251.0180834
2016,BR,SK,125664567.255965
2016,BR,TR,2943127773.78842
2016,BR,TW,1679863039.95623
2016,BR,US,20317035367.4609
2016,BR,WA,28370098223.1599
2016,BR,WE,459995058.28474
2016,BR,WF,3918545422.40222
2016,BR,WL,28952919984.8102
2016,BR,WM,32810400827.2281
2016,BR,ZA,168287775.082299
2016,CA,AT,692772154.54836
2016,CA,AU,1843972393.56193
2016,CA,BE,1672281308.43951
2016,CA,BG,83151448.9940939
2016,CA,BR,2124544024.40126
2016,CA,CA,372566809506.766
2016,CA,CH,1804214741.40013
2016,CA,CN,22687221793.5381
2016,CA,CY,54068283.1097975
2016,CA,CZ,366781194.308227
2016,CA,DE,5176401946.69147
2016,CA,DK,481506986.338279
2016,CA,EE,41827522.2714042
2016,CA,ES,1741294456.27074
2016,CA,FI,518710254.725244
2016,CA,FR,3893727934.20406
2016,CA,GB,5164171377.93653
2016,CA,GR,268598170.996942
2016,CA,HR,68084762.9188283
2016,CA,HU,239340458.502136
2016,CA,ID,1013849337.15765
2016,CA,IE,1150744821.83323
2016,CA,IN,3243011887.88436
2016,CA,IT,2557354077.24689
2016,CA,JP,9154588768.18137
2016,CA,KR,3272366092.8867
2016,CA,LT,58472605.2521468
2016,CA,LU,149594614.664693
2016,CA,LV,45524425.0178325
2016,CA,MT,39427724.3887868
2016,CA,MX,11440892452.3691
2016,CA,NL,1816566311.23521
2016,CA,NO,964557538.764971
2016,CA,PL,678946870.762768
2016,CA,PT,417589292.280574
2016,CA,RO,218753741.33995
2016,CA,RU,1430009989.22216
2016,CA,SE,875859750.801887
2016,CA,SI,89504010.307317
2016,CA,SK,171754585.716026
2016,CA,TR,1191255432.13959
2016,CA,TW,2541327986.68921
2016,CA,US,223715765543.149
2016,CA,WA,12703406036.9707
2016,CA,WE,802340738.695163
2016,CA,WF,3844305585.52947
2016,CA,WL,12030872545.2613
2016,CA,WM,6708805814.46232
2016,CA,ZA,356846079.21359
2016,CH,AT,412922192.430161
2016,CH,AU,660540847.157947
2016,CH,BE,721430998.340262
2016,CH,BG,28194921.3182235
2016,CH,BR,703899737.586703
2016,CH,CA,650477500.084821
2016,CH,CH,40717123422.0234
2016,CH,CN,3867177190.24624
2016,CH,CY,32009394.1683895
2016,CH,CZ,114786842.475924
2016,CH,DE,2643229450.64675
2016,CH,DK,332934333.687352
2016,CH,EE,14907833.6297657
2016,CH,ES,673704842.733926
2016,CH,FI,367823323.190122
2016,CH,FR,2181387073.3939
2016,CH,GB,1597216428.28972
2016,CH,GR,152035480.087853
2016,CH,HR,23075340.997044
2016,CH,HU,92057739.0829642
2016,CH,ID,245558826.247922
2016,CH,IE,276402109.834124
2016,CH,IN,940035208.488298
2016,CH,IT,1416717682.06345
2016,CH,JP,1896701873.21812
2016,CH,KR,858740434.619278
2016,CH,LT,26296630.4959646
2016,CH,LU,35217268.5214105
2016,CH,LV,16326190.3011112
2016,CH,MT,5993597.56510787
2016,CH,MX,619647148.471806
2016,CH,NL,456210091.585549
2016,CH,NO,297998620.818234
2016,CH,PL,214971620.012545
2016,CH,PT,147006751.078116
2016,CH,RO,71193895.0885863
2016,CH,RU,576558763.936506
2016,CH,SE,398667195.835806
2016,CH,SI,27739739.591623
2016,CH,SK,61746242.3292498
2016,CH,TR,463083418.770998
2016,CH,TW,941971746.136117
2016,CH,US,3973806626.9058
2016,CH,WA,1544271277.39999
2016,CH,WE,308423351.588292
2016,CH,WF,719017025.939307
2016,CH,WL,716238394.046475
2016,CH,WM,1532790657.34847
2016,CH,ZA,185286382.472764
2016,CN,AT,5289363893.83633
2016,CN,AU,47744906737.5347
2016,CN,BE,14143468473.238
2016,CN,BG,1206468615.64483
2016,CN,BR,19055990065.2965
2016,CN,CA,37076924741.448
2016,CN,CH,14247829244.3224
2016,CN,CN,9347094476715.72
2016,CN,CY,509997688.555988
2016,CN,CZ,5410134386.95329
2016,CN,DE,80923816191.4042
2016,CN,DK,5126891020.69168
2016,CN,EE,643086203.902191
2016,CN,ES,20048855341.3712
2016,CN,FI,3827463232.79577
2016,CN,FR,42157109601.9573
2016,CN,GB,65886938166.7901
2016,CN,GR,3641850003.1292
2016,CN,HR,832796699.913491
2016,CN,HU,2823779058.6789
2016,CN,ID,30313265650.3778
2016,CN,IE,8371402657.89215
2016,CN,IN,80223214595.2717
2016,CN,IT,26673885950.2991
2016,CN,JP,112574091267.329
2016,CN,KR,74652122771.8094
2016,CN,LT,827795245.937134
2016,CN,LU,893922033.536669
2016,CN,LV,501390325.655127
2016,CN,MT,867652145.889061
2016,CN,MX,38915323781.1189
2016,CN,NL,25769797233.9609
2016,CN,NO,8241989444.90292
2016,CN,PL,12691071607.0943
2016,CN,PT,3416443554.19258
2016,CN,RO,3354527142.89627
2016,CN,RU,31757746744.5536
2016,CN,SE,9029014562.71986
2016,CN,SI,1128055645.41628
2016,CN,SK,2301856131.28941
2016,CN,TR,25416630228.0391
2016,CN,TW,6434642009.35104
2016,CN,US,454046816998.199
2016,CN,WA,755308828356.657
2016,CN,WE,8765109590.73687
2016,CN,WF,94480261777.0754
2016,CN,WL,124573574990.418
2016,CN,WM,203940038060.134
2016,CN,ZA,2736090707.04643
2016,CY,AT,44021093.9051654
2016,CY,AU,80563177.6937595
2016,CY,BE,64511699.323556
2016,CY,BG,23922203.0037857
2016,CY,BR,60659580.1710703
2016,CY,CA,69745375.4412989
2016,CY,CH,76062801.492427
2016,CY,CN,250318119.401394
2016,CY,CY,8741208011.87326
2016,CY,CZ,25717749.3664884
2016,CY,DE,122409688.040183
2016,CY,DK,31082686.8341946
2016,CY,EE,6798782.43150057
2016,CY,ES,64848893.0891304
2016,CY,FI,58409490.4744916
2016,CY,FR,136533436.49112
2016,CY,GB,205408691.680764
2016,CY,GR,89334317.5936696
2016,CY,HR,10021558.9189003
2016,CY,HU,40150402.7507356
2016,CY,ID,46201284.0405215
2016,CY,IE,56410150.0124381
2016,CY,IN,106167722.907678
2016,CY,IT,101506186.023864
2016,CY,JP,104077513.520714
2016,CY,KR,69459168.6204877
2016,CY,LT,8059150.06072218
2016,CY,LU,6342999.93692701
2016,CY,LV,8142169.13859865
2016,CY,MT,3474114.35343547
2016,CY,MX,60684364.6807128
2016,CY,NL,49786783.5407882
2016,CY,NO,73037435.67834
2016,CY,PL,45473507.8842135
2016,CY,PT,36394014.3457832
2016,CY,RO,27262408.7288813
2016,CY,RU,68911138.7162428
2016,CY,SE,72297107.1429213
2016,CY,SI,8194404.74207741
2016,CY,SK,23429728.9875195
2016,CY,TR,103479088.490834
2016,CY,TW,560969687.97282
2016,CY,US,200407296.801853
2016,CY,WA,189824739.669871
2016,CY,WE,35226629.2294578
2016,CY,WF,111504065.92007
2016,CY,WL,82356718.857868
2016,CY,WM,798943725.661868
2016,CY,ZA,16876139.3244904
2016,CZ,AT,1823089235.87674
2016,CZ,AU,421038432.329948
2016,CZ,BE,728232215.242349
2016,CZ,BG,330944665.637173
2016,CZ,BR,235804857.799931
2016,CZ,CA,482769056.297925
2016,CZ,CH,848316343.030267
2016,CZ,CN,1961458933.24189
2016,CZ,CY,29901975.6695739
2016,CZ,CZ,72225149794.1025
2016,CZ,DE,10635834215.6762
2016,CZ,DK,342240248.344611
2016,CZ,EE,56408687.1537984
2016,CZ,ES,821314018.383132
2016,CZ,FI,253112118.216469
2016,CZ,FR,2158408048.92958
2016,CZ,GB,2489928063.11143
2016,CZ,GR,166770423.644996
2016,CZ,HR,158899725.834327
2016,CZ,HU,755318688.834565
2016,CZ,ID,184498711.378195
2016,CZ,IE,401128314.123376
2016,CZ,IN,502194016.127494
2016,CZ,IT,2609744446.61637
2016,CZ,JP,612782896.293302
2016,CZ,KR,373496527.593482
2016,CZ,LT,117675105.396321
2016,CZ,LU,54697944.8237075
2016,CZ,LV,51947601.9894712
2016,CZ,MT,9358938.43766094
2016,CZ,MX,345121775.488016
2016,CZ,NL,836835165.243483
2016,CZ,NO,454134025.49072
2016,CZ,PL,2131073245.07001
2016,CZ,PT,192534281.070355
2016,CZ,RO,532635859.029562
2016,CZ,RU,984391060.472622
2016,CZ,SE,713580431.967846
2016,CZ,SI,142453048.932575
2016,CZ,SK,4942190043.7129
2016,CZ,TR,856696745.544665
2016,CZ,TW,1210853540.65018
2016,CZ,US,2575625424.53933
2016,CZ,WA,1613153377.07316
2016,CZ,WE,555805380.162784
2016,CZ,WF,755882114.93357
2016,CZ,WL,700340788.171202
2016,CZ,WM,2095038918.19556
2016,CZ,ZA,68418405.6952776
2016,DE,AT,11331551350.8676
2016,DE,AU,2862749206.4735
2016,DE,BE,7067189562.0497
2016,DE,BG,695500888.890835
2016,DE,BR,2174554233.86247
2016,DE,CA,3718712001.92375
2016,DE,CH,13078012348.8327
2016,DE,CN,41667186447.0916
2016,DE,CY,133949685.69668
2016,DE,CZ,4959170867.8801
2016,DE,DE,613243486736.089
2016,DE,DK,3546700374.14239
2016,DE,EE,250500459.656145
2016,DE,ES,7172165829.26682
2016,DE,FI,1673957272.31405
2016,DE,FR,22140152146.8185
2016,DE,GB,18538294899.7333
2016,DE,GR,1186881952.0782
2016,DE,HR,563727133.94485
2016,DE,HU,1932693141.5218
2016,DE,ID,942040032.878301
2016,DE,IE,2596801413.73719
2016,DE,IN,4449126818.47004
2016,DE,IT,14356217010.5911
2016,DE,JP,9910171324.81922
2016,DE,KR,4716598155.4884
2016,DE,LT,470856721.181414
2016,DE,LU,600947639.420175
2016,DE,LV,249863015.439432
2016,DE,MT,60182900.206939
2016,DE,MX,3437427979.34148
2016,DE,NL,12231876964.8009
2016,DE,NO,2741131835.58676
2016,DE,PL,9524217576.21828
2016,DE,PT,1198882549.46532
2016,DE,RO,2135000955.14385
2016,DE,RU,5067870703.65
2016,DE,SE,5118879613.88716
2016,DE,SI,609512294.009779
2016,DE,SK,1658537697.1016
2016,DE,TR,4821594075.75812
2016,DE,TW,2574079246.15629
2016,DE,US,46534927460.4826
2016,DE,WA,16720898549.7712
2016,DE,WE,2519045188.98433
2016,DE,WF,6657911037.72853
2016,DE,WL,6802631431.89504
2016,DE,WM,17416330566.3036
2016,DE,ZA,809221490.951614
2016,DK,AT,261942724.810027
2016,DK,AU,550954321.669099
2016,DK,BE,564202307.40204
2016,DK,BG,53519083.2189032
2016,DK,BR,429142398.875046
2016,DK,CA,539552072.646975
2016,DK,CH,674253927.84558
2016,DK,CN,12289491917.5777
2016,DK,CY,28196987.0723726
2016,DK,CZ,173408557.592621
2016,DK,DE,4274757888.52244
2016,DK,DK,29624400988.7034
2016,DK,EE,50844146.9746153
2016,DK,ES,810821780.136784
2016,DK,FI,486936294.536394
2016,DK,FR,1982912278.09424
2016,DK,GB,2796753996.48891
2016,DK,GR,189299213.724061
2016,DK,HR,40282093.6269652
2016,DK,HU,124179244.805926
2016,DK,ID,195656206.485434
2016,DK,IE,422184748.952561
2016,DK,IN,733737222.955505
2016,DK,IT,950040803.853232
2016,DK,JP,3473572076.87241
2016,DK,KR,1057254853.1375
2016,DK,LT,84560034.6451185
2016,DK,LU,38026877.4687936
2016,DK,LV,48770494.4673048
2016,DK,MT,13664681.131979
2016,DK,MX,552992946.096919
2016,DK,NL,751588209.866778
2016,DK,NO,1423156124.64928
2016,DK,PL,635351896.827081
2016,DK,PT,158090311.986076
2016,DK,RO,128261400.99004
2016,DK,RU,557269430.908175
2016,DK,SE,2338386593.33711
2016,DK,SI,26796980.5255485
2016,DK,SK,85375844.3784477
2016,DK,TR,357842680.537284
2016,DK,TW,1064056167.61636
2016,DK,US,5759530237.86172
2016,DK,WA,2573076111.68112
2016,DK,WE,275642443.148338
2016,DK,WF,661941603.118311
2016,DK,WL,1051892793.40045
2016,DK,WM,1892576692.75777
2016,DK,ZA,76594778.0479893
2016,EE,AT,60915545.3240647
2016,EE,AU,96877894.3362133
2016,EE,BE,96000326.854466
2016,EE,BG,18522759.7388828
2016,EE,BR,56169864.6239507
2016,EE,CA,91946699.5772221
2016,EE,CH,99711390.782603
2016,EE,CN,338603600.516421
2016,EE,CY,12063546.1086622
2016,EE,CZ,47086615.5373491
2016,EE,DE,395956587.025658
2016,EE,DK,151214114.551421
2016,EE,EE,7977169193.73435
2016,EE,ES,121279320.059292
2016,EE,FI,744035868.663629
2016,EE,FR,196230978.883198
2016,EE,GB,271064359.510855
2016,EE,GR,40357947.7279916
2016,EE,HR,15498174.7830263
2016,EE,HU,35970120.0144659
2016,EE,ID,41598019.9379316
2016,EE,IE,63396978.6482245
2016,EE,IN,140861571.358168
2016,EE,IT,134206615.219924
2016,EE,JP,150721478.263331
2016,EE,KR,91193940.8915175
2016,EE,LT,210472060.652823
2016,EE,LU,12028279.4539267
2016,EE,LV,1902203791.10179
2016,EE,MT,4773063.4073043
2016,EE,MX,61795767.7135916
2016,EE,NL,133675205.945261
2016,EE,NO,292531089.262946
2016,EE,PL,117392374.445343
2016,EE,PT,44364735.2918176
2016,EE,RO,42718184.0027638
2016,EE,RU,440063172.259812
2016,EE,SE,384339274.909194
2016,EE,SI,12873955.8055717
2016,EE,SK,36618268.1686753
2016,EE,TR,113952008.766415
2016,EE,TW,664245918.012318
2016,EE,US,362595833.864252
2016,EE,WA,272846755.052984
2016,EE,WE,75378227.9336847
2016,EE,WF,225216358.402168
2016,EE,WL,114510463.863193
2016,EE,WM,338107393.816139
2016,EE,ZA,21549808.4982469
2016,ES,AT,536745011.64723
2016,ES,AU,834254478.836155
2016,ES,BE,1248138535.85553
2016,ES,BG,329123438.561813
2016,ES,BR,871841849.865738
2016,ES,CA,1117586210.46136
2016,ES,CH,1162637685.37319
2016,ES,CN,6150261653.04956
2016,ES,CY,47122198.7859145
2016,ES,CZ,355069576.898698
2016,ES,DE,6757242705.094
2016,ES,DK,397758606.966544
2016,ES,EE,44912774.9386864
2016,ES,ES,238621285910.163
2016,ES,FI,339053510.828429
2016,ES,FR,9330703021.84927
2016,ES,GB,5633248715.08494
2016,ES,GR,443236857.524719
2016,ES,HR,86687974.0311878
2016,ES,HU,237914258.632658
2016,ES,ID,261836855.00058
2016,ES,IE,699713334.115123
2016,ES,IN,1244945704.49134
2016,ES,IT,4024087510.61331
2016,ES,JP,2194889773.29922
2016,ES,KR,1201620839.61164
2016,ES,LT,75049606.0478538
2016,ES,LU,86541142.6732547
2016,ES,LV,39655122.3367414
2016,ES,MT,63260583.8619611
2016,ES,MX,1198323134.29566
2016,ES,NL,1408779339.88794
2016,ES,NO,594550901.835405
2016,ES,PL,881606276.806387
2016,ES,PT,3125228474.11997
2016,ES,RO,398254087.985184
2016,ES,RU,1308424624.08417
2016,ES,SE,802375021.052597
2016,ES,SI,98113973.5480912
2016,ES,SK,185542599.678661
2016,ES,TR,1283988555.78782
2016,ES,TW,1630314480.17566
2016,ES,US,10757945583.9696
2016,ES,WA,3622771734.31704
2016,ES,WE,634135447.084949
2016,ES,WF,6521676973.61127
2016,ES,WL,3089675988.36492
2016,ES,WM,5776381607.11385
2016,ES,ZA,105137009.536371
2016,FI,AT,165735203.598139
2016,FI,AU,290370320.063104
2016,FI,BE,396272166.045676
2016,FI,BG,34416773.7845522
2016,FI,BR,227018886.935456
2016,FI,CA,309135215.647286
2016,FI,CH,406927836.765459
2016,FI,CN,1918415770.46186
2016,FI,CY,26477091.9456611
2016,FI,CZ,108354018.800417
2016,FI,DE,1536295653.52437
2016,FI,DK,203437689.165924
2016,FI,EE,255021248.097559
2016,FI,ES,369919889.454029
2016,FI,FI,40649114394.6402
2016,FI,FR,798913511.162181
2016,FI,GB,1108130807.77703
2016,FI,GR,95697090.1404135
2016,FI,HR,23541050.075735
2016,FI,HU,90233170.7188832
2016,FI,ID,133388528.56683
2016,FI,IE,421649885.537691
2016,FI,IN,426986976.286724
2016,FI,IT,520319523.606008
2016,FI,JP,635386259.967942
2016,FI,KR,328488172.958741
2016,FI,LT,90245774.7135565
2016,FI,LU,34659443.3054335
2016,FI,LV,103747277.599574
2016,FI,MT,13584708.6041645
2016,FI,MX,249217733.188815
2016,FI,NL,554699379.281596
2016,FI,NO,496778361.141005
2016,FI,PL,303661873.995994
2016,FI,PT,115376701.864037
2016,FI,RO,90803186.6728022
2016,FI,RU,728661262.073169
2016,FI,SE,1220383354.39213
2016,FI,SI,23216729.7784324
2016,FI,SK,61490991.399197
2016,FI,TR,333040643.102677
2016,FI,TW,1317300123.39757
2016,FI,US,2003253936.70241
2016,FI,WA,1292229451.28346
2016,FI,WE,205574982.851252
2016,FI,WF,591605049.312797
2016,FI,WL,613564057.060499
2016,FI,WM,1232589531.70437
2016,FI,ZA,49128389.7224049
2016,FR,AT,1110611742.58746
2016,FR,AU,1312283228.61866
2016,FR,BE,4567326082.23899
2016,FR,BG,193225223.825801
2016,FR,BR,1166392578.78555
2016,FR,CA,1746571656.64684
2016,FR,CH,3447516508.34806
2016,FR,CN,13044590320.2508
2016,FR,CY,82035507.4293045
2016,FR,CZ,613804654.092412
2016,FR,DE,14916812874.9425
2016,FR,DK,801413908.437814
2016,FR,EE,57942439.4754787
2016,FR,ES,6656831551.51516
2016,FR,FI,584039637.743188
2016,FR,FR,307044121492.035
2016,FR,GB,9575692886.37999
2016,FR,GR,971007881.140887
2016,FR,HR,112803588.700188
2016,FR,HU,470767021.043901
2016,FR,ID,545189280.289496
2016,FR,IE,1136073186.16707
2016,FR,IN,2047101580.92553
2016,FR,IT,11607788344.4906
2016,FR,JP,4688728009.20384
2016,FR,KR,2218281315.21192
2016,FR,LT,109708901.765893
2016,FR,LU,412240276.242763
2016,FR,LV,55107557.8113836
2016,FR,MT,41388442.4051846
2016,FR,MX,1434288413.95655
2016,FR,NL,3356973424.6098
2016,FR,NO,799576543.916929
2016,FR,PL,1460010143.73165
2016,FR,PT,964708882.496041
2016,FR,RO,660466868.105145
2016,FR,RU,2036889543.56744
2016,FR,SE,1384893658.32005
2016,FR,SI,105429147.390654
2016,FR,SK,383729905.847773
2016,FR,TR,1700226145.9756
2016,FR,TW,1803726798.93706
2016,FR,US,19139256800.5561
2016,FR,WA,7406469217.06438
2016,FR,WE,812233130.086915
2016,FR,WF,7907054505.83929
2016,FR,WL,2662002780.75601
2016,FR,WM,6793125409.05463
2016,FR,ZA,265842032.211725
2016,GB,AT,774291815.173411
2016,GB,AU,1770996572.69955
2016,GB,BE,2711227661.47198
2016,GB,BG,274335792.183596
2016,GB,BR,1342001198.91709
2016,GB,CA,2339782164.69245
2016,GB,CH,2321958089.30562
2016,GB,CN,18099136019.1204
2016,GB,CY,89482468.5497465
2016,GB,CZ,514651320.520883
2016,GB,DE,10598002522.0507
2016,GB,DK,987732924.66865
2016,GB,EE,63986644.4981778
2016,GB,ES,3604062391.75909
2016,GB,FI,667567033.650869
2016,GB,FR,8685098562.83925
2016,GB,GB,364238412592.984
2016,GB,GR,495662562.190814
2016,GB,HR,71202180.0698274
2016,GB,HU,296541052.73319
2016,GB,ID,563804057.307234
2016,GB,IE,5874037449.95315
2016,GB,IN,2622763053.12315
2016,GB,IT,3844655090.63026
2016,GB,JP,5886807425.18525
2016,GB,KR,3083596169.23637
2016,GB,LT,90031394.3167212
2016,GB,LU,246288794.719532
2016,GB,LV,64454716.0654461
2016,GB,MT,41792544.4966247
2016,GB,MX,1630485184.56401
2016,GB,NL,4117793336.13257
2016,GB,NO,1190523557.52667
2016,GB,PL,1120766815.99069
2016,GB,PT,645387322.493356
2016,GB,RO,304327992.833875
2016,GB,RU,2209196807.26653
2016,GB,SE,1767285575.0478
2016,GB,SI,79213465.346324
2016,GB,SK,195751804.46995
2016,GB,TR,1801812223.65217
2016,GB,TW,2110392230.99271
2016,GB,US,27502964377.3324
2016,GB,WA,8707777647.74104
2016,GB,WE,1127748319.64236
2016,GB,WF,4063236035.78696
2016,GB,WL,3480307006.41149
2016,GB,WM,8302817549.96867
2016,GB,ZA,533026286.453531
2016,GR,AT,304063141.239289
2016,GR,AU,555580317.188411
2016,GR,BE,604338897.817541
2016,GR,BG,608134367.277803
2016,GR,BR,368941153.963512
2016,GR,CA,589678938.03381
2016,GR,CH,793111145.347562
2016,GR,CN,7219286672.84258
2016,GR,CY,533181808.201084
2016,GR,CZ,220353183.252408
2016,GR,DE,2835237254.4261
2016,GR,DK,246824761.088013
2016,GR,EE,23667513.5030087
2016,GR,ES,731839967.474561
2016,GR,FI,258169208.665007
2016,GR,FR,2053201197.17865
2016,GR,GB,2171369099.8416
2016,GR,GR,107788988500.281
2016,GR,HR,69670723.8139842
2016,GR,HU,145677804.119126
2016,GR,ID,197717151.615429
2016,GR,IE,255618315.611235
2016,GR,IN,1128772381.32669
2016,GR,IT,2495556820.92638
2016,GR,JP,1961641539.90639
2016,GR,KR,1025378891.02321
2016,GR,LT,38987584.3084099
2016,GR,LU,34914938.0034031
2016,GR,LV,22578327.2385839
2016,GR,MT,36012965.2901708
2016,GR,MX,664075824.546137
2016,GR,NL,483752546.791296
2016,GR,NO,353485192.883703
2016,GR,PL,630941261.287179
2016,GR,PT,209323836.720799
2016,GR,RO,523889589.186395
2016,GR,RU,554621437.994082
2016,GR,SE,414593699.311474
2016,GR,SI,203880037.333905
2016,GR,SK,103745411.99015
2016,GR,TR,1540997215.82538
2016,GR,TW,2716649364.24991
2016,GR,US,5719268406.83039
2016,GR,WA,2436161565.98907
2016,GR,WE,657744571.391074
2016,GR,WF,1848347648.12606
2016,GR,WL,1145011702.37557
2016,GR,WM,3142071205.21628
2016,GR,ZA,80067511.2099695
2016,HR,AT,169174056.9715
2016,HR,AU,90908743.409138
2016,HR,BE,87928715.3743425
2016,HR,BG,33508977.2582131
2016,HR,BR,59274998.4939158
2016,HR,CA,99400077.9301838
2016,HR,CH,117396006.787885
2016,HR,CN,310832411.059462
2016,HR,CY,10084994.5883016
2016,HR,CZ,70638830.2509672
2016,HR,DE,511972381.649764
2016,HR,DK,40111473.0862523
2016,HR,EE,9814846.14007064
2016,HR,ES,100342206.282561
2016,HR,FI,47890654.6141221
2016,HR,FR,210231703.186694
2016,HR,GB,199281387.267191
2016,HR,GR,44593954.6486429
2016,HR,HR,15325897506.6956
2016,HR,HU,391846160.36759
2016,HR,ID,42765140.1997569
2016,HR,IE,73677477.5439255
2016,HR,IN,121751697.092517
2016,HR,IT,552645489.403843
2016,HR,JP,146162973.726334
2016,HR,KR,88650107.7029901
2016,HR,LT,12350819.5874737
2016,HR,LU,9080966.96990971
2016,HR,LV,10533442.1866738
2016,HR,MT,8538030.91593313
2016,HR,MX,78615358.4947602
2016,HR,NL,82903848.8905682
2016,HR,NO,89972831.8092398
2016,HR,PL,99268676.968921
2016,HR,PT,44921837.4539745
2016,HR,RO,78749858.9369044
2016,HR,RU,147157721.984694
2016,HR,SE,90617548.4637047
2016,HR,SI,512659370.440681
2016,HR,SK,51573716.983183
2016,HR,TR,106858352.193462
2016,HR,TW,749617807.186512
2016,HR,US,420768839.128797
2016,HR,WA,253853377.043319
2016,HR,WE,723189685.707088
2016,HR,WF,169072322.849337
2016,HR,WL,116629855.481038
2016,HR,WM,364135025.030315
2016,HR,ZA,18340356.9268062
2016,HU,AT,1023865793.85156
2016,HU,AU,310858491.449579
2016,HU,BE,353089425.255947
2016,HU,BG,161659412.945574
2016,HU,BR,203658161.125275
2016,HU,CA,363607676.726896
2016,HU,CH,426459829.758264
2016,HU,CN,1269249257.86879
2016,HU,CY,32828200.1096462
2016,HU,CZ,430354868.112325
2016,HU,DE,3517512563.3965
2016,HU,DK,183477382.520136
2016,HU,EE,33829631.4814216
2016,HU,ES,488711304.468688
2016,HU,FI,153922676.664602
2016,HU,FR,1112272606.01232
2016,HU,GB,1062207091.46362
2016,HU,GR,225010278.290716
2016,HU,HR,769509023.732782
2016,HU,HU,35082050948.0474
2016,HU,ID,138165637.911978
2016,HU,IE,229713936.492668
2016,HU,IN,342818981.301593
2016,HU,IT,1268354195.60103
2016,HU,JP,502298575.264058
2016,HU,KR,316195143.03663
2016,HU,LT,49507914.3061623
2016,HU,LU,36589531.8249744
2016,HU,LV,33204537.6864477
2016,HU,MT,6822291.18998044
2016,HU,MX,261298635.218118
2016,HU,NL,505003321.164307
2016,HU,NO,276059461.873419
2016,HU,PL,723946294.408141
2016,HU,PT,158808983.64388
2016,HU,RO,1449689668.63986
2016,HU,RU,599092742.260857
2016,HU,SE,351039702.876802
2016,HU,SI,164385578.83044
2016,HU,SK,657652585.970273
2016,HU,TR,624485064.408799
2016,HU,TW,1159601301.87465
2016,HU,US,1390391641.32531
2016,HU,WA,1032087102.45528
2016,HU,WE,921825089.264194
2016,HU,WF,523995680.155979
2016,HU,WL,501806038.521074
2016,HU,WM,1254546383.82972
2016,HU,ZA,64494264.3912504
2016,ID,AT,252620352.194356
2016,ID,AU,2360606290.3912
2016,ID,BE,653302186.956925
2016,ID,BG,56445544.0996431
2016,ID,BR,606203663.876767
2016,ID,CA,1071973141.76917
2016,ID,CH,1128367435.5453
2016,ID,CN,21786305096.8811
2016,ID,CY,21845234.2092981
2016,ID,CZ,171821192.472801
2016,ID,DE,2725654681.87543
2016,ID,DK,177633850.838984
2016,ID,EE,32738320.7617931
2016,ID,ES,810391324.344935
2016,ID,FI,213684323.673296
2016,ID,FR,1409734811.708
2016,ID,GB,2015710334.26255
2016,ID,GR,155300949.526092
2016,ID,HR,43849825.8613233
2016,ID,HU,109978602.089382
2016,ID,ID,679433948606.34
2016,ID,IE,337252476.858047
2016,ID,IN,10127599144.9767
2016,ID,IT,1257759836.09946
2016,ID,JP,10104910103.7649
2016,ID,KR,6122021960.47288
2016,ID,LT,30817066.1415395
2016,ID,LU,43430449.9428378
2016,ID,LV,34626848.2710776
2016,ID,MT,15912594.6951722
2016,ID,MX,952609709.183566
2016,ID,NL,879820598.583975
2016,ID,NO,366600305.594289
2016,ID,PL,445077977.409129
2016,ID,PT,149775058.050861
2016,ID,RO,139743338.220045
2016,ID,RU,999240061.817717
2016,ID,SE,338604789.157409
2016,ID,SI,60391204.2122228
2016,ID,SK,105550769.238923
2016,ID,TR,1085047434.02737
2016,ID,TW,1850544098.10559
2016,ID,US,14156642551.8521
2016,ID,WA,42481238749.7373
2016,ID,WE,304087767.419877
2016,ID,WF,2753664580.24585
2016,ID,WL,2208297174.60993
2016,ID,WM,7143170498.09275
2016,ID,ZA,130696055.503737
2016,IE,AT,245630059.315396
2016,IE,AU,500282126.604977
2016,IE,BE,672990192.107706
2016,IE,BG,48316787.6831749
2016,IE,BR,1102771449.29248
2016,IE,CA,618794894.67609
2016,IE,CH,694771889.385009
2016,IE,CN,2417728757.70773
2016,IE,CY,64869050.9224408
2016,IE,CZ,153581742.729715
2016,IE,DE,2321317875.0565
2016,IE,DK,350547746.372929
2016,IE,EE,35256195.8984353
2016,IE,ES,1162273573.83682
2016,IE,FI,360539594.253239
2016,IE,FR,2035956269.17291
2016,IE,GB,11635092933.0529
2016,IE,GR,282297665.658876
2016,IE,HR,33371670.223367
2016,IE,HU,153980726.85583
2016,IE,ID,290230125.841295
2016,IE,IE,31434470387.4629
2016,IE,IN,666197129.069526
2016,IE,IT,1385156724.06407
2016,IE,JP,1271468174.23515
2016,IE,KR,670662770.677292
2016,IE,LT,33147214.7905269
2016,IE,LU,72441036.6896544
2016,IE,LV,30109486.3214508
2016,IE,MT,12022707.1725899
2016,IE,MX,510046157.862185
2016,IE,NL,1113373554.13487
2016,IE,NO,414978907.40421
2016,IE,PL,298912691.572838
2016,IE,PT,287899950.731086
2016,IE,RO,119052655.483043
2016,IE,RU,877778448.0168
2016,IE,SE,656312430.153871
2016,IE,SI,42114337.3557326
2016,IE,SK,110860668.052167
2016,IE,TR,556473503.011045
2016,IE,TW,677445540.465048
2016,IE,US,3650002344.26157
2016,IE,WA,2322067590.90054
2016,IE,WE,640951548.245804
2016,IE,WF,1353136123.31964
2016,IE,WL,1288342533.71154
2016,IE,WM,2031838785.63813
2016,IE,ZA,452481107.501748
2016,IN,AT,1292892119.68214
2016,IN,AU,5743523500.81996
2016,IN,BE,4516699264.50205
2016,IN,BG,305147759.44159
2016,IN,BR,3091719139.7855
2016,IN,CA,4979941921.82645
2016,IN,CH,3550900926.30177
2016,IN,CN,27027471222.0775
2016,IN,CY,117044351.624517
2016,IN,CZ,852217747.410398
2016,IN,DE,13883788231.7593
2016,IN,DK,1065188418.44147
2016,IN,EE,134880498.504723
2016,IN,ES,4223757177.97193
2016,IN,FI,962117316.535905
2016,IN,FR,9148440659.7456
2016,IN,GB,14064914011.1907
2016,IN,GR,668534139.092153
2016,IN,HR,182582834.251155
2016,IN,HU,616349151.74407
2016,IN,ID,3845164098.86658
2016,IN,IE,1921504349.53785
2016,IN,IN,2697348423208.99
2016,IN,IT,6543996307.3831
2016,IN,JP,9292234130.6873
2016,IN,KR,6053712404.47524
2016,IN,LT,141603944.222087
2016,IN,LU,282095654.212836
2016,IN,LV,112316161.912351
2016,IN,MT,72026772.8454458
2016,IN,MX,5639919884.84568
2016,IN,NL,4108893301.54767
2016,IN,NO,1392668304.49987
2016,IN,PL,2156193278.12689
2016,IN,PT,862431050.056805
2016,IN,RO,631191172.31509
2016,IN,RU,3780962502.45143
2016,IN,SE,2057593157.90007
2016,IN,SI,224746312.359551
2016,IN,SK,439262436.58665
2016,IN,TR,6741985410.55631
2016,IN,TW,3877801022.56036
2016,IN,US,66764076278.2725
2016,IN,WA,118445911141.327
2016,IN,WE,2338988983.77164
2016,IN,WF,25616235153.3666
2016,IN,WL,13815818298.8254
2016,IN,WM,100980516294.779
2016,IN,ZA,827945677.620148
2016,IT,AT,1270402767.81792
2016,IT,AU,1038259918.3079
2016,IT,BE,1407515516.77516
2016,IT,BG,311949397.453273
2016,IT,BR,688027320.913453
2016,IT,CA,1288654180.5646
2016,IT,CH,3037483366.52504
2016,IT,CN,5497481205.48013
2016,IT,CY,55082536.2668823
2016,IT,CZ,598650789.042837
2016,IT,DE,8821266905.29464
2016,IT,DK,458954719.59842
2016,IT,EE,57486445.2617032
2016,IT,ES,2334430660.51792
2016,IT,FI,357255709.817812
2016,IT,FR,7163896833.71838
2016,IT,GB,4756237308.40136
2016,IT,GR,618579680.39168
2016,IT,HR,380865417.255246
2016,IT,HU,392543973.18513
2016,IT,ID,340672482.62369
2016,IT,IE,629291871.804869
2016,IT,IN,1369970636.49056
2016,IT,IT,321103185298.925
2016,IT,JP,1962291772.65051
2016,IT,KR,1129223683.0967
2016,IT,LT,110441638.262857
2016,IT,LU,81505434.7511462
2016,IT,LV,52653739.0418787
2016,IT,MT,156083600.111526
2016,IT,MX,916301012.493698
2016,IT,NL,1363267935.66813
2016,IT,NO,604166240.187785
2016,IT,PL,1330640618.92358
2016,IT,PT,428195958.902786
2016,IT,RO,783502960.19033
2016,IT,RU,1476429400.79722
2016,IT,SE,989209750.529866
2016,IT,SI,367156199.886919
2016,IT,SK,343793588.375636
2016,IT,TR,1769941785.40467
2016,IT,TW,1308408038.61678
2016,IT,US,9751777470.49243
2016,IT,WA,5059131792.46979
2016,IT,WE,850038859.983463
2016,IT,WF,3680834686.01963
2016,IT,WL,1935989592.61116
2016,IT,WM,6831793031.1458
2016,IT,ZA,106636232.310734
2016,JP,AT,438435600.193587
2016,JP,AU,4227576929.25288
2016,JP,BE,1416104426.97547
2016,JP,BG,64808766.4487621
2016,JP,BR,1396634464.43787
2016,JP,CA,2865145362.75538
2016,JP,CH,1789482202.16014
2016,JP,CN,58121499708.1683
2016,JP,CY,49124856.051866
2016,JP,CZ,293997749.353625
2016,JP,DE,5945278424.64508
2016,JP,DK,672423054.065735
2016,JP,EE,38458172.7671522
2016,JP,ES,1421620333.04334
2016,JP,FI,424659666.218898
2016,JP,FR,4466793389.71992
2016,JP,GB,4818223382.75078
2016,JP,GR,281292404.884259
2016,JP,HR,44735180.3381645
2016,JP,HU,252256621.715282
2016,JP,ID,2925905185.56285
2016,JP,IE,752004119.036398
2016,JP,IN,5214970768.85432
2016,JP,IT,2230257823.69941
2016,JP,JP,1059152168803.24
2016,JP,KR,10240997668.4836
2016,JP,LT,39017894.9853726
2016,JP,LU,70885058.1257209
2016,JP,LV,30100409.4661025
2016,JP,MT,78198069.7045601
2016,JP,MX,3924016647.07126
2016,JP,NL,1665774800.32146
2016,JP,NO,785337878.856416
2016,JP,PL,608516281.362609
2016,JP,PT,225732946.37448
2016,JP,RO,185928988.971602
2016,JP,RU,2077640788.72349
2016,JP,SE,812020525.63508
2016,JP,SI,59164757.0416895
2016,JP,SK,131077971.81004
2016,JP,TR,1467866475.62875
2016,JP,TW,1980851567.60473
2016,JP,US,36393190212.6476
2016,JP,WA,47847411790.4513
2016,JP,WE,601707290.196584
2016,JP,WF,3865163417.9297
2016,JP,WL,7496425008.98765
2016,JP,WM,11974930851.5948
2016,JP,ZA,257661704.487275
2016,KR,AT,426707660.198003
2016,KR,AU,3819930511.22857
2016,KR,BE,1239911166.7531
2016,KR,BG,97522925.0989469
2016,KR,BR,1476065613.69834
2016,KR,CA,2592717033.76946
2016,KR,CH,1392412546.13096
2016,KR,CN,45437616458.8682
2016,KR,CY,76422064.7181602
2016,KR,CZ,430969659.72598
2016,KR,DE,5303609012.76103
2016,KR,DK,664329825.476109
2016,KR,EE,42566671.0898423
2016,KR,ES,1805052071.09819
2016,KR,FI,414283996.781144
2016,KR,FR,3921162076.8895
2016,KR,GB,4679381158.3784
2016,KR,GR,536996268.051344
2016,KR,HR,62946924.1531536
2016,KR,HU,248656462.039635
2016,KR,ID,2477869588.13804
2016,KR,IE,644332497.996826
2016,KR,IN,6599271652.55279
2016,KR,IT,2389931110.67986
2016,KR,JP,12201056922.9928
2016,KR,KR,503504958479.907
2016,KR,LT,51652991.7209096
2016,KR,LU,74268806.4087792
2016,KR,LV,36163813.2433139
2016,KR,MT,81094412.79686
2016,KR,MX,3266580898.22737
2016,KR,NL,1574896534.00546
2016,KR,NO,1258220134.76541
2016,KR,PL,708232364.852032
2016,KR,PT,304316428.165048
2016,KR,RO,247125656.183937
2016,KR,RU,2584972483.69022
2016,KR,SE,773858960.170586
2016,KR,SI,185484412.411871
2016,KR,SK,257318038.716758
2016,KR,TR,2294519092.99711
2016,KR,TW,1956998546.60817
2016,KR,US,27867754747.4738
2016,KR,WA,39797860678.9553
2016,KR,WE,876764925.41462
2016,KR,WF,5450051493.58149
2016,KR,WL,7044183395.03253
2016,KR,WM,12313437766.4821
2016,KR,ZA,479446718.563497
2016,LT,AT,201029861.949955
2016,LT,AU,213113202.80254
2016,LT,BE,198077452.705584
2016,LT,BG,26295960.5291395
2016,LT,BR,82283377.7523308
2016,LT,CA,266367309.304176
2016,LT,CH,195636860.528185
2016,LT,CN,466378516.649022
2016,LT,CY,19135666.327903
2016,LT,CZ,105670796.893125
2016,LT,DE,711772250.850379
2016,LT,DK,116566058.103202
2016,LT,EE,167039413.422211
2016,LT,ES,353412349.820099
2016,LT,FI,120038723.023739
2016,LT,FR,445734705.408686
2016,LT,GB,482585822.421371
2016,LT,GR,63798945.9508985
2016,LT,HR,27207482.3287268
2016,LT,HU,80693836.6065718
2016,LT,ID,144383019.978766
2016,LT,IE,84326835.6425661
2016,LT,IN,214317335.814782
2016,LT,IT,350187342.273307
2016,LT,JP,173145271.544792
2016,LT,KR,92581019.8353006
2016,LT,LT,13012354270.0587
2016,LT,LU,45069881.5392631
2016,LT,LV,485274847.568473
2016,LT,MT,4546739.60101491
2016,LT,MX,77957648.9201392
2016,LT,NL,288195438.743465
2016,LT,NO,183357069.073001
2016,LT,PL,714353262.832359
2016,LT,PT,91166255.7099629
2016,LT,RO,74315515.5552572
2016,LT,RU,219934687.933317
2016,LT,SE,221292151.47186
2016,LT,SI,28507346.4712329
2016,LT,SK,69870025.6129845
2016,LT,TR,175768910.051616
2016,LT,TW,451301692.149013
2016,LT,US,897073739.704588
2016,LT,WA,472900557.809566
2016,LT,WE,281076890.491365
2016,LT,WF,354859152.276831
2016,LT,WL,162765397.1255
2016,LT,WM,843229899.195515
2016,LT,ZA,53965237.2430157
2016,LU,AT,55786019.8699812
2016,LU,AU,95035379.1100068
2016,LU,BE,84750777.5817365
2016,LU,BG,12700623.8158552
2016,LU,BR,79670383.8714203
2016,LU,CA,105021853.060075
2016,LU,CH,114394303.355877
2016,LU,CN,330225029.881642
2016,LU,CY,14264200.3443625
2016,LU,CZ,40272289.7299507
2016,LU,DE,468606464.754702
2016,LU,DK,65497388.9609854
2016,LU,EE,7367933.96411727
2016,LU,ES,139566669.026701
2016,LU,FI,51417384.0012878
2016,LU,FR,460229592.712269
2016,LU,GB,328414537.393623
2016,LU,GR,61525240.0172255
2016,LU,HR,8755354.81738758
2016,LU,HU,40171658.1476705
2016,LU,ID,52149812.0570904
2016,LU,IE,73350832.2938071
2016,LU,IN,122557037.877842
2016,LU,IT,187172479.362826
2016,LU,JP,149311299.936588
2016,LU,KR,101518583.202544
2016,LU,LT,9713441.72580318
2016,LU,LU,2451524832.96426
2016,LU,LV,7502968.75465787
2016,LU,MT,1951697.36010069
2016,LU,MX,90388985.6137914
2016,LU,NL,240416679.361569
2016,LU,NO,78129487.7339253
2016,LU,PL,83621525.4452189
2016,LU,PT,59230151.6944504
2016,LU,RO,32775742.8499505
2016,LU,RU,128950033.985572
2016,LU,SE,104628050.871411
2016,LU,SI,9218350.83585049
2016,LU,SK,22782680.0549499
2016,LU,TR,86111690.3098349
2016,LU,TW,320276062.616634
2016,LU,US,400162885.511637
2016,LU,WA,321067246.462309
2016,LU,WE,78374596.5698469
2016,LU,WF,174887268.855968
2016,LU,WL,182984434.091478
2016,LU,WM,293565628.575184
2016,LU,ZA,48357673.5166328
2016,LV,AT,45321245.4781766
2016,LV,AU,52277634.3843281
2016,LV,BE,66534165.9340542
2016,LV,BG,18947828.7997146
2016,LV,BR,30507418.6855741
2016,LV,CA,54937349.9184211
2016,LV,CH,57317300.6874663
2016,LV,CN,182561170.997343
2016,LV,CY,9346327.16817847
2016,LV,CZ,43500945.8352421
2016,LV,DE,342171322.574358
2016,LV,DK,83235725.7271733
2016,LV,EE,227259528.717396
2016,LV,ES,98147750.9770723
2016,LV,FI,91919873.7273856
2016,LV,FR,133198708.159421
2016,LV,GB,207772220.382606
2016,LV,GR,27278328.0400991
2016,LV,HR,10130933.3558492
2016,LV,HU,29531799.0220966
2016,LV,ID,33009348.00606
2016,LV,IE,49258734.4063464
2016,LV,IN,65668764.2211624
2016,LV,IT,95098879.1389761
2016,LV,JP,72686633.1333659
2016,LV,KR,44429303.7973621
2016,LV,LT,625495155.268545
2016,LV,LU,9681210.8736285
2016,LV,LV,8356398399.62953
2016,LV,MT,2533105.850814
2016,LV,MX,33213907.110526
2016,LV,NL,160493805.006258
2016,LV,NO,132872613.663965
2016,LV,PL,191238635.094091
2016,LV,PT,33642862.4928741
2016,LV,RO,30307710.4819723
2016,LV,RU,172413303.330116
2016,LV,SE,226342223.906876
2016,LV,SI,12379061.3091647
2016,LV,SK,28860553.229088
2016,LV,TR,151135985.58173
2016,LV,TW,334002363.707714
2016,LV,US,207140628.458204
2016,LV,WA,218727793.323763
2016,LV,WE,65682760.4406051
2016,LV,WF,233640917.644609
2016,LV,WL,70144291.8860553
2016,LV,WM,298650348.185651
2016,LV,ZA,13753106.149864
2016,MT,AT,24436859.4789289
2016,MT,AU,37672376.7990575
2016,MT,BE,30054471.8185481
2016,MT,BG,11214747.0887763
2016,MT,BR,33900157.4115152
2016,MT,CA,34697980.3610834
2016,MT,CH,38919713.6569205
2016,MT,CN,85740047.1553812
2016,MT,CY,15834751.3970487
2016,MT,CZ,15420190.2384507
2016,MT,DE,61559004.1615507
2016,MT,DK,20091118.4091848
2016,MT,EE,9667457.37489543
2016,MT,ES,40368769.8405828
2016,MT,FI,32515093.6568505
2016,MT,FR,61568480.7403434
2016,MT,GB,87640576.6856767
2016,MT,GR,25495415.5302605
2016,MT,HR,12148639.417938
2016,MT,HU,14632052.4777247
2016,MT,ID,33909754.9515743
2016,MT,IE,24037457.7119914
2016,MT,IN,43444111.4887542
2016,MT,IT,68820230.5062727
2016,MT,JP,68201950.4460859
2016,MT,KR,30764941.2483873
2016,MT,LT,9696098.86000898
2016,MT,LU,5742872.01871835
2016,MT,LV,9523885.02752722
2016,MT,MT,713655008.091479
2016,MT,MX,31229755.1422114
2016,MT,NL,27298621.5022595
2016,MT,NO,37475535.8160618
2016,MT,PL,24201259.3909574
2016,MT,PT,25185985.716787
2016,MT,RO,20509893.4611055
2016,MT,RU,36766210.926863
2016,MT,SE,30311197.8942397
2016,MT,SI,11941478.3914375
2016,MT,SK,13627482.7668649
2016,MT,TR,34997199.9614932
2016,MT,TW,124305327.283036
2016,MT,US,94202559.7028362
2016,MT,WA,65903891.157545
2016,MT,WE,26905055.5809628
2016,MT,WF,68026013.1906916
2016,MT,WL,38649303.4149799
2016,MT,WM,124190278.438499
2016,MT,ZA,21538526.5410751
2016,MX,AT,371103072.4511
2016,MX,AU,1089277070.81302
2016,MX,BE,775862304.957973
2016,MX,BG,58687766.4038759
2016,MX,BR,1748649050.17601
2016,MX,CA,5657066609.53164
2016,MX,CH,2997168686.82371
2016,MX,CN,6996607598.83437
2016,MX,CY,46136369.7272685
2016,MX,CZ,195491143.916461
2016,MX,DE,3118563461.58415
2016,MX,DK,216370665.447962
2016,MX,EE,31465299.8388504
2016,MX,ES,1717633044.81281
2016,MX,FI,259047226.951139
2016,MX,FR,1884486560.83329
2016,MX,GB,3999767650.16201
2016,MX,GR,173124640.683014
2016,MX,HR,43243958.8327052
2016,MX,HU,163100920.288431
2016,MX,ID,375159650.454513
2016,MX,IE,705066057.4681
2016,MX,IN,3248371954.06176
2016,MX,IT,1215727952.62379
2016,MX,JP,3989257063.37279
2016,MX,KR,1900186625.32193
2016,MX,LT,34572666.6551385
2016,MX,LU,62421440.7868682
2016,MX,LV,33224157.4456151
2016,MX,MT,15138153.0445005
2016,MX,MX,470365227785.211
2016,MX,NL,776560067.444491
2016,MX,NO,422758100.967827
2016,MX,PL,377660522.450819
2016,MX,PT,237663422.948624
2016,MX,RO,150292960.944357
2016,MX,RU,713171922.054667
2016,MX,SE,391953783.06639
2016,MX,SI,47645595.5927131
2016,MX,SK,102280308.495049
2016,MX,TR,856741260.631943
2016,MX,TW,1492147387.69512
2016,MX,US,103372045526.357
2016,MX,WA,8355473800.19044
2016,MX,WE,309494165.878815
2016,MX,WF,1871401513.37858
2016,MX,WL,14219631401.5606
2016,MX,WM,4548265004.22914
2016,MX,ZA,288551488.396295
2016,NL,AT,1015885670.78403
2016,NL,AU,1021273778.48948
2016,NL,BE,7125555095.87773
2016,NL,BG,135400127.915108
2016,NL,BR,963846097.604531
2016,NL,CA,1147954939.69264
2016,NL,CH,1743712800.67325
2016,NL,CN,6873554635.5776
2016,NL,CY,64755547.2211597
2016,NL,CZ,640764794.64408
2016,NL,DE,14541083854.4124
2016,NL,DK,852813374.315739
2016,NL,EE,65257363.1508387
2016,NL,ES,2448269703.70639
2016,NL,FI,748757995.841799
2016,NL,FR,6769417826.71837
2016,NL,GB,11677620296.478
2016,NL,GR,620056288.959152
2016,NL,HR,120920776.832723
2016,NL,HU,453411557.955679
2016,NL,ID,466328208.52207
2016,NL,IE,1035048469.58189
2016,NL,IN,1502239917.32685
2016,NL,IT,3885501281.65512
2016,NL,JP,2629144841.29908
2016,NL,KR,1419118180.07367
2016,NL,LT,128549489.302268
2016,NL,LU,735493351.596499
2016,NL,LV,68297681.512667
2016,NL,MT,22865449.8060346
2016,NL,MX,1123883802.92601
2016,NL,NL,107159419268.424
2016,NL,NO,964472755.073921
2016,NL,PL,1344763663.21881
2016,NL,PT,473546403.64495
2016,NL,RO,378541279.755788
2016,NL,RU,1619056467.28257
2016,NL,SE,1708326902.65711
2016,NL,SI,90382556.2568276
2016,NL,SK,244710038.965501
2016,NL,TR,1102438351.78298
2016,NL,TW,1473694677.46117
2016,NL,US,8216265364.16489
2016,NL,WA,5066224154.26477
2016,NL,WE,666595425.053089
2016,NL,WF,2602891375.21632
2016,NL,WL,2172002314.37554
2016,NL,WM,4735695532.65053
2016,NL,ZA,356157267.423224
2016,NO,AT,192601375.722311
2016,NO,AU,334663798.119992
2016,NO,BE,807010594.484114
2016,NO,BG,33330553.0273594
2016,NO,BR,334613996.43962
2016,NO,CA,407272576.167639
2016,NO,CH,546322678.95513
2016,NO,CN,2201549260.51219
2016,NO,CY,41932596.775204
2016,NO,CZ,124485917.693806
2016,NO,DE,4081308474.09592
2016,NO,DK,473862665.968088
2016,NO,EE,34450700.084564
2016,NO,ES,693674691.048499
2016,NO,FI,344192588.4819
2016,NO,FR,1579630272.01813
2016,NO,GB,3776167265.89471
2016,NO,GR,116001770.712189
2016,NO,HR,25714930.148991
2016,NO,HU,72200110.7190997
2016,NO,ID,167309782.576209
2016,NO,IE,310619122.053641
2016,NO,IN,701151107.144935
2016,NO,IT,798752579.448867
2016,NO,JP,848262866.750038
2016,NO,KR,473561694.332312
2016,NO,LT,119765579.2399
2016,NO,LU,93812678.7646919
2016,NO,LV,34529848.0933448
2016,NO,MT,7436180.79000348
2016,NO,MX,323288960.484293
2016,NO,NL,789209978.054961
2016,NO,NO,40909333598.4204
2016,NO,PL,469295018.710533
2016,NO,PT,168590287.937193
2016,NO,RO,76182035.1222222
2016,NO,RU,359238169.594396
2016,NO,SE,1238060587.63029
2016,NO,SI,20806515.9962431
2016,NO,SK,53398536.5952852
2016,NO,TR,455294806.441328
2016,NO,TW,993031924.553912
2016,NO,US,2500461104.14178
2016,NO,WA,1594773267.97625
2016,NO,WE,205573217.229603
2016,NO,WF,1075629209.42916
2016,NO,WL,796221327.471619
2016,NO,WM,835742897.083787
2016,NO,ZA,60987008.8648864
2016,PL,AT,1885537271.87666
2016,PL,AU,929816821.821912
2016,PL,BE,1634100745.75447
2016,PL,BG,429131642.9956
2016,PL,BR,560074597.156937
2016,PL,CA,1271980840.22206
2016,PL,CH,1684216788.19956
2016,PL,CN,4259121809.66308
2016,PL,CY,72455304.9693829
2016,PL,CZ,5653116178.49051
2016,PL,DE,21071542880.26
2016,PL,DK,1129922220.64648
2016,PL,EE,306785725.177526
2016,PL,ES,2300190555.27181
2016,PL,FI,748762472.777974
2016,PL,FR,6092517651.02165
2016,PL,GB,7567588560.9437
2016,PL,GR,483496882.085358
2016,PL,HR,324791159.768297
2016,PL,HU,1279616876.44892
2016,PL,ID,443419939.970368
2016,PL,IE,1004378789.6704
2016,PL,IN,1319618158.92423
2016,PL,IT,4211153900.79474
2016,PL,JP,1280758494.79334
2016,PL,KR,890711001.935397
2016,PL,LT,1114963675.73384
2016,PL,LU,136655660.647459
2016,PL,LV,407345774.919316
2016,PL,MT,21130602.2149422
2016,PL,MX,656728226.524114
2016,PL,NL,2804340871.82636
2016,PL,NO,1753296707.26004
2016,PL,PL,267136301969.916
2016,PL,PT,465278405.641085
2016,PL,RO,1812962642.99423
2016,PL,RU,2676083004.12468
2016,PL,SE,3419680835.28143
2016,PL,SI,211098174.767616
2016,PL,SK,1902312811.06574
2016,PL,TR,1591027216.35945
2016,PL,TW,1809914138.8404
2016,PL,US,5655658218.17216
2016,PL,WA,4654582568.45862
2016,PL,WE,2770865680.8256
2016,PL,WF,2625051093.66595
2016,PL,WL,1742532544.36045
2016,PL,WM,6027039455.11642
2016,PL,ZA,233024344.57295
2016,PT,AT,193174608.351167
2016,PT,AU,332816563.634464
2016,PT,BE,376013826.4401
2016,PT,BG,33930150.9550557
2016,PT,BR,296371092.263241
2016,PT,CA,385995163.18428
2016,PT,CH,375074881.774524
2016,PT,CN,1205991821.6736
2016,PT,CY,24782004.0004633
2016,PT,CZ,114607620.708767
2016,PT,DE,1373440930.38358
2016,PT,DK,148976240.965732
2016,PT,EE,17050196.4980483
2016,PT,ES,2894503355.64767
2016,PT,FI,139533320.419275
2016,PT,FR,1762321180.97787
2016,PT,GB,1242366982.11744
2016,PT,GR,120608818.03278
2016,PT,HR,24474276.9176635
2016,PT,HU,81138772.1333526
2016,PT,ID,125935575.14296
2016,PT,IE,255025092.127751
2016,PT,IN,379873407.884926
2016,PT,IT,668078920.079922
2016,PT,JP,515843400.109458
2016,PT,KR,326092794.604881
2016,PT,LT,23368395.2343539
2016,PT,LU,29124904.64376
2016,PT,LV,16496507.2403695
2016,PT,MT,6074248.45834564
2016,PT,MX,267540299.331214
2016,PT,NL,505327356.232801
2016,PT,NO,281331960.026175
2016,PT,PL,251224687.770256
2016,PT,PT,40902773506.6816
2016,PT,RO,98818314.1406688
2016,PT,RU,398219991.817697
2016,PT,SE,289732265.01458
2016,PT,SI,23979192.4312917
2016,PT,SK,69925359.7036866
2016,PT,TR,292504456.115212
2016,PT,TW,1098517479.50066
2016,PT,US,2083740988.87656
2016,PT,WA,783742838.61416
2016,PT,WE,198466617.940365
2016,PT,WF,1870762027.87895
2016,PT,WL,666543887.606489
2016,PT,WM,1315222556.29029
2016,PT,ZA,49794588.0877794
2016,RO,AT,483934260.713494
2016,RO,AU,240650250.449058
2016,RO,BE,378509569.844725
2016,RO,BG,968439225.946895
2016,RO,BR,184179515.941079
2016,RO,CA,315176265.42349
2016,RO,CH,439187950.168644
2016,RO,CN,1350155818.31031
2016,RO,CY,49844425.0454194
2016,RO,CZ,315497450.512129
2016,RO,DE,3201335803.90091
2016,RO,DK,189200062.554566
2016,RO,EE,27065381.8739183
2016,RO,ES,753825854.091499
2016,RO,FI,137310346.709766
2016,RO,FR,1675668343.09528
2016,RO,GB,1182924187.55878
2016,RO,GR,544803765.112454
2016,RO,HR,258049303.368202
2016,RO,HU,1078813944.56524
2016,RO,ID,120130723.33773
2016,RO,IE,216578643.425249
2016,RO,IN,421055935.807176
2016,RO,IT,1721458276.31885
2016,RO,JP,422998770.690818
2016,RO,KR,289345996.552371
2016,RO,LT,50182127.5956573
2016,RO,LU,54863534.0627219
2016,RO,LV,22634884.4909866
2016,RO,MT,10307030.8656705
2016,RO,MX,269622759.890124
2016,RO,NL,554145341.595283
2016,RO,NO,271784525.252645
2016,RO,PL,681724982.03614
2016,RO,PT,192574226.529532
2016,RO,RO,66311843544.4664
2016,RO,RU,580889366.909803
2016,RO,SE,379665320.274628
2016,RO,SI,81656989.3029611
2016,RO,SK,256471539.818404
2016,RO,TR,1660340352.74003
2016,RO,TW,751146924.813623
2016,RO,US,1736257805.12951
2016,RO,WA,1661346110.22712
2016,RO,WE,1158162463.98118
2016,RO,WF,1333744379.01827
2016,RO,WL,463192912.849594
2016,RO,WM,4479391435.42331
2016,RO,ZA,64666548.5927741
2016,RU,AT,3756664143.76425
2016,RU,AU,5152268172.23086
2016,RU,BE,7935026391.78963
2016,RU,BG,3326113927.10238
2016,RU,BR,5719668733.97011
2016,RU,CA,7919576523.60678
2016,RU,CH,8446395309.94088
2016,RU,CN,97987584318.6015
2016,RU,CY,355603085.729998
2016,RU,CZ,10156045666.9754
2016,RU,DE,37987783615.3575
2016,RU,DK,2755329213.41746
2016,RU,EE,2316366645.60479
2016,RU,ES,6837087666.54248
2016,RU,FI,6278056826.30114
2016,RU,FR,16351246442.3217
2016,RU,GB,18847222024.2861
2016,RU,GR,5118580204.93667
2016,RU,HR,907112356.174008
2016,RU,HU,6186959322.02152
2016,RU,ID,4467057981.3149
2016,RU,IE,2640832310.40712
2016,RU,IN,16240322165.2991
2016,RU,IT,42671815333.2637
2016,RU,JP,26303664991.4469
2016,RU,KR,22836515884.4448
2016,RU,LT,2934932966.77996
2016,RU,LU,618581348.725767
2016,RU,LV,4644668964.78335
2016,RU,MT,921406693.22854
2016,RU,MX,7012603522.42474
2016,RU,NL,14705362391.1638
2016,RU,NO,3538282334.19792
2016,RU,PL,12557176523.4369
2016,RU,PT,1369402547.4554
2016,RU,RO,4338415764.10433
2016,RU,RU,1249462644976.81
2016,RU,SE,5085830908.1596
2016,RU,SI,913831497.438199
2016,RU,SK,9961839562.16568
2016,RU,TR,29913289428.0636
2016,RU,TW,6771887552.92637
2016,RU,US,50318284055.618
2016,RU,WA,95033687313.3782
2016,RU,WE,29454631372.8843
2016,RU,WF,23999222212.8268
2016,RU,WL,12973878792.6004
2016,RU,WM,54036479260.1899
2016,RU,ZA,867000932.384581
2016,SE,AT,210449473.249182
2016,SE,AU,320009730.730771
2016,SE,BE,413886202.181397
2016,SE,BG,31003616.40951
2016,SE,BR,249328262.143341
2016,SE,CA,358642184.663023
2016,SE,CH,450006350.546104
2016,SE,CN,1618218292.14615
2016,SE,CY,16873173.2778311
2016,SE,CZ,127455860.943364
2016,SE,DE,1554434006.57516
2016,SE,DK,547545611.382278
2016,SE,EE,51130930.4476713
2016,SE,ES,459598645.866542
2016,SE,FI,628750467.828976
2016,SE,FR,993658024.147764
2016,SE,GB,1352115381.7688
2016,SE,GR,94277316.9785771
2016,SE,HR,22683643.8263446
2016,SE,HU,85932459.0123266
2016,SE,ID,171894822.704921
2016,SE,IE,326243141.430625
2016,SE,IN,445441608.689666
2016,SE,IT,593239918.139158
2016,SE,JP,616659659.395793
2016,SE,KR,360727877.530248
2016,SE,LT,70511160.948761
2016,SE,LU,30354001.9993338
2016,SE,LV,34259157.084125
2016,SE,MT,9280985.35380161
2016,SE,MX,248649271.364877
2016,SE,NL,581363243.961542
2016,SE,NO,1202209045.99952
2016,SE,PL,403497288.395314
2016,SE,PT,136173184.48457
2016,SE,RO,80877031.1161375
2016,SE,RU,374291205.536962
2016,SE,SE,31611171840.5312
2016,SE,SI,20663309.5840517
2016,SE,SK,57817519.5421167
2016,SE,TR,274212038.089341
2016,SE,TW,815632634.169492
2016,SE,US,2050559047.01523
2016,SE,WA,1015542631.92681
2016,SE,WE,208169712.946547
2016,SE,WF,592553631.521208
2016,SE,WL,574318674.235862
2016,SE,WM,985835232.219382
2016,SE,ZA,71284727.4254881
2016,SI,AT,297535872.124137
2016,SI,AU,58351117.1866183
2016,SI,BE,63427698.1954847
2016,SI,BG,67817719.1608515
2016,SI,BR,35078713.3727333
2016,SI,CA,64349224.4555564
2016,SI,CH,146145225.295277
2016,SI,CN,210487397.160084
2016,SI,CY,8660406.36394928
2016,SI,CZ,63937422.1162266
2016,SI,DE,603686585.817488
2016,SI,DK,35101863.4838254
2016,SI,EE,7859750.00681696
2016,SI,ES,80188878.5036548
2016,SI,FI,32348940.3725204
2016,SI,FR,203317350.394846
2016,SI,GB,174114667.409016
2016,SI,GR,375733274.012507
2016,SI,HR,700244769.18171
2016,SI,HU,64386269.0847257
2016,SI,ID,30409434.0377739
2016,SI,IE,41870907.3358302
2016,SI,IN,72921638.1300974
2016,SI,IT,856467898.399168
2016,SI,JP,74908152.7536763
2016,SI,KR,48538987.8560819
2016,SI,LT,9889581.31371808
2016,SI,LU,6235693.5321799
2016,SI,LV,7526739.54447203
2016,SI,MT,2184113.20309041
2016,SI,MX,43707848.8298394
2016,SI,NL,85881254.2716517
2016,SI,NO,55147715.9780322
2016,SI,PL,96058899.1981076
2016,SI,PT,30327367.7883495
2016,SI,RO,60901810.309552
2016,SI,RU,98889858.4798858
2016,SI,SE,65318072.9280897
2016,SI,SI,10551388102.8327
2016,SI,SK,48163363.1446373
2016,SI,TR,76189472.8918597
2016,SI,TW,310073206.796614
2016,SI,US,273478347.804305
2016,SI,WA,193610716.669043
2016,SI,WE,165283351.215427
2016,SI,WF,111737567.452495
2016,SI,WL,86039567.341928
2016,SI,WM,261071101.606976
2016,SI,ZA,11704949.8296755
2016,SK,AT,940184720.639314
2016,SK,AU,146843510.529462
2016,SK,BE,220256728.314634
2016,SK,BG,112931836.653705
2016,SK,BR,80186646.6522949
2016,SK,CA,198025128.176327
2016,SK,CH,290618714.454893
2016,SK,CN,693771646.902358
2016,SK,CY,15096888.673358
2016,SK,CZ,1300456315.30845
2016,SK,DE,2462348109.0839
2016,SK,DK,120820763.49507
2016,SK,EE,24756719.4872262
2016,SK,ES,292589483.273926
2016,SK,FI,85569142.2413646
2016,SK,FR,801121202.705621
2016,SK,GB,710122258.246489
2016,SK,GR,75664534.3497791
2016,SK,HR,109337867.463172
2016,SK,HU,1083494949.74979
2016,SK,ID,72087479.5736323
2016,SK,IE,113262879.954895
2016,SK,IN,145622073.79789
2016,SK,IT,685906022.952026
2016,SK,JP,178901168.176681
2016,SK,KR,125406456.019696
2016,SK,LT,45847228.391851
2016,SK,LU,21907104.4578569
2016,SK,LV,28294496.5041783
2016,SK,MT,4367775.75890243
2016,SK,MX,109277944.487473
2016,SK,NL,298152586.656705
2016,SK,NO,156543613.287749
2016,SK,PL,1139768939.03278
2016,SK,PT,77946090.3091086
2016,SK,RO,375296836.441917
2016,SK,RU,311084176.617699
2016,SK,SE,241962754.613852
2016,SK,SI,62811970.2329479
2016,SK,SK,20143988303.855
2016,SK,TR,524895407.654724
2016,SK,TW,426359068.61939
2016,SK,US,883643590.87664
2016,SK,WA,466418753.923794
2016,SK,WE,365742557.375518
2016,SK,WF,251892602.842771
2016,SK,WL,223279537.260007
2016,SK,WM,606048932.969651
2016,SK,ZA,39048697.0203067
2016,TR,AT,549503975.852451
2016,TR,AU,972456391.813394
2016,TR,BE,1024400102.7198
2016,TR,BG,679564683.321952
2016,TR,BR,773768299.60815
2016,TR,CA,1266754209.08042
2016,TR,CH,1072206312.93522
2016,TR,CN,6303820253.83431
2016,TR,CY,236092921.937338
2016,TR,CZ,307190832.843611
2016,TR,DE,5412869048.9866
2016,TR,DK,383821590.330207
2016,TR,EE,62317756.2712336
2016,TR,ES,1594224694.1696
2016,TR,FI,319805228.025798
2016,TR,FR,3178020934.20472
2016,TR,GB,4195293736.95535
2016,TR,GR,654047981.15944
2016,TR,HR,88587600.914768
2016,TR,HU,238914820.971273
2016,TR,ID,422246669.804521
2016,TR,IE,539587295.188492
2016,TR,IN,1842611157.48199
2016,TR,IT,2846863646.74202
2016,TR,JP,1852028091.29895
2016,TR,KR,1204038122.97589
2016,TR,LT,73838938.6732104
2016,TR,LU,62136791.6702768
2016,TR,LV,45282949.969426
2016,TR,MT,45055362.9867238
2016,TR,MX,831382498.961946
2016,TR,NL,1255465464.46744
2016,TR,NO,593407893.066674
2016,TR,PL,836828845.782209
2016,TR,PT,330771357.126779
2016,TR,RO,873074475.456149
2016,TR,RU,1724145805.01571
2016,TR,SE,752189659.262162
2016,TR,SI,114759611.589337
2016,TR,SK,182201559.560303
2016,TR,TR,411675532966.228
2016,TR,TW,1944960798.26723
2016,TR,US,8573571820.20287
2016,TR,WA,7634330927.79585
2016,TR,WE,1064110403.21729
2016,TR,WF,7414800951.74649
2016,TR,WL,2617828417.58133
2016,TR,WM,24195201474.9704
2016,TR,ZA,125798611.113524
2016,TW,AT,1939939401.54005
2016,TW,AU,3284357127.76149
2016,TW,BE,2609175647.83007
2016,TW,BG,571933338.204227
2016,TW,BR,2886920776.09401
2016,TW,CA,2606505975.15492
2016,TW,CH,3229004417.53566
2016,TW,CN,7384155284.13861
2016,TW,CY,720511045.902706
2016,TW,CZ,1230800797.46803
2016,TW,DE,5064150359.7201
2016,TW,DK,1951371867.63726
2016,TW,EE,611636793.273938
2016,TW,ES,3275143509.75493
2016,TW,FI,2492969639.60622
2016,TW,FR,4696966331.42771
2016,TW,GB,4893970378.04996
2016,TW,GR,1574504504.85377
2016,TW,HR,475540818.011294
2016,TW,HU,1277155550.97709
2016,TW,ID,2385727143.43278
2016,TW,IE,1332594353.30963
2016,TW,IN,3491453849.78981
2016,TW,IT,3881328404.4092
2016,TW,JP,4609885575.74529
2016,TW,KR,2564794980.83701
2016,TW,LT,427512135.141711
2016,TW,LU,490162329.189189
2016,TW,LV,467559316.092571
2016,TW,MT,144165670.064199
2016,TW,MX,2282639430.7391
2016,TW,NL,2654656726.24652
2016,TW,NO,2539622328.24333
2016,TW,PL,1912435561.03345
2016,TW,PT,1837731400.82514
2016,TW,RO,1306673704.88184
2016,TW,RU,3027001663.89743
2016,TW,SE,2612772299.73468
2016,TW,SI,703170134.795861
2016,TW,SK,1007299815.75309
2016,TW,TR,2611071922.63892
2016,TW,TW,208806097885.654
2016,TW,US,7528491338.57741
2016,TW,WA,4633107325.5091
2016,TW,WE,2309350091.26976
2016,TW,WF,3217815211.36822
2016,TW,WL,3109477245.78592
2016,TW,WM,3952240214.11947
2016,TW,ZA,2070601223.7167
2016,US,AT,2390758836.11529
2016,US,AU,7631851901.41673
2016,US,BE,6805953264.72656
2016,US,BG,225443893.335106
2016,US,BR,13273388789.5761
2016,US,CA,67236830314.3372
2016,US,CH,7278973997.41131
2016,US,CN,92045565384.1727
2016,US,CY,121253514.42761
2016,US,CZ,1263455067.01557
2016,US,DE,45539988866.9761
2016,US,DK,1498131536.77541
2016,US,EE,122072836.055413
2016,US,ES,8010859370.49693
2016,US,FI,1417749966.83462
2016,US,FR,23452201896.5729
2016,US,GB,33601626381.1829
2016,US,GR,766752434.220597
2016,US,HR,496537758.459909
2016,US,HU,768918236.339389
2016,US,ID,3711514455.16802
2016,US,IE,7151622064.6451
2016,US,IN,12147079926.8113
2016,US,IT,10610823818.6672
2016,US,JP,41396043463.1379
2016,US,KR,20280587177.2667
2016,US,LT,185494206.278796
2016,US,LU,496037614.350242
2016,US,LV,116025290.164481
2016,US,MT,145196104.635055
2016,US,MX,83138478269.9419
2016,US,NL,9723236771.45089
2016,US,NO,2321849629.21198
2016,US,PL,2307287299.14465
2016,US,PT,963398030.093802
2016,US,RO,729949617.563417
2016,US,RU,7681109458.08299
2016,US,SE,2857708365.21428
2016,US,SI,283147888.281075
2016,US,SK,496542533.352979
2016,US,TR,5574979199.69178
2016,US,TW,3419521352.42157
2016,US,US,5318918688225.54
2016,US,WA,56588086131.9347
2016,US,WE,3655787824.08651
2016,US,WF,13726755288.8612
2016,US,WL,83952993071.4562
2016,US,WM,31155648734.6589
2016,US,ZA,1299052703.97914
2016,WA,AT,4454462430.19365
2016,WA,AU,38064313419.8868
2016,WA,BE,10786646296.1437
2016,WA,BG,676718991.076618
2016,WA,BR,7708087057.77726
2016,WA,CA,13811773882.9167
2016,WA,CH,17302027236.5022
2016,WA,CN,238218210672.322
2016,WA,CY,428185159.009286
2016,WA,CZ,2864774228.73582
2016,WA,DE,38180630406.1197
2016,WA,DK,3847405990.61685
2016,WA,EE,301835958.066995
2016,WA,ES,13802767155.1684
2016,WA,FI,3340799554.03979
2016,WA,FR,29392952470.7677
2016,WA,GB,35845430663.9418
2016,WA,GR,3140485398.96271
2016,WA,HR,692514635.765471
2016,WA,HU,1672225663.87049
2016,WA,ID,37370924694.2209
2016,WA,IE,4041144623.1901
2016,WA,IN,50127860887.1679
2016,WA,IT,29143851315.5087
2016,WA,JP,63071616935.3599
2016,WA,KR,28215939684.9786
2016,WA,LT,421169846.051601
2016,WA,LU,999813639.52843
2016,WA,LV,582169230.682589
2016,WA,MT,390759420.891591
2016,WA,MX,10406379100.7775
2016,WA,NL,18255478345.3743
2016,WA,NO,3610608550.53665
2016,WA,PL,5891336104.51012
2016,WA,PT,2267779088.41393
2016,WA,RO,2232582831.49978
2016,WA,RU,19263352061.4118
2016,WA,SE,5155077667.18024
2016,WA,SI,532631309.016201
2016,WA,SK,1225540577.05929
2016,WA,TR,17897685072.0608
2016,WA,TW,4623297644.57229
2016,WA,US,150066802766.594
2016,WA,WA,2087077451231.2
2016,WA,WE,8555359215.34512
2016,WA,WF,33429274627.0357
2016,WA,WL,22501782412.8805
2016,WA,WM,74147487194.228
2016,WA,ZA,4687132010.77871
2016,WE,AT,2224269971.48798
2016,WE,AU,1301828742.19392
2016,WE,BE,1919527039.34367
2016,WE,BG,1862798670.48153
2016,WE,BR,1265089014.26535
2016,WE,CA,1932982341.8537
2016,WE,CH,3821595240.55197
2016,WE,CN,10099505461.0875
2016,WE,CY,127764182.432974
2016,WE,CZ,2057662095.66893
2016,WE,DE,14218276690.5291
2016,WE,DK,978343840.815758
2016,WE,EE,239254232.66766
2016,WE,ES,2831418663.53404
2016,WE,FI,590507611.273172
2016,WE,FR,5444071418.14965
2016,WE,GB,7322849962.23053
2016,WE,GR,2622069691.05081
2016,WE,HR,5936999011.35264
2016,WE,HU,5719227121.33317
2016,WE,ID,925864270.514946
2016,WE,IE,787581955.236453
2016,WE,IN,3621448628.12398
2016,WE,IT,7824258336.64131
2016,WE,JP,2516988842.0142
2016,WE,KR,1710963687.17589
2016,WE,LT,1379784198.33143
2016,WE,LU,163904075.782791
2016,WE,LV,591527943.152605
2016,WE,MT,125537900.34706
2016,WE,MX,1112369046.35156
2016,WE,NL,3703645176.66359
2016,WE,NO,1362121058.5942
2016,WE,PL,5445535806.02421
2016,WE,PT,665174020.372562
2016,WE,RO,3252660772.53952
2016,WE,RU,29719427419.8773
2016,WE,SE,1363826972.39924
2016,WE,SI,1826306660.95037
2016,WE,SK,1128810158.34597
2016,WE,TR,5823315645.07779
2016,WE,TW,2678116663.64673
2016,WE,US,9380512515.83838
2016,WE,WA,15623929020.1641
2016,WE,WE,273855034522.105
2016,WE,WF,5979578618.5178
2016,WE,WL,2726466616.74144
2016,WE,WM,23642057089.791
2016,WE,ZA,326657254.382122
2016,WF,AT,1195820716.00876
2016,WF,AU,2627458958.76698
2016,WF,BE,3008149862.12225
2016,WF,BG,243656308.160273
2016,WF,BR,4848476429.70131
2016,WF,CA,4164354632.0034
2016,WF,CH,3466994121.53531
2016,WF,CN,51076666415.6067
2016,WF,CY,104125927.662141
2016,WF,CZ,687867099.867594
2016,WF,DE,11314669827.8821
2016,WF,DK,573356892.018061
2016,WF,EE,174308696.872126
2016,WF,ES,12402928613.1375
2016,WF,FI,504543163.112973
2016,WF,FR,15633758100.1607
2016,WF,GB,10340409003.5877
2016,WF,GR,874452178.051945
2016,WF,HR,177288292.915152
2016,WF,HU,376196032.034991
2016,WF,ID,2910550661.02651
2016,WF,IE,993663252.728394
2016,WF,IN,31308193047.9305
2016,WF,IT,17573099523.1835
2016,WF,JP,10486098426.0708
2016,WF,KR,4614548755.63031
2016,WF,LT,91298178.9661261
2016,WF,LU,288157047.947051
2016,WF,LV,59189060.5584857
2016,WF,MT,259718213.617677
2016,WF,MX,2015866753.24707
2016,WF,NL,5692346354.56106
2016,WF,NO,2146667456.91599
2016,WF,PL,1442641729.14983
2016,WF,PT,2016137503.9704
2016,WF,RO,517719319.597643
2016,WF,RU,1910905951.21176
2016,WF,SE,1292103963.80498
2016,WF,SI,152086551.349106
2016,WF,SK,905326287.034127
2016,WF,TR,5645527953.54343
2016,WF,TW,2226643927.56951
2016,WF,US,29712831423.3588
2016,WF,WA,18163720341.2924
2016,WF,WE,1471902793.44683
2016,WF,WF,1749126634217.36
2016,WF,WL,5819943563.6806
2016,WF,WM,30823781666.2356
2016,WF,ZA,2651018459.58213
2016,WL,AT,1326356993.44458
2016,WL,AU,2300797764.00948
2016,WL,BE,2655855947.18075
2016,WL,BG,160590188.599283
2016,WL,BR,59535727547.8761
2016,WL,CA,6174406274.79252
2016,WL,CH,2606788316.25037
2016,WL,CN,58836520217.7972
2016,WL,CY,120570311.818414
2016,WL,CZ,741371268.406738
2016,WL,DE,13764855105.0969
2016,WL,DK,1026092341.65327
2016,WL,EE,99023481.4590224
2016,WL,ES,7050055580.86419
2016,WL,FI,719174276.043151
2016,WL,FR,5925052788.41947
2016,WL,GB,7866128887.17368
2016,WL,GR,577274667.448005
2016,WL,HR,190096477.340682
2016,WL,HU,339699912.810734
2016,WL,ID,1709950254.8697
2016,WL,IE,1293505753.77544
2016,WL,IN,11593433659.7925
2016,WL,IT,5757501601.35929
2016,WL,JP,7763019961.4613
2016,WL,KR,5522440706.99308
2016,WL,LT,126610609.565117
2016,WL,LU,311007048.883844
2016,WL,LV,81937295.6524622
2016,WL,MT,141168596.272238
2016,WL,MX,9376817992.95789
2016,WL,NL,9502694796.0596
2016,WL,NO,1284731891.7362
2016,WL,PL,1314823866.06065
2016,WL,PT,1562880055.75382
2016,WL,RO,362272238.159766
2016,WL,RU,8611086609.29852
2016,WL,SE,1369098670.74113
2016,WL,SI,205386757.963656
2016,WL,SK,323606973.827067
2016,WL,TR,9208523221.53701
2016,WL,TW,2115652046.67449
2016,WL,US,94838157169.7294
2016,WL,WA,23026067383.6135
2016,WL,WE,1203198776.36808
2016,WL,WF,8942148683.48554
2016,WL,WL,1019728767484.34
2016,WL,WM,22551559243.2444
2016,WL,ZA,951738457.789596
2016,WM,AT,2313722299.44484
2016,WM,AU,17874621780.7874
2016,WM,BE,12485809162.0487
2016,WM,BG,1654571436.29817
2016,WM,BR,8854162798.9563
2016,WM,CA,9071954391.1148
2016,WM,CH,18946828690.5896
2016,WM,CN,189903740932.927
2016,WM,CY,966683319.446337
2016,WM,CZ,1262761165.0954
2016,WM,DE,20167092515.9503
2016,WM,DK,1671795661.36192
2016,WM,EE,185463913.854232
2016,WM,ES,12192170779.4675
2016,WM,FI,1877252524.34271
2016,WM,FR,24628953985.7549
2016,WM,GB,27958019953.4795
2016,WM,GR,5794927336.47457
2016,WM,HR,499023882.077558
2016,WM,HU,1155542762.28462
2016,WM,ID,21749198401.8045
2016,WM,IE,2799437140.6629
2016,WM,IN,109966845803.495
2016,WM,IT,19367724640.0566
2016,WM,JP,86362419902.2218
2016,WM,KR,53189742351.9985
2016,WM,LT,255955200.194676
2016,WM,LU,1079828413.97843
2016,WM,LV,191900090.084494
2016,WM,MT,599397630.185871
2016,WM,MX,7314007077.10708
2016,WM,NL,13290953515.5744
2016,WM,NO,2030312443.3212
2016,WM,PL,3480051442.76836
2016,WM,PT,1717458209.46678
2016,WM,RO,1484163723.42381
2016,WM,RU,7051697123.85709
2016,WM,SE,3187551394.27232
2016,WM,SI,535566833.581966
2016,WM,SK,600570212.180355
2016,WM,TR,18674718036.6988
2016,WM,TW,4268583482.08228
2016,WM,US,176136945442.43
2016,WM,WA,204314656195.33
2016,WM,WE,3316525651.321
2016,WM,WF,68428767393.194
2016,WM,WL,14856817408.9829
2016,WM,WM,1755141634347.14
2016,WM,ZA,6058613287.47767
2016,ZA,AT,404335324.302623
2016,ZA,AU,1307136020.10498
2016,ZA,BE,1098118208.08988
2016,ZA,BG,82056921.4981484
2016,ZA,BR,620891139.27304
2016,ZA,CA,1063008532.68234
2016,ZA,CH,955994687.086083
2016,ZA,CN,9594032659.11673
2016,ZA,CY,35291392.1925618
2016,ZA,CZ,231796530.208263
2016,ZA,DE,4292516111.74587
2016,ZA,DK,231132448.437666
2016,ZA,EE,41609604.612
2016,ZA,ES,913219796.113292
2016,ZA,FI,214124394.736532
2016,ZA,FR,1990089263.08859
2016,ZA,GB,3164701306.93979
2016,ZA,GR,181070917.412326
2016,ZA,HR,52586833.3943975
2016,ZA,HU,153369523.820784
2016,ZA,ID,652734360.409345
2016,ZA,IE,460603905.136256
2016,ZA,IN,5456256508.5734
2016,ZA,IT,1477238178.89893
2016,ZA,JP,2019446904.06221
2016,ZA,KR,1288026453.75431
2016,ZA,LT,46154901.0022774
2016,ZA,LU,74969668.9142339
2016,ZA,LV,31126638.772712
2016,ZA,MT,17062963.0685894
2016,ZA,MX,638207755.919404
2016,ZA,NL,1112022563.91036
2016,ZA,NO,461231919.323832
2016,ZA,PL,538702779.06911
2016,ZA,PT,284074373.78541
2016,ZA,RO,188947759.95686
2016,ZA,RU,909373380.225788
2016,ZA,SE,528405707.300799
2016,ZA,SI,55527147.3531478
2016,ZA,SK,123330591.723615
2016,ZA,TR,1148477100.59784
2016,ZA,TW,1558026877.51023
2016,ZA,US,8950554112.40652
2016,ZA,WA,11620592550.643
2016,ZA,WE,315789634.748152
2016,ZA,WF,45866705432.4706
2016,ZA,WL,1977673656.79793
2016,ZA,WM,7483669020.5926
2016,ZA,ZA,353123711094.793
2017,AT,AT,51382313352.5908
2017,AT,AU,147871946.496761
2017,AT,BE,292224626.001705
2017,AT,BG,97575628.9404217
2017,AT,BR,211776866.275245
2017,AT,CA,238508094.182891
2017,AT,CH,1015966474.88451
2017,AT,CN,1298749001.34884
2017,AT,CY,18827358.7689872
2017,AT,CZ,435497138.627345
2017,AT,DE,6464613959.60455
2017,AT,DK,112425240.764015
2017,AT,EE,16686030.8671743
2017,AT,ES,376769242.002014
2017,AT,FI,99061716.0153162
2017,AT,FR,1028525367.95512
2017,AT,GB,850314174.615129
2017,AT,GR,115258780.04843
2017,AT,HR,246733340.376665
2017,AT,HU,1176083450.53429
2017,AT,ID,48856612.4941834
2017,AT,IE,122999647.385443
2017,AT,IN,267049581.745382
2017,AT,IT,1806727349.99983
2017,AT,JP,353753399.240509
2017,AT,KR,226227695.963597
2017,AT,LT,40073934.9359442
2017,AT,LU,25299580.3567253
2017,AT,LV,18152999.7707349
2017,AT,MT,14798510.9220393
2017,AT,MX,161299299.602088
2017,AT,NL,499642276.376991
2017,AT,NO,127549872.942589
2017,AT,PL,561750633.036432
2017,AT,PT,64331275.1829802
2017,AT,RO,384843887.640995
2017,AT,RU,503369213.850712
2017,AT,SE,292565305.737164
2017,AT,SI,387965942.636592
2017,AT,SK,422095364.250391
2017,AT,TR,513937847.151113
2017,AT,TW,148524762.256985
2017,AT,US,1785293049.90149
2017,AT,WA,869735475.159513
2017,AT,WE,594212037.213524
2017,AT,WF,373221571.14353
2017,AT,WL,377808003.977875
2017,AT,WM,1104341861.14635
2017,AT,ZA,80341924.0932181
2017,AU,AT,364459965.788539
2017,AU,AU,339134443319.231
2017,AU,BE,778450420.689823
2017,AU,BG,62912998.195775
2017,AU,BR,2245503672.05088
2017,AU,CA,2080553699.62288
2017,AU,CH,817186381.229981
2017,AU,CN,80603111029.3535
2017,AU,CY,29051481.1568374
2017,AU,CZ,325657731.06107
2017,AU,DE,3838170007.85715
2017,AU,DK,348126665.500206
2017,AU,EE,30431963.3361456
2017,AU,ES,873871864.664119
2017,AU,FI,196189921.584647
2017,AU,FR,2308970329.07619
2017,AU,GB,4098645035.03152
2017,AU,GR,147656656.670122
2017,AU,HR,43356285.0513836
2017,AU,HU,152922723.830723
2017,AU,ID,18362067579.2828
2017,AU,IE,356417314.352073
2017,AU,IN,20354158128.0756
2017,AU,IT,1646414594.87174
2017,AU,JP,33609552510.2393
2017,AU,KR,17868529874.3673
2017,AU,LT,38586415.9841762
2017,AU,LU,120306844.776558
2017,AU,LV,26286905.4528456
2017,AU,MT,31742109.0556373
2017,AU,MX,1255158152.20242
2017,AU,NL,2138808310.26518
2017,AU,NO,323207117.652074
2017,AU,PL,650087290.117574
2017,AU,PT,145458072.498386
2017,AU,RO,175547316.384488
2017,AU,RU,1232023629.27542
2017,AU,SE,503340167.973195
2017,AU,SI,118465319.181032
2017,AU,SK,101314986.355646
2017,AU,TR,2028600879.25477
2017,AU,TW,465999654.812401
2017,AU,US,26554216344.503
2017,AU,WA,49744573279.5732
2017,AU,WE,511067865.680342
2017,AU,WF,3639406304.96234
2017,AU,WL,3337050155.27771
2017,AU,WM,15668517045.832
2017,AU,ZA,861341483.701236
2017,BE,AT,457673692.141014
2017,BE,AU,327837556.393315
2017,BE,BE,58184426534.2927
2017,BE,BG,91617330.4492756
2017,BE,BR,548522632.677982
2017,BE,CA,486911740.042393
2017,BE,CH,1823196417.5691
2017,BE,CN,2413775120.84883
2017,BE,CY,38234561.2445444
2017,BE,CZ,377815723.544529
2017,BE,DE,6619987617.14394
2017,BE,DK,447612765.130739
2017,BE,EE,47967615.1319898
2017,BE,ES,1252117006.35993
2017,BE,FI,355512350.070922
2017,BE,FR,8202234557.92774
2017,BE,GB,3706024056.45978
2017,BE,GR,307229699.59897
2017,BE,HR,68959284.6007145
2017,BE,HU,210008763.629028
2017,BE,ID,155892365.537419
2017,BE,IE,754966548.785001
2017,BE,IN,1140073840.48765
2017,BE,IT,2130641953.42297
2017,BE,JP,811890068.952053
2017,BE,KR,415462715.473583
2017,BE,LT,93058566.4397019
2017,BE,LU,311592253.53972
2017,BE,LV,41944280.932632
2017,BE,MT,15362855.571351
2017,BE,MX,291032572.164111
2017,BE,NL,4135370062.03762
2017,BE,NO,397815049.09374
2017,BE,PL,867102708.054679
2017,BE,PT,284433425.241111
2017,BE,RO,275960613.404071
2017,BE,RU,600087313.948118
2017,BE,SE,805421290.832106
2017,BE,SI,59566643.284987
2017,BE,SK,140511732.8326
2017,BE,TR,826730688.76781
2017,BE,TW,288857286.982263
2017,BE,US,4774515087.02132
2017,BE,WA,2040776501.83453
2017,BE,WE,327073476.440423
2017,BE,WF,1538247444.60978
2017,BE,WL,993713317.558713
2017,BE,WM,2359292599.88783
2017,BE,ZA,336855774.611837
2017,BG,AT,526309552.479192
2017,BG,AU,100091745.589395
2017,BG,BE,411365684.642721
2017,BG,BG,23527901897.3827
2017,BG,BR,108595684.011736
2017,BG,CA,134648232.947213
2017,BG,CH,290062144.353424
2017,BG,CN,1545927130.67368
2017,BG,CY,100701326.580477
2017,BG,CZ,1388676941.27087
2017,BG,DE,2890386275.47709
2017,BG,DK,322202901.135042
2017,BG,EE,17446988.7115354
2017,BG,ES,790826343.232985
2017,BG,FI,75785551.9573137
2017,BG,FR,1105343505.57727
2017,BG,GB,1232586667.7635
2017,BG,GR,1905997533.86067
2017,BG,HR,114897236.46548
2017,BG,HU,424847245.23759
2017,BG,ID,58938748.2645828
2017,BG,IE,111424869.001572
2017,BG,IN,315850913.883915
2017,BG,IT,1348133506.50171
2017,BG,JP,216668160.351842
2017,BG,KR,251077555.330338
2017,BG,LT,61816273.1775087
2017,BG,LU,66396982.7850138
2017,BG,LV,29737032.6061897
2017,BG,MT,6127436.58619321
2017,BG,MX,100366821.031935
2017,BG,NL,502993034.000296
2017,BG,NO,120561718.507772
2017,BG,PL,556355505.967941
2017,BG,PT,151345377.753235
2017,BG,RO,2015220865.84687
2017,BG,RU,765138681.899383
2017,BG,SE,258326479.773443
2017,BG,SI,424823436.928233
2017,BG,SK,580299653.538257
2017,BG,TR,2701702518.16453
2017,BG,TW,32854281.2468137
2017,BG,US,1183325094.02974
2017,BG,WA,1248984651.05507
2017,BG,WE,3213784463.76126
2017,BG,WF,1083119229.793
2017,BG,WL,280012357.111755
2017,BG,WM,2113202990.84824
2017,BG,ZA,91285909.9085285
2017,BR,AT,446806491.445104
2017,BR,AU,767214126.511994
2017,BR,BE,1316201018.42498
2017,BR,BG,79623146.7969462
2017,BR,BR,894054805408.606
2017,BR,CA,2375198245.74424
2017,BR,CH,598581420.861908
2017,BR,CN,59222198346.756
2017,BR,CY,55323949.1273838
2017,BR,CZ,187272031.074886
2017,BR,DE,4930486231.46974
2017,BR,DK,629003513.906718
2017,BR,EE,37192072.8698164
2017,BR,ES,2903538393.99489
2017,BR,FI,224360781.53822
2017,BR,FR,2514403118.17115
2017,BR,GB,2504841073.07354
2017,BR,GR,180245073.935649
2017,BR,HR,53270099.0999571
2017,BR,HU,134630355.644721
2017,BR,ID,1173264702.74475
2017,BR,IE,379544216.502483
2017,BR,IN,3953693871.66311
2017,BR,IT,2845201202.04305
2017,BR,JP,4159521450.41292
2017,BR,KR,2629023800.51034
2017,BR,LT,45321016.0307254
2017,BR,LU,114869226.666949
2017,BR,LV,22486850.7024001
2017,BR,MT,24073554.836039
2017,BR,MX,2970117559.38107
2017,BR,NL,2545514082.37495
2017,BR,NO,472478733.267433
2017,BR,PL,508198504.369929
2017,BR,PT,866644487.025675
2017,BR,RO,180696190.355647
2017,BR,RU,6561741019.76409
2017,BR,SE,677147517.304231
2017,BR,SI,71014783.1635131
2017,BR,SK,96665425.0944022
2017,BR,TR,4065077761.41987
2017,BR,TW,208115717.319378
2017,BR,US,23591158699.2474
2017,BR,WA,29601792696.3031
2017,BR,WE,850050900.166307
2017,BR,WF,4752206787.86603
2017,BR,WL,35681028778.3584
2017,BR,WM,42587873093.5056
2017,BR,ZA,718369872.825679
2017,CA,AT,362894631.54764
2017,CA,AU,1170561188.82967
2017,CA,BE,1192559184.4759
2017,CA,BG,62055957.1524425
2017,CA,BR,3717002390.55041
2017,CA,CA,392630906606.398
2017,CA,CH,736371676.994857
2017,CA,CN,27976592661.9118
2017,CA,CY,28268780.5898632
2017,CA,CZ,167013693.696838
2017,CA,DE,4607510605.23437
2017,CA,DK,707214362.883629
2017,CA,EE,28526134.9027884
2017,CA,ES,1401385087.36853
2017,CA,FI,228875647.460224
2017,CA,FR,4011105088.73751
2017,CA,GB,4462489611.29793
2017,CA,GR,143721347.054951
2017,CA,HR,100463804.899906
2017,CA,HU,109292515.436404
2017,CA,ID,1076885898.03426
2017,CA,IE,1202659985.36136
2017,CA,IN,3079837692.21127
2017,CA,IT,1863083627.47888
2017,CA,JP,9747891013.0345
2017,CA,KR,3481596817.17577
2017,CA,LT,47949781.5354271
2017,CA,LU,101042839.9538
2017,CA,LV,28806337.0066535
2017,CA,MT,31022636.5169983
2017,CA,MX,14982691426.6496
2017,CA,NL,1533041213.64326
2017,CA,NO,548143271.192656
2017,CA,PL,466158309.315398
2017,CA,PT,274466677.263614
2017,CA,RO,272652441.867341
2017,CA,RU,844851513.781631
2017,CA,SE,585766134.333738
2017,CA,SI,74316754.433936
2017,CA,SK,66981743.3287741
2017,CA,TR,1113428256.89703
2017,CA,TW,465137408.902408
2017,CA,US,210244354013.258
2017,CA,WA,12542765581.2703
2017,CA,WE,795567276.544059
2017,CA,WF,3921444646.96924
2017,CA,WL,17604392486.8085
2017,CA,WM,6218441386.58218
2017,CA,ZA,377136810.903902
2017,CH,AT,714754653.153601
2017,CH,AU,225606964.975872
2017,CH,BE,2174312095.89989
2017,CH,BG,43314996.1523116
2017,CH,BR,271284766.522874
2017,CH,CA,532458898.456855
2017,CH,CH,39846883300.2548
2017,CH,CN,1409839984.32565
2017,CH,CY,28200117.0380884
2017,CH,CZ,143572197.648282
2017,CH,DE,4632873788.22724
2017,CH,DK,2779600865.50697
2017,CH,EE,16661553.5880701
2017,CH,ES,659835159.492128
2017,CH,FI,188332464.563471
2017,CH,FR,3295849376.30499
2017,CH,GB,1509007920.72433
2017,CH,GR,134339386.448941
2017,CH,HR,51782736.4377936
2017,CH,HU,98162758.0798999
2017,CH,ID,72566564.5510221
2017,CH,IE,452521480.627536
2017,CH,IN,278659929.575763
2017,CH,IT,3668962571.16944
2017,CH,JP,1253254713.04815
2017,CH,KR,229810825.430135
2017,CH,LT,22116415.7353739
2017,CH,LU,213892549.057655
2017,CH,LV,18115302.3345055
2017,CH,MT,6968850.14403584
2017,CH,MX,364121544.871822
2017,CH,NL,1117749452.81878
2017,CH,NO,142926794.523007
2017,CH,PL,245159244.012689
2017,CH,PT,203184387.453461
2017,CH,RO,171828551.725041
2017,CH,RU,811067970.799663
2017,CH,SE,270681620.602584
2017,CH,SI,40959943.8138988
2017,CH,SK,61258997.9970044
2017,CH,TR,209973679.293628
2017,CH,TW,120170862.599742
2017,CH,US,6138209907.33954
2017,CH,WA,1362951484.9993
2017,CH,WE,470726368.377755
2017,CH,WF,462821743.69838
2017,CH,WL,768891375.817273
2017,CH,WM,1515248204.30108
2017,CH,ZA,94499731.7778565
2017,CN,AT,5541806048.16497
2017,CN,AU,52295970881.9445
2017,CN,BE,13630129932.8437
2017,CN,BG,1332760157.56607
2017,CN,BR,38508827094.6135
2017,CN,CA,44242876727.5887
2017,CN,CH,11045137258.066
2017,CN,CN,9368220328903.57
2017,CN,CY,685380226.420302
2017,CN,CZ,7376367694.03071
2017,CN,DE,81083000991.5558
2017,CN,DK,5912589519.47786
2017,CN,EE,720153905.966847
2017,CN,ES,22146246411.3416
2017,CN,FI,3682764882.31572
2017,CN,FR,43645336695.6492
2017,CN,GB,57980049025.4174
2017,CN,GR,4041342976.5698
2017,CN,HR,1066605347.74978
2017,CN,HU,3282358648.95637
2017,CN,ID,46560093325.5961
2017,CN,IE,7064084404.4658
2017,CN,IN,105212097231.812
2017,CN,IT,26873879776.1467
2017,CN,JP,131828092529.361
2017,CN,KR,107912540288.639
2017,CN,LT,1198857886.67748
2017,CN,LU,981333656.798806
2017,CN,LV,664669051.004452
2017,CN,MT,1789142791.10193
2017,CN,MX,46414447795.771
2017,CN,NL,32350725698.4755
2017,CN,NO,7479700138.82725
2017,CN,PL,15144288501.2765
2017,CN,PT,3301391315.98279
2017,CN,RO,4123289498.80664
2017,CN,RU,41075266910.3535
2017,CN,SE,8158295762.612
2017,CN,SI,1675288950.15427
2017,CN,SK,2323692469.71366
2017,CN,TR,31371602659.5927
2017,CN,TW,5000340899.17337
2017,CN,US,490434668367.642
2017,CN,WA,708158247960.695
2017,CN,WE,15742636199.2665
2017,CN,WF,118529155140.217
2017,CN,WL,155637960467.623
2017,CN,WM,221485792483.012
2017,CN,ZA,14948527513.2725
2017,CY,AT,80612322.9224573
2017,CY,AU,40244573.594134
2017,CY,BE,98129349.5663411
2017,CY,BG,142974278.682012
2017,CY,BR,43194817.8957581
2017,CY,CA,38606364.1270771
2017,CY,CH,93914504.3179131
2017,CY,CN,218403391.10053
2017,CY,CY,7071404634.68283
2017,CY,CZ,33204511.8118138
2017,CY,DE,715891500.46078
2017,CY,DK,131539183.720766
2017,CY,EE,23702012.3513627
2017,CY,ES,52108861.5502364
2017,CY,FI,35150461.1099013
2017,CY,FR,156499661.774679
2017,CY,GB,732494583.402798
2017,CY,GR,207983157.031889
2017,CY,HR,5785161.83569964
2017,CY,HU,24322778.6807977
2017,CY,ID,10397798.5774918
2017,CY,IE,18351318.7710776
2017,CY,IN,60280199.8645068
2017,CY,IT,156671610.263388
2017,CY,JP,95664289.5452023
2017,CY,KR,53722989.3030397
2017,CY,LT,21351538.4484437
2017,CY,LU,4239715.4638957
2017,CY,LV,26069474.6452682
2017,CY,MT,7383158.55459924
2017,CY,MX,35350601.579282
2017,CY,NL,99450445.197452
2017,CY,NO,53745393.0207318
2017,CY,PL,77521009.0401765
2017,CY,PT,9653276.69346896
2017,CY,RO,52346773.7372197
2017,CY,RU,881078880.996855
2017,CY,SE,83903358.1027695
2017,CY,SI,3927071.19527493
2017,CY,SK,29157691.6821365
2017,CY,TR,82526797.2044471
2017,CY,TW,53631972.7924824
2017,CY,US,317843163.928939
2017,CY,WA,193824330.482583
2017,CY,WE,85256102.2672225
2017,CY,WF,75581661.8633216
2017,CY,WL,107446866.664982
2017,CY,WM,613621768.4256
2017,CY,ZA,15754186.718105
2017,CZ,AT,1912499740.14963
2017,CZ,AU,159419965.217849
2017,CZ,BE,643911266.24201
2017,CZ,BG,377328437.945994
2017,CZ,BR,152902872.344103
2017,CZ,CA,246932966.488005
2017,CZ,CH,673723864.638018
2017,CZ,CN,1687862051.64963
2017,CZ,CY,21655045.5189076
2017,CZ,CZ,80352961240.385
2017,CZ,DE,9525813584.57554
2017,CZ,DK,238090575.539027
2017,CZ,EE,46683319.5965814
2017,CZ,ES,682618750.65723
2017,CZ,FI,178961766.147403
2017,CZ,FR,1783856168.4828
2017,CZ,GB,1866284701.01442
2017,CZ,GR,176530418.053728
2017,CZ,HR,156908050.238233
2017,CZ,HU,846082268.625043
2017,CZ,ID,69382943.0779258
2017,CZ,IE,246346930.141055
2017,CZ,IN,308288276.343396
2017,CZ,IT,2048332876.90011
2017,CZ,JP,366409023.614759
2017,CZ,KR,232735184.809302
2017,CZ,LT,106646534.811493
2017,CZ,LU,43064967.4924234
2017,CZ,LV,48034685.4221357
2017,CZ,MT,5389038.87279787
2017,CZ,MX,201527851.923544
2017,CZ,NL,848084808.489474
2017,CZ,NO,260183547.858581
2017,CZ,PL,2088226992.29223
2017,CZ,PT,111189442.95046
2017,CZ,RO,525168385.914789
2017,CZ,RU,997333539.25637
2017,CZ,SE,540296699.672356
2017,CZ,SI,146497648.647069
2017,CZ,SK,4712375498.11024
2017,CZ,TR,731206190.847159
2017,CZ,TW,125192538.167224
2017,CZ,US,1951943253.00901
2017,CZ,WA,1130337233.8668
2017,CZ,WE,1411849404.45159
2017,CZ,WF,565847554.050756
2017,CZ,WL,426050682.901061
2017,CZ,WM,1899764312.96413
2017,CZ,ZA,154705778.174464
2017,DE,AT,11896623204.8109
2017,DE,AU,2755937347.31083
2017,DE,BE,8625495055.35919
2017,DE,BG,749465234.404397
2017,DE,BR,4603959022.18179
2017,DE,CA,3726873339.68649
2017,DE,CH,13381790579.562
2017,DE,CN,27377117324.8885
2017,DE,CY,245977964.862223
2017,DE,CZ,5033865117.4359
2017,DE,DE,611670715454.583
2017,DE,DK,4785893694.73454
2017,DE,EE,311849612.720509
2017,DE,ES,7585971445.32139
2017,DE,FI,2485389394.48729
2017,DE,FR,21511281867.8654
2017,DE,GB,17411066773.173
2017,DE,GR,1427702703.37345
2017,DE,HR,639291061.801107
2017,DE,HU,2587058500.3914
2017,DE,ID,904021132.862369
2017,DE,IE,2454410172.77226
2017,DE,IN,6917466510.42624
2017,DE,IT,16050304056.655
2017,DE,JP,5924459480.89025
2017,DE,KR,5017249860.51116
2017,DE,LT,599285127.98578
2017,DE,LU,892034615.805489
2017,DE,LV,309280237.724939
2017,DE,MT,76597271.8827313
2017,DE,MX,3734575217.31316
2017,DE,NL,11532174866.8143
2017,DE,NO,2573890252.27308
2017,DE,PL,9800039010.64267
2017,DE,PT,1494572271.84471
2017,DE,RO,2669222977.65467
2017,DE,RU,5936732723.21655
2017,DE,SE,5200088456.93017
2017,DE,SI,779471364.486187
2017,DE,SK,1685070549.13559
2017,DE,TR,5846176351.85859
2017,DE,TW,5011271527.41687
2017,DE,US,29744106957.2669
2017,DE,WA,14921501219.8343
2017,DE,WE,4225838551.05903
2017,DE,WF,6079213244.96194
2017,DE,WL,7196287324.71913
2017,DE,WM,14575449481.6583
2017,DE,ZA,1932128048.67885
2017,DK,AT,279878866.488389
2017,DK,AU,815911655.490521
2017,DK,BE,758526828.210712
2017,DK,BG,52800833.1506012
2017,DK,BR,1175539990.46768
2017,DK,CA,788825001.699768
2017,DK,CH,1415993709.49897
2017,DK,CN,5323931749.85228
2017,DK,CY,46731504.4614038
2017,DK,CZ,172986221.773007
2017,DK,DE,4176355657.73875
2017,DK,DK,26505834416.0997
2017,DK,EE,78824776.5383964
2017,DK,ES,954343205.534932
2017,DK,FI,977634925.479945
2017,DK,FR,1672993444.21005
2017,DK,GB,2945239264.22775
2017,DK,GR,210561964.493609
2017,DK,HR,57801502.80456
2017,DK,HU,281185789.51932
2017,DK,ID,245111764.436383
2017,DK,IE,379751890.203072
2017,DK,IN,1705080301.83854
2017,DK,IT,1400185878.81849
2017,DK,JP,1863483200.23759
2017,DK,KR,1081994901.90751
2017,DK,LT,113360073.884418
2017,DK,LU,38730576.0977011
2017,DK,LV,95257195.829402
2017,DK,MT,17868056.5802247
2017,DK,MX,678259741.281737
2017,DK,NL,855051889.368687
2017,DK,NO,2509395957.97335
2017,DK,PL,894170787.275949
2017,DK,PT,142828379.739249
2017,DK,RO,150939132.275208
2017,DK,RU,1074074686.65442
2017,DK,SE,3204802496.06902
2017,DK,SI,56354062.8318665
2017,DK,SK,83350680.6404099
2017,DK,TR,710569181.21179
2017,DK,TW,2923038869.6469
2017,DK,US,7705133083.41891
2017,DK,WA,3011588740.6841
2017,DK,WE,470536599.77462
2017,DK,WF,834529134.87372
2017,DK,WL,1679820137.79733
2017,DK,WM,2134623539.37722
2017,DK,ZA,286717853.783772
2017,EE,AT,54557298.7643222
2017,EE,AU,49708472.1937238
2017,EE,BE,100819893.870834
2017,EE,BG,11292907.7171364
2017,EE,BR,42519027.6576602
2017,EE,CA,112875096.135469
2017,EE,CH,136794885.745293
2017,EE,CN,340169677.395517
2017,EE,CY,33127432.8591053
2017,EE,CZ,27400054.5283768
2017,EE,DE,517412109.982108
2017,EE,DK,162688132.222042
2017,EE,EE,7541455453.15079
2017,EE,ES,99594544.6524401
2017,EE,FI,1302440727.42926
2017,EE,FR,220440811.314295
2017,EE,GB,349698956.15929
2017,EE,GR,21664248.4146225
2017,EE,HR,7782506.7237385
2017,EE,HU,21782417.7002937
2017,EE,ID,18214558.3787915
2017,EE,IE,33918644.8873135
2017,EE,IN,90196431.6807041
2017,EE,IT,122544492.760467
2017,EE,JP,102687435.842854
2017,EE,KR,70669663.0443593
2017,EE,LT,377385718.729431
2017,EE,LU,8288975.35220404
2017,EE,LV,1587814778.33423
2017,EE,MT,2975112.02930314
2017,EE,MX,47128249.0330101
2017,EE,NL,297058167.805149
2017,EE,NO,262397415.938525
2017,EE,PL,128725889.500287
2017,EE,PT,23475979.7272412
2017,EE,RO,26895010.5523739
2017,EE,RU,517991969.516838
2017,EE,SE,465225105.341829
2017,EE,SI,5078438.05233799
2017,EE,SK,20457929.5829425
2017,EE,TR,154062426.656903
2017,EE,TW,41634854.133067
2017,EE,US,729158959.876531
2017,EE,WA,399378385.759684
2017,EE,WE,163299955.391179
2017,EE,WF,363589026.762769
2017,EE,WL,468619272.067228
2017,EE,WM,470039609.30453
2017,EE,ZA,20395645.1615479
2017,ES,AT,561216225.96721
2017,ES,AU,498521128.748375
2017,ES,BE,1465165592.99516
2017,ES,BG,232762052.193882
2017,ES,BR,1497455592.59321
2017,ES,CA,809623853.104917
2017,ES,CH,1151685188.69424
2017,ES,CN,4365372310.01837
2017,ES,CY,63045262.9185167
2017,ES,CZ,380462051.977626
2017,ES,DE,7821278414.51191
2017,ES,DK,1027849148.40351
2017,ES,EE,62950967.1745864
2017,ES,ES,243329582609.322
2017,ES,FI,357098325.464119
2017,ES,FR,11923316301.3636
2017,ES,GB,9271025605.03156
2017,ES,GR,586195409.297775
2017,ES,HR,101955166.045199
2017,ES,HU,331519044.572903
2017,ES,ID,177350776.263691
2017,ES,IE,882603345.399083
2017,ES,IN,843160266.872888
2017,ES,IT,4553973747.29671
2017,ES,JP,1099556975.02553
2017,ES,KR,832170711.037125
2017,ES,LT,116147874.66343
2017,ES,LU,115018869.328847
2017,ES,LV,54528684.4916243
2017,ES,MT,81974882.47207
2017,ES,MX,1331330901.93145
2017,ES,NL,1739119897.32874
2017,ES,NO,605363817.327626
2017,ES,PL,1100628455.57143
2017,ES,PT,5569601910.91795
2017,ES,RO,539671232.764326
2017,ES,RU,1025899660.83747
2017,ES,SE,1009678508.24048
2017,ES,SI,119277268.311951
2017,ES,SK,215999614.089152
2017,ES,TR,1941482727.9604
2017,ES,TW,147519020.08287
2017,ES,US,7724724055.99454
2017,ES,WA,2989252165.64885
2017,ES,WE,1511323143.00686
2017,ES,WF,10181367259.0748
2017,ES,WL,4118973182.4443
2017,ES,WM,5937860536.16127
2017,ES,ZA,349186391.491125
2017,FI,AT,129168836.053796
2017,FI,AU,197120862.45141
2017,FI,BE,347245448.163583
2017,FI,BG,20400470.0562662
2017,FI,BR,133717999.485777
2017,FI,CA,192683741.580428
2017,FI,CH,191878791.646274
2017,FI,CN,1906485138.39449
2017,FI,CY,50819512.4614241
2017,FI,CZ,65026822.6424583
2017,FI,DE,1793508631.87189
2017,FI,DK,256180834.320673
2017,FI,EE,358362075.256105
2017,FI,ES,273848763.569974
2017,FI,FI,40411739740.5009
2017,FI,FR,776637373.440633
2017,FI,GB,1025288864.43833
2017,FI,GR,46580507.2984227
2017,FI,HR,11998005.7294963
2017,FI,HU,52162076.106791
2017,FI,ID,51936203.9965033
2017,FI,IE,140313714.609046
2017,FI,IN,493079697.273519
2017,FI,IT,366223160.270468
2017,FI,JP,452761559.584236
2017,FI,KR,184925801.372877
2017,FI,LT,167657054.975165
2017,FI,LU,32032707.1906798
2017,FI,LV,139913512.167096
2017,FI,MT,15271424.8227212
2017,FI,MX,108627483.984297
2017,FI,NL,581337524.11147
2017,FI,NO,439053288.984421
2017,FI,PL,315809626.62546
2017,FI,PT,44732868.0126393
2017,FI,RO,56082947.1892608
2017,FI,RU,1103674347.98697
2017,FI,SE,2137551316.04398
2017,FI,SI,14591615.6128696
2017,FI,SK,34971030.5035271
2017,FI,TR,247015098.996906
2017,FI,TW,316577925.978942
2017,FI,US,1583524517.66775
2017,FI,WA,916901482.354507
2017,FI,WE,177179338.717704
2017,FI,WF,417313549.29667
2017,FI,WL,343220214.234213
2017,FI,WM,1028566210.8612
2017,FI,ZA,122619374.338328
2017,FR,AT,964048446.359232
2017,FR,AU,968004973.407059
2017,FR,BE,6181796307.61472
2017,FR,BG,222110969.679993
2017,FR,BR,2006368549.1769
2017,FR,CA,1923679297.32373
2017,FR,CH,3515020400.04036
2017,FR,CN,11163069729.4699
2017,FR,CY,96920480.4005917
2017,FR,CZ,583419139.780217
2017,FR,DE,14232041675.2758
2017,FR,DK,908231576.261624
2017,FR,EE,70148865.7624406
2017,FR,ES,8187192645.75724
2017,FR,FI,545149733.049978
2017,FR,FR,314464151695.943
2017,FR,GB,9695202736.04316
2017,FR,GR,1008179133.72818
2017,FR,HR,136725702.666922
2017,FR,HU,464964798.67158
2017,FR,ID,653626112.482103
2017,FR,IE,1205653116.67494
2017,FR,IN,1843532915.67901
2017,FR,IT,11632853240.9864
2017,FR,JP,2390973405.80212
2017,FR,KR,1824668667.29634
2017,FR,LT,129349013.614613
2017,FR,LU,401156817.513932
2017,FR,LV,72329395.5294234
2017,FR,MT,62081494.5415626
2017,FR,MX,1135931513.6064
2017,FR,NL,3720902818.18647
2017,FR,NO,695206595.491502
2017,FR,PL,1550235147.91287
2017,FR,PT,1165452589.22926
2017,FR,RO,840408908.41514
2017,FR,RU,1487367924.83322
2017,FR,SE,1279141062.29271
2017,FR,SI,164052578.51506
2017,FR,SK,353820093.118077
2017,FR,TR,2355091729.0673
2017,FR,TW,4484048664.69782
2017,FR,US,13076720302.639
2017,FR,WA,7625476771.46918
2017,FR,WE,1246436913.15371
2017,FR,WF,9040463721.51351
2017,FR,WL,2994177436.81116
2017,FR,WM,7163345743.56706
2017,FR,ZA,544765074.662557
2017,GB,AT,730427870.243848
2017,GB,AU,5410859399.66729
2017,GB,BE,3830833408.79289
2017,GB,BG,297401340.62092
2017,GB,BR,1314064234.09432
2017,GB,CA,2732062928.6795
2017,GB,CH,2229466735.0066
2017,GB,CN,14421671393.3078
2017,GB,CY,387411830.06911
2017,GB,CZ,588077485.472286
2017,GB,DE,10960909337.907
2017,GB,DK,2594608512.80883
2017,GB,EE,82694053.4879455
2017,GB,ES,7567082609.37527
2017,GB,FI,726660941.164143
2017,GB,FR,9862792009.13975
2017,GB,GB,339925751536.507
2017,GB,GR,899866014.703481
2017,GB,HR,102381857.269282
2017,GB,HU,394480848.193
2017,GB,ID,750469313.847921
2017,GB,IE,7988331998.25843
2017,GB,IN,3732114174.35783
2017,GB,IT,4807492711.82182
2017,GB,JP,4309910236.33357
2017,GB,KR,2966661314.73714
2017,GB,LT,157875188.200644
2017,GB,LU,444672371.753459
2017,GB,LV,133815875.237492
2017,GB,MT,71214230.0110766
2017,GB,MX,1102630599.66811
2017,GB,NL,5012859116.76291
2017,GB,NO,1296205916.9202
2017,GB,PL,1348046371.42041
2017,GB,PT,1015940386.93981
2017,GB,RO,456440207.28963
2017,GB,RU,1585990823.74626
2017,GB,SE,2172559909.24326
2017,GB,SI,108169206.242638
2017,GB,SK,309303329.992052
2017,GB,TR,1919419919.45163
2017,GB,TW,3038477357.69516
2017,GB,US,22432669217.1441
2017,GB,WA,9439257227.48262
2017,GB,WE,1142912362.4631
2017,GB,WF,4171880668.98066
2017,GB,WL,3173941927.30555
2017,GB,WM,9708834160.11725
2017,GB,ZA,1181475897.0722
2017,GR,AT,416164511.941127
2017,GR,AU,432486821.763625
2017,GR,BE,670752965.924338
2017,GR,BG,529146538.890946
2017,GR,BR,742038040.454948
2017,GR,CA,1060627775.47059
2017,GR,CH,2696288228.15971
2017,GR,CN,2922822298.10053
2017,GR,CY,638944883.167801
2017,GR,CZ,156033286.239535
2017,GR,DE,3936946688.27135
2017,GR,DK,648962488.572445
2017,GR,EE,24064903.4807428
2017,GR,ES,772296208.154104
2017,GR,FI,170284762.672921
2017,GR,FR,1963059466.13507
2017,GR,GB,2978056594.14118
2017,GR,GR,100060724995.987
2017,GR,HR,68318022.3654508
2017,GR,HU,105121417.560289
2017,GR,ID,167666874.741302
2017,GR,IE,209790471.1009
2017,GR,IN,974621769.592424
2017,GR,IT,2590076974.3239
2017,GR,JP,992050609.808215
2017,GR,KR,1686184422.98884
2017,GR,LT,64739486.0466428
2017,GR,LU,34344514.6747455
2017,GR,LV,43335007.8365757
2017,GR,MT,41266534.6565509
2017,GR,MX,857008343.280246
2017,GR,NL,653137006.588036
2017,GR,NO,185793400.139896
2017,GR,PL,569251380.607192
2017,GR,PT,128197450.204418
2017,GR,RO,476692007.809493
2017,GR,RU,705777418.065123
2017,GR,SE,466409390.200992
2017,GR,SI,187570062.869065
2017,GR,SK,83008448.0671614
2017,GR,TR,1424984084.69702
2017,GR,TW,1989219945.47388
2017,GR,US,12407753701.0608
2017,GR,WA,3612348791.29615
2017,GR,WE,1595809506.58323
2017,GR,WF,1913669458.99554
2017,GR,WL,1902807685.27557
2017,GR,WM,3199612891.63678
2017,GR,ZA,165899004.942938
2017,HR,AT,299704176.987313
2017,HR,AU,56970801.2910484
2017,HR,BE,90772006.0431443
2017,HR,BG,29952734.6287102
2017,HR,BR,22433215.5706146
2017,HR,CA,43666900.0812173
2017,HR,CH,152764601.232498
2017,HR,CN,189006302.959968
2017,HR,CY,12209662.0957454
2017,HR,CZ,59899429.9173682
2017,HR,DE,842613006.857033
2017,HR,DK,38152980.8393995
2017,HR,EE,4408703.52568234
2017,HR,ES,95943426.7471014
2017,HR,FI,25568309.4117458
2017,HR,FR,215393166.35072
2017,HR,GB,244234807.19787
2017,HR,GR,27414578.0558548
2017,HR,HR,15524826267.4927
2017,HR,HU,379004424.166198
2017,HR,ID,10727073.7798446
2017,HR,IE,34961674.6390393
2017,HR,IN,51972087.4229895
2017,HR,IT,694998899.410301
2017,HR,JP,65628478.212559
2017,HR,KR,34863456.6751238
2017,HR,LT,12524353.7373513
2017,HR,LU,4658613.53001382
2017,HR,LV,7063261.2316925
2017,HR,MT,11092258.8777985
2017,HR,MX,27092697.7223797
2017,HR,NL,85921923.7092706
2017,HR,NO,39896059.0613769
2017,HR,PL,118242170.343453
2017,HR,PT,19366439.5091896
2017,HR,RO,84219090.0119975
2017,HR,RU,203854567.605929
2017,HR,SE,79317902.4063334
2017,HR,SI,443637621.201871
2017,HR,SK,58071353.32366
2017,HR,TR,81392089.9853335
2017,HR,TW,19676503.4841939
2017,HR,US,376154981.570201
2017,HR,WA,245939054.381237
2017,HR,WE,2073028805.37763
2017,HR,WF,176944092.071509
2017,HR,WL,79069791.8038841
2017,HR,WM,369765144.201096
2017,HR,ZA,11347557.8739865
2017,HU,AT,1868056652.81606
2017,HU,AU,123441918.681616
2017,HU,BE,343698526.497244
2017,HU,BG,232293216.172275
2017,HU,BR,140288214.863337
2017,HU,CA,194635027.312625
2017,HU,CH,393100124.295868
2017,HU,CN,1271258397.10363
2017,HU,CY,22364188.0667663
2017,HU,CZ,477238391.117271
2017,HU,DE,4879465945.62752
2017,HU,DK,133764948.107908
2017,HU,EE,31050311.4510593
2017,HU,ES,542043741.561533
2017,HU,FI,114914004.977758
2017,HU,FR,1211111006.87779
2017,HU,GB,1243098145.70854
2017,HU,GR,224656568.543461
2017,HU,HR,1208108076.39361
2017,HU,HU,33522275697.3306
2017,HU,ID,35904674.1433398
2017,HU,IE,117299294.389481
2017,HU,IN,160904614.966546
2017,HU,IT,1716420129.59303
2017,HU,JP,411362583.131591
2017,HU,KR,243093238.853713
2017,HU,LT,67000028.2869939
2017,HU,LU,27283252.8600086
2017,HU,LV,35679377.7584916
2017,HU,MT,4863672.27228159
2017,HU,MX,180131139.704578
2017,HU,NL,597375126.927609
2017,HU,NO,144197821.21621
2017,HU,PL,935804939.601295
2017,HU,PT,84596808.1566145
2017,HU,RO,2055836166.80453
2017,HU,RU,768585247.071136
2017,HU,SE,370030909.79809
2017,HU,SI,227669932.88677
2017,HU,SK,783668326.867411
2017,HU,TR,708311870.53793
2017,HU,TW,110896826.357146
2017,HU,US,1566940377.1423
2017,HU,WA,830201399.584636
2017,HU,WE,2956326876.91691
2017,HU,WF,351126809.641194
2017,HU,WL,288266961.843022
2017,HU,WM,1267729422.88468
2017,HU,ZA,67843711.0583571
2017,ID,AT,220677708.956348
2017,ID,AU,2749228816.02473
2017,ID,BE,636822199.837466
2017,ID,BG,54600752.0069189
2017,ID,BR,1208021126.40608
2017,ID,CA,1373606016.15528
2017,ID,CH,565479135.468794
2017,ID,CN,38453172217.0041
2017,ID,CY,21677036.3430798
2017,ID,CZ,195179269.802678
2017,ID,DE,2875018361.94861
2017,ID,DK,374383051.500808
2017,ID,EE,44815022.5520902
2017,ID,ES,1031743495.79559
2017,ID,FI,140014404.522182
2017,ID,FR,1737725558.13498
2017,ID,GB,2025282467.89595
2017,ID,GR,164553827.864906
2017,ID,HR,47327525.8971565
2017,ID,HU,108536302.860779
2017,ID,ID,683837753387.834
2017,ID,IE,226516914.819321
2017,ID,IN,17910109125.1859
2017,ID,IT,1330240487.12664
2017,ID,JP,13204292240.644
2017,ID,KR,6787385200.33891
2017,ID,LT,36707680.4463693
2017,ID,LU,53753807.7381012
2017,ID,LV,51546887.540983
2017,ID,MT,24387744.4757064
2017,ID,MX,1290981785.02574
2017,ID,NL,1212232198.06001
2017,ID,NO,265060374.709169
2017,ID,PL,470381532.57184
2017,ID,PT,138658884.437544
2017,ID,RO,187496427.742549
2017,ID,RU,1366180099.08234
2017,ID,SE,275180355.065113
2017,ID,SI,98017662.790409
2017,ID,SK,96566471.1892313
2017,ID,TR,1467322896.96411
2017,ID,TW,354380420.575967
2017,ID,US,17073419068.3971
2017,ID,WA,50770553872.9352
2017,ID,WE,516754356.653603
2017,ID,WF,3898429289.22479
2017,ID,WL,3305475158.6997
2017,ID,WM,9447567345.10694
2017,ID,ZA,542980201.639966
2017,IE,AT,143337087.009201
2017,IE,AU,496755382.888127
2017,IE,BE,1630390164.99206
2017,IE,BG,34166692.6153396
2017,IE,BR,121153118.787971
2017,IE,CA,569527205.400546
2017,IE,CH,720042239.484846
2017,IE,CN,1634772545.57591
2017,IE,CY,17017823.354409
2017,IE,CZ,119564931.473104
2017,IE,DE,2697975833.70974
2017,IE,DK,249871546.750731
2017,IE,EE,17650842.4963791
2017,IE,ES,1845494970.54938
2017,IE,FI,125806485.273412
2017,IE,FR,2384551480.96211
2017,IE,GB,14624907433.942
2017,IE,GR,105951597.297106
2017,IE,HR,20396459.8725258
2017,IE,HU,110549022.721468
2017,IE,ID,90748133.3446555
2017,IE,IE,34038282231.4584
2017,IE,IN,452668997.823758
2017,IE,IT,2107210791.40704
2017,IE,JP,480785988.803372
2017,IE,KR,239040057.073495
2017,IE,LT,49445493.2159723
2017,IE,LU,310803527.277833
2017,IE,LV,45107993.6681413
2017,IE,MT,7140685.16023024
2017,IE,MX,176130641.283481
2017,IE,NL,831109639.638874
2017,IE,NO,347455249.445868
2017,IE,PL,244097521.861367
2017,IE,PT,260901939.104925
2017,IE,RO,70830543.1685013
2017,IE,RU,499924798.147842
2017,IE,SE,385314303.713516
2017,IE,SI,31042973.6006249
2017,IE,SK,59912903.3121532
2017,IE,TR,477338255.720791
2017,IE,TW,267234020.090385
2017,IE,US,3463235241.74044
2017,IE,WA,1381101590.98824
2017,IE,WE,153364341.244669
2017,IE,WF,730805339.45289
2017,IE,WL,748303952.148297
2017,IE,WM,1276352111.02993
2017,IE,ZA,134916673.088264
2017,IN,AT,1335752376.7657
2017,IN,AU,6707698790.64174
2017,IN,BE,4894176175.68725
2017,IN,BG,262175063.55328
2017,IN,BR,4609359768.43266
2017,IN,CA,5305623681.9471
2017,IN,CH,2726329725.07493
2017,IN,CN,34225583346.7271
2017,IN,CY,129118126.622281
2017,IN,CZ,770020725.181645
2017,IN,DE,17149089972.0789
2017,IN,DK,4010606001.60055
2017,IN,EE,138345891.370556
2017,IN,ES,5368682071.12751
2017,IN,FI,891340973.256065
2017,IN,FR,11676453681.8841
2017,IN,GB,17218438054.6932
2017,IN,GR,781010126.021017
2017,IN,HR,199744709.120494
2017,IN,HU,634445979.777571
2017,IN,ID,7365758065.95917
2017,IN,IE,1427288237.05515
2017,IN,IN,2799150097572.91
2017,IN,IT,8465766115.87612
2017,IN,JP,9732845881.26944
2017,IN,KR,7760335586.39355
2017,IN,LT,164839295.19952
2017,IN,LU,400724501.404915
2017,IN,LV,149129451.600594
2017,IN,MT,119046456.58581
2017,IN,MX,6174646225.33854
2017,IN,NL,5259318132.91835
2017,IN,NO,1137919495.44498
2017,IN,PL,2995342910.73689
2017,IN,PT,1147591543.85797
2017,IN,RO,827792921.521125
2017,IN,RU,4554464882.42712
2017,IN,SE,1768644212.89828
2017,IN,SI,284947190.928555
2017,IN,SK,568290095.786009
2017,IN,TR,8262988716.55595
2017,IN,TW,948874197.109587
2017,IN,US,70578965431.7461
2017,IN,WA,99578872026.7894
2017,IN,WE,2188399137.31752
2017,IN,WF,29734657770.9359
2017,IN,WL,14983702490.1487
2017,IN,WM,101959868217.124
2017,IN,ZA,4344814022.07872
2017,IT,AT,1439784823.75056
2017,IT,AU,779441894.803359
2017,IT,BE,1345684017.8539
2017,IT,BG,334307893.579193
2017,IT,BR,999887256.12172
2017,IT,CA,1206812767.49764
2017,IT,CH,2703185679.68017
2017,IT,CN,4989209889.62802
2017,IT,CY,76869821.4410757
2017,IT,CZ,554962349.193776
2017,IT,DE,9294732154.39013
2017,IT,DK,575665772.809222
2017,IT,EE,59756827.256253
2017,IT,ES,2908764494.92752
2017,IT,FI,289541271.169268
2017,IT,FR,6629229523.27651
2017,IT,GB,4542589610.62204
2017,IT,GR,758370018.23411
2017,IT,HR,458377040.101393
2017,IT,HU,492659070.395426
2017,IT,ID,245552865.456502
2017,IT,IE,698535945.984688
2017,IT,IN,1220713239.49949
2017,IT,IT,318858812499.754
2017,IT,JP,1622444711.98054
2017,IT,KR,975295627.866505
2017,IT,LT,125907720.300463
2017,IT,LU,90294638.4336486
2017,IT,LV,63640840.4471952
2017,IT,MT,163819371.962636
2017,IT,MX,731619753.841467
2017,IT,NL,1359167085.08876
2017,IT,NO,528961151.099903
2017,IT,PL,1455353232.92016
2017,IT,PT,474639885.409833
2017,IT,RO,971919322.976553
2017,IT,RU,1407262300.6037
2017,IT,SE,901672408.15713
2017,IT,SI,434345293.491712
2017,IT,SK,343261893.2751
2017,IT,TR,2090378680.01406
2017,IT,TW,430183120.987887
2017,IT,US,9065645019.60567
2017,IT,WA,4451463304.80239
2017,IT,WE,1756359528.99211
2017,IT,WF,4112204103.94213
2017,IT,WL,2041925127.48743
2017,IT,WM,6575509050.03857
2017,IT,ZA,377153308.927734
2017,JP,AT,393862951.563683
2017,JP,AU,4680672331.96886
2017,JP,BE,1381636463.54053
2017,JP,BG,52049857.4078013
2017,JP,BR,1614859182.78735
2017,JP,CA,3139220613.31114
2017,JP,CH,1187619582.70985
2017,JP,CN,56265685464.3483
2017,JP,CY,52432677.3079286
2017,JP,CZ,312600025.915168
2017,JP,DE,5553306524.92473
2017,JP,DK,1377270527.39667
2017,JP,EE,39565656.4563103
2017,JP,ES,867444156.128715
2017,JP,FI,270350592.104907
2017,JP,FR,3393792074.20281
2017,JP,GB,4318029839.65437
2017,JP,GR,190946658.373756
2017,JP,HR,42720339.5024697
2017,JP,HU,256722202.946435
2017,JP,ID,4615418119.94113
2017,JP,IE,602546492.77444
2017,JP,IN,6143607276.03009
2017,JP,IT,1751804825.37518
2017,JP,JP,1039182545092.23
2017,JP,KR,15866501896.7492
2017,JP,LT,47064514.7095833
2017,JP,LU,74472726.2166415
2017,JP,LV,32011006.8362917
2017,JP,MT,80399308.373912
2017,JP,MX,3512575787.03734
2017,JP,NL,1875389162.85242
2017,JP,NO,565632552.18314
2017,JP,PL,597715791.058831
2017,JP,PT,143217797.090534
2017,JP,RO,186129297.481225
2017,JP,RU,1977634584.73738
2017,JP,SE,541054541.549116
2017,JP,SI,72976303.8259674
2017,JP,SK,119031181.653691
2017,JP,TR,1312143113.65668
2017,JP,TW,11154066700.2705
2017,JP,US,35125897997.8534
2017,JP,WA,44647250894.8401
2017,JP,WE,563117198.6884
2017,JP,WF,3385499576.77095
2017,JP,WL,7190853180.70513
2017,JP,WM,10853253466.8272
2017,JP,ZA,768499067.187751
2017,KR,AT,412730579.3624
2017,KR,AU,5171800673.10628
2017,KR,BE,939177503.981948
2017,KR,BG,105141302.330799
2017,KR,BR,1689181569.69332
2017,KR,CA,2934065541.17726
2017,KR,CH,607111155.516479
2017,KR,CN,48781295683.6324
2017,KR,CY,52311046.7239671
2017,KR,CZ,729235128.776449
2017,KR,DE,6774890814.06851
2017,KR,DK,1144479760.47577
2017,KR,EE,42358389.3276574
2017,KR,ES,1202288953.77249
2017,KR,FI,229745134.771848
2017,KR,FR,3578034815.6942
2017,KR,GB,3379432089.16974
2017,KR,GR,457310913.372874
2017,KR,HR,68926981.0051881
2017,KR,HU,262050260.909207
2017,KR,ID,3736214109.55175
2017,KR,IE,805060494.602498
2017,KR,IN,8875906742.42665
2017,KR,IT,2451559576.12442
2017,KR,JP,21004760627.3045
2017,KR,KR,502426052644.437
2017,KR,LT,64840314.8319776
2017,KR,LU,83567326.9953561
2017,KR,LV,37231613.2450248
2017,KR,MT,77566911.7593341
2017,KR,MX,4026638358.71044
2017,KR,NL,1769247780.95285
2017,KR,NO,1338126829.73181
2017,KR,PL,913586877.894305
2017,KR,PT,207358086.246317
2017,KR,RO,257437640.324336
2017,KR,RU,2825861974.26153
2017,KR,SE,539784915.500457
2017,KR,SI,390035869.475301
2017,KR,SK,674122271.856779
2017,KR,TR,2963932917.76623
2017,KR,TW,589269366.401812
2017,KR,US,33419564168.4219
2017,KR,WA,39313634059.3562
2017,KR,WE,618459818.050642
2017,KR,WF,4375835885.89574
2017,KR,WL,7283491128.38672
2017,KR,WM,13178627323.7478
2017,KR,ZA,608390446.751262
2017,LT,AT,196292533.588604
2017,LT,AU,45723365.1608317
2017,LT,BE,127021589.0002
2017,LT,BG,20467399.2616103
2017,LT,BR,32845648.9344506
2017,LT,CA,67510772.5578393
2017,LT,CH,221479564.666336
2017,LT,CN,332047360.7923
2017,LT,CY,99340395.6563763
2017,LT,CZ,51016579.3680197
2017,LT,DE,1193805178.98328
2017,LT,DK,174293689.064958
2017,LT,EE,232321489.090723
2017,LT,ES,249220421.407225
2017,LT,FI,109449451.300556
2017,LT,FR,441601532.668668
2017,LT,GB,464759622.041825
2017,LT,GR,33056595.5735066
2017,LT,HR,60753189.1124919
2017,LT,HU,37144829.1668106
2017,LT,ID,15889901.4324119
2017,LT,IE,39131241.5542063
2017,LT,IN,123488503.972874
2017,LT,IT,322856152.667591
2017,LT,JP,71116663.5652674
2017,LT,KR,49348747.2917268
2017,LT,LT,13157794940.718
2017,LT,LU,9067845.0240017
2017,LT,LV,640646099.752821
2017,LT,MT,1711549.89052671
2017,LT,MX,26359973.9824204
2017,LT,NL,312409375.744075
2017,LT,NO,184891733.727025
2017,LT,PL,764949970.406092
2017,LT,PT,27925384.1393152
2017,LT,RO,42698944.9336545
2017,LT,RU,920081528.781771
2017,LT,SE,183929942.754589
2017,LT,SI,44536313.6559141
2017,LT,SK,26154444.6345911
2017,LT,TR,271489606.767068
2017,LT,TW,37223254.7747173
2017,LT,US,749627559.844019
2017,LT,WA,392913583.420885
2017,LT,WE,733139807.841825
2017,LT,WF,362051447.902581
2017,LT,WL,100621051.028225
2017,LT,WM,972042634.054324
2017,LT,ZA,34129829.5360042
2017,LU,AT,36656991.4104285
2017,LU,AU,29177431.67355
2017,LU,BE,217472968.963314
2017,LU,BG,4356134.96931272
2017,LU,BR,25379262.8118878
2017,LU,CA,209936260.282727
2017,LU,CH,459182376.514324
2017,LU,CN,328361321.236669
2017,LU,CY,12929341.5481221
2017,LU,CZ,18758814.1915947
2017,LU,DE,870364042.835911
2017,LU,DK,30886418.0031988
2017,LU,EE,2569543.74921022
2017,LU,ES,92770940.5077634
2017,LU,FI,21925092.1085198
2017,LU,FR,580727793.2071
2017,LU,GB,387054964.248781
2017,LU,GR,14008058.5884624
2017,LU,HR,4066029.69924176
2017,LU,HU,17673417.1859895
2017,LU,ID,13740298.5319548
2017,LU,IE,55371240.051904
2017,LU,IN,65799178.1681004
2017,LU,IT,211232319.83801
2017,LU,JP,91167633.8218209
2017,LU,KR,30063778.7764963
2017,LU,LT,3666330.92678026
2017,LU,LU,2433129592.98187
2017,LU,LV,7214816.80898178
2017,LU,MT,885660.195366743
2017,LU,MX,37993318.7553169
2017,LU,NL,202058480.121568
2017,LU,NO,24622585.3163825
2017,LU,PL,50996617.0221359
2017,LU,PT,16445602.1797519
2017,LU,RO,17195424.5530982
2017,LU,RU,47578740.5482653
2017,LU,SE,75656056.0340231
2017,LU,SI,5339096.26375154
2017,LU,SK,8641014.91480633
2017,LU,TR,55882849.7147264
2017,LU,TW,140735966.816679
2017,LU,US,531569605.569262
2017,LU,WA,448257040.390534
2017,LU,WE,28438235.8949488
2017,LU,WF,91766901.1999965
2017,LU,WL,100976420.015814
2017,LU,WM,169630163.351447
2017,LU,ZA,28646048.3505
2017,LV,AT,41851419.9644424
2017,LV,AU,15596396.2255451
2017,LV,BE,72543495.7906286
2017,LV,BG,12798588.4712138
2017,LV,BR,15324930.563272
2017,LV,CA,24614651.4133009
2017,LV,CH,225974328.499827
2017,LV,CN,170166239.914812
2017,LV,CY,17101978.2421547
2017,LV,CZ,49248859.9232179
2017,LV,DE,471405894.634781
2017,LV,DK,110716993.368251
2017,LV,EE,286048313.22326
2017,LV,ES,86724411.6385866
2017,LV,FI,126489642.979969
2017,LV,FR,140730301.732944
2017,LV,GB,409938588.200179
2017,LV,GR,17405388.8079096
2017,LV,HR,14423049.5652708
2017,LV,HU,29601706.8512859
2017,LV,ID,6474067.58259487
2017,LV,IE,44414325.894359
2017,LV,IN,29847615.0923915
2017,LV,IT,118927919.568306
2017,LV,JP,39284878.55132
2017,LV,KR,35336373.6025383
2017,LV,LT,632497160.825066
2017,LV,LU,14308357.6503235
2017,LV,LV,7385843505.25857
2017,LV,MT,1237532.39453886
2017,LV,MX,11350848.9267606
2017,LV,NL,145306408.601672
2017,LV,NO,117363162.384955
2017,LV,PL,234160355.92617
2017,LV,PT,12572005.2818592
2017,LV,RO,21835477.9999097
2017,LV,RU,383489881.516082
2017,LV,SE,302120863.092242
2017,LV,SI,10911038.2221729
2017,LV,SK,22815078.2813396
2017,LV,TR,112515947.009513
2017,LV,TW,19951067.4866053
2017,LV,US,252161897.595522
2017,LV,WA,320377700.718711
2017,LV,WE,153310174.648198
2017,LV,WF,211734887.238777
2017,LV,WL,57856455.848527
2017,LV,WM,376382248.215043
2017,LV,ZA,16054594.4852796
2017,MT,AT,35973193.4523884
2017,MT,AU,12396955.2975003
2017,MT,BE,36184943.7461179
2017,MT,BG,66377686.8442698
2017,MT,BR,7806547.38339979
2017,MT,CA,10233401.4905938
2017,MT,CH,39973130.5742843
2017,MT,CN,49799971.0956096
2017,MT,CY,10726355.4393742
2017,MT,CZ,6792712.05554415
2017,MT,DE,286532015.901688
2017,MT,DK,27314632.9742336
2017,MT,EE,4981675.96233376
2017,MT,ES,79125579.3509497
2017,MT,FI,8443391.10822121
2017,MT,FR,217835276.543554
2017,MT,GB,191502815.299118
2017,MT,GR,20277401.2500424
2017,MT,HR,11345441.7669543
2017,MT,HU,13350923.0583991
2017,MT,ID,3727560.0500123
2017,MT,IE,8905726.97063599
2017,MT,IN,11275047.810866
2017,MT,IT,314503295.709
2017,MT,JP,37098187.1651403
2017,MT,KR,8859166.78926774
2017,MT,LT,24676906.2343504
2017,MT,LU,3215541.82909962
2017,MT,LV,4279035.66383228
2017,MT,MT,552735243.342921
2017,MT,MX,6283979.73296887
2017,MT,NL,31650016.5020712
2017,MT,NO,41142613.889615
2017,MT,PL,35549565.1425052
2017,MT,PT,5802253.60899608
2017,MT,RO,30635380.5213134
2017,MT,RU,22204258.2895655
2017,MT,SE,33951235.2548239
2017,MT,SI,2544628.1833531
2017,MT,SK,3631274.4588988
2017,MT,TR,67221244.0692263
2017,MT,TW,9881913.02670698
2017,MT,US,172380061.543102
2017,MT,WA,55771951.8435906
2017,MT,WE,28294682.4339763
2017,MT,WF,67046267.5515516
2017,MT,WL,19467464.8582172
2017,MT,WM,84525034.1938218
2017,MT,ZA,6695632.94781126
2017,MX,AT,181422806.355619
2017,MX,AU,607983188.700138
2017,MX,BE,552842520.560715
2017,MX,BG,20648341.7415044
2017,MX,BR,2461837605.40935
2017,MX,CA,6381858367.30611
2017,MX,CH,1495467801.90673
2017,MX,CN,7519063466.47922
2017,MX,CY,12377614.6739623
2017,MX,CZ,108595256.353136
2017,MX,DE,2821479653.44137
2017,MX,DK,307219349.517604
2017,MX,EE,10630541.0616069
2017,MX,ES,1521870061.3304
2017,MX,FI,83442905.1504214
2017,MX,FR,1740502926.398
2017,MX,GB,2440857459.20699
2017,MX,GR,59039293.2304633
2017,MX,HR,15875429.6409763
2017,MX,HU,99949381.2032879
2017,MX,ID,261808061.673169
2017,MX,IE,418860980.023505
2017,MX,IN,2497650225.68722
2017,MX,IT,830761521.758905
2017,MX,JP,3432341696.58994
2017,MX,KR,1846674981.63536
2017,MX,LT,21155323.7051327
2017,MX,LU,46172177.7659786
2017,MX,LV,10129511.7335469
2017,MX,MT,16881939.0489158
2017,MX,MX,485001147421.455
2017,MX,NL,750302308.00258
2017,MX,NO,163796990.575304
2017,MX,PL,257459647.706019
2017,MX,PT,118198780.1795
2017,MX,RO,82889274.1396095
2017,MX,RU,481172100.350818
2017,MX,SE,179068323.098139
2017,MX,SI,26872536.0736871
2017,MX,SK,45125355.9060651
2017,MX,TR,757479473.636635
2017,MX,TW,149743323.185294
2017,MX,US,99749625785.0801
2017,MX,WA,5942481707.44763
2017,MX,WE,250187617.896989
2017,MX,WF,1484573515.98412
2017,MX,WL,17591349399.3082
2017,MX,WM,3290239490.76201
2017,MX,ZA,189235947.294279
2017,NL,AT,1047171556.50473
2017,NL,AU,984555396.435694
2017,NL,BE,8811618519.60703
2017,NL,BG,190724931.929171
2017,NL,BR,1040838018.0483
2017,NL,CA,1162399564.85096
2017,NL,CH,2308552720.31936
2017,NL,CN,5349890639.98087
2017,NL,CY,104717467.816057
2017,NL,CZ,786515243.36134
2017,NL,DE,18372213273.2475
2017,NL,DK,1618161630.54119
2017,NL,EE,102236664.6875
2017,NL,ES,2861390132.81028
2017,NL,FI,1038866308.77752
2017,NL,FR,8667172754.4439
2017,NL,GB,11843610065.8447
2017,NL,GR,681435087.775978
2017,NL,HR,157382960.438176
2017,NL,HU,565274700.481473
2017,NL,ID,413912730.403271
2017,NL,IE,1562894543.02253
2017,NL,IN,1443731962.17444
2017,NL,IT,4691922820.95881
2017,NL,JP,1969561504.7317
2017,NL,KR,1213222323.15606
2017,NL,LT,196792773.495291
2017,NL,LU,883482942.548095
2017,NL,LV,103091071.616152
2017,NL,MT,31250931.0016453
2017,NL,MX,747677876.048802
2017,NL,NL,91307062031.1118
2017,NL,NO,1321543962.10981
2017,NL,PL,1912936839.94601
2017,NL,PT,619198905.685109
2017,NL,RO,581333606.878177
2017,NL,RU,1933516523.39328
2017,NL,SE,2358914480.52487
2017,NL,SI,116685382.084185
2017,NL,SK,281968991.532734
2017,NL,TR,1578098350.24844
2017,NL,TW,264902725.102375
2017,NL,US,8431687807.30765
2017,NL,WA,5833093514.92529
2017,NL,WE,859662429.358205
2017,NL,WF,2847371493.92591
2017,NL,WL,2194053211.26746
2017,NL,WM,5160758048.36196
2017,NL,ZA,515096310.410306
2017,NO,AT,186587849.783791
2017,NO,AU,144962128.541607
2017,NO,BE,711391811.929858
2017,NO,BG,23532528.5463203
2017,NO,BR,223067147.125325
2017,NO,CA,447974857.820517
2017,NO,CH,271117951.78768
2017,NO,CN,1778268938.20317
2017,NO,CY,37677928.3870348
2017,NO,CZ,109101523.943713
2017,NO,DE,3332587833.4752
2017,NO,DK,1608951434.9595
2017,NO,EE,47997576.913273
2017,NO,ES,725564265.947369
2017,NO,FI,425563311.896943
2017,NO,FR,1795101486.92828
2017,NO,GB,3955715900.89494
2017,NO,GR,73757499.1652808
2017,NO,HR,19627590.9030387
2017,NO,HU,59694456.7915504
2017,NO,ID,91949699.4253865
2017,NO,IE,357513721.019263
2017,NO,IN,381670860.081851
2017,NO,IT,733133768.818972
2017,NO,JP,411096912.586587
2017,NO,KR,301304452.792486
2017,NO,LT,162032005.103118
2017,NO,LU,105597233.771436
2017,NO,LV,38240765.9311765
2017,NO,MT,7643292.33737065
2017,NO,MX,198798001.631341
2017,NO,NL,1238834134.65802
2017,NO,NO,42222722730.9916
2017,NO,PL,484656845.618765
2017,NO,PT,121048886.831801
2017,NO,RO,64380370.1883731
2017,NO,RU,286999892.538308
2017,NO,SE,1939568462.33493
2017,NO,SI,16632588.0028738
2017,NO,SK,40591473.7185682
2017,NO,TR,383534553.44151
2017,NO,TW,95175096.539389
2017,NO,US,3066059303.42238
2017,NO,WA,1406908183.2365
2017,NO,WE,364649908.354265
2017,NO,WF,793998247.313578
2017,NO,WL,515789037.134169
2017,NO,WM,947634925.193907
2017,NO,ZA,62327822.0115906
2017,PL,AT,2382414528.14082
2017,PL,AU,489798174.400132
2017,PL,BE,1953289638.36148
2017,PL,BG,543985633.022421
2017,PL,BR,568717768.305615
2017,PL,CA,971794409.893587
2017,PL,CH,2819993582.34499
2017,PL,CN,4415806434.03497
2017,PL,CY,81373504.1894478
2017,PL,CZ,5010536748.19394
2017,PL,DE,26002963979.6282
2017,PL,DK,1346389992.88153
2017,PL,EE,418115568.742223
2017,PL,ES,2564660856.16876
2017,PL,FI,840695758.356501
2017,PL,FR,6811699162.64837
2017,PL,GB,8094792288.90907
2017,PL,GR,577233051.265723
2017,PL,HR,418419528.725318
2017,PL,HU,1819498948.56224
2017,PL,ID,191293174.220678
2017,PL,IE,861485314.850607
2017,PL,IN,1179271825.44826
2017,PL,IT,4628446158.56169
2017,PL,JP,924439359.737256
2017,PL,KR,958376986.54778
2017,PL,LT,1417345025.26181
2017,PL,LU,162862855.908598
2017,PL,LV,489983954.815763
2017,PL,MT,23216760.7015552
2017,PL,MX,607868033.527331
2017,PL,NL,3784607673.56758
2017,PL,NO,1643824107.85171
2017,PL,PL,266840547528.968
2017,PL,PT,428713392.152391
2017,PL,RO,2228230176.68084
2017,PL,RU,3623686910.70843
2017,PL,SE,2791493708.43497
2017,PL,SI,301257125.13558
2017,PL,SK,4078524463.47382
2017,PL,TR,1963778439.15364
2017,PL,TW,222740966.26187
2017,PL,US,6524978433.31143
2017,PL,WA,4101805800.8013
2017,PL,WE,5594499042.08184
2017,PL,WF,2967649751.5479
2017,PL,WL,1753434761.74126
2017,PL,WM,5940542639.84674
2017,PL,ZA,455827136.494588
2017,PT,AT,128615577.311255
2017,PT,AU,115514959.209137
2017,PT,BE,401533689.209762
2017,PT,BG,28605487.9672513
2017,PT,BR,1024863059.83836
2017,PT,CA,208112440.58858
2017,PT,CH,396399960.454403
2017,PT,CN,840353331.429052
2017,PT,CY,13706314.8333047
2017,PT,CZ,68094605.7558433
2017,PT,DE,1702977233.81506
2017,PT,DK,121520575.846782
2017,PT,EE,9626897.10040282
2017,PT,ES,4716206261.20366
2017,PT,FI,82608064.6130578
2017,PT,FR,2415454911.66362
2017,PT,GB,2201229698.25531
2017,PT,GR,72072785.9692609
2017,PT,HR,16690456.3014157
2017,PT,HU,47351632.1628747
2017,PT,ID,27251764.7372072
2017,PT,IE,232198183.59659
2017,PT,IN,156874508.253506
2017,PT,IT,900627349.74254
2017,PT,JP,152103981.992253
2017,PT,KR,111098639.263826
2017,PT,LT,14911792.6359568
2017,PT,LU,27742454.1600854
2017,PT,LV,9151574.72227471
2017,PT,MT,4451584.62242667
2017,PT,MX,144665845.137936
2017,PT,NL,518868834.258308
2017,PT,NO,123938377.946555
2017,PT,PL,206117753.986608
2017,PT,PT,44820711955.9102
2017,PT,RO,75846770.9428424
2017,PT,RU,160502290.761754
2017,PT,SE,207321648.934671
2017,PT,SI,15384028.676786
2017,PT,SK,38091706.6142424
2017,PT,TR,196605129.542341
2017,PT,TW,44583423.7617952
2017,PT,US,2113839587.17669
2017,PT,WA,504972718.181712
2017,PT,WE,241226246.869455
2017,PT,WF,2417673295.00987
2017,PT,WL,544565100.176784
2017,PT,WM,1460609962.27975
2017,PT,ZA,75385510.8799113
2017,RO,AT,646519115.92861
2017,RO,AU,122441625.984019
2017,RO,BE,410645187.910029
2017,RO,BG,1008612696.68233
2017,RO,BR,174329109.713657
2017,RO,CA,478194708.516019
2017,RO,CH,474073035.012016
2017,RO,CN,1356382357.56687
2017,RO,CY,67966536.8165569
2017,RO,CZ,271771770.589917
2017,RO,DE,3677463138.3607
2017,RO,DK,156029127.583747
2017,RO,EE,19529593.1075655
2017,RO,ES,868667697.475694
2017,RO,FI,103762234.243292
2017,RO,FR,1835073750.82756
2017,RO,GB,1454057753.44292
2017,RO,GR,564139938.080831
2017,RO,HR,268408965.429907
2017,RO,HU,1364426570.49976
2017,RO,ID,74015298.4134488
2017,RO,IE,163210698.910216
2017,RO,IN,389832584.791528
2017,RO,IT,1902382326.15477
2017,RO,JP,332661825.568089
2017,RO,KR,282202704.312651
2017,RO,LT,55494636.0211964
2017,RO,LU,53801729.2564477
2017,RO,LV,20914289.6001654
2017,RO,MT,9907570.59190386
2017,RO,MX,181770265.125999
2017,RO,NL,690537642.642624
2017,RO,NO,184199055.40847
2017,RO,PL,725070242.369359
2017,RO,PT,218304815.459277
2017,RO,RO,67425455618.4182
2017,RO,RU,801469393.933844
2017,RO,SE,310854497.30339
2017,RO,SI,122741042.941185
2017,RO,SK,243211741.967852
2017,RO,TR,2090386852.79467
2017,RO,TW,46058811.0831538
2017,RO,US,1712766995.47303
2017,RO,WA,1256262233.55891
2017,RO,WE,2422516734.42499
2017,RO,WF,1487288794.15255
2017,RO,WL,427673805.130696
2017,RO,WM,4022816721.29758
2017,RO,ZA,135451728.331544
2017,RU,AT,4408776377.20098
2017,RU,AU,5444169085.45868
2017,RU,BE,7753345807.26666
2017,RU,BG,2789643899.18982
2017,RU,BR,6662031628.13277
2017,RU,CA,4906433316.11161
2017,RU,CH,7148747509.81823
2017,RU,CN,191761025111.586
2017,RU,CY,766894940.146606
2017,RU,CZ,8922959888.66486
2017,RU,DE,38626053234.9308
2017,RU,DK,3050032051.60189
2017,RU,EE,2017474692.22868
2017,RU,ES,6616037145.63546
2017,RU,FI,8026163369.39158
2017,RU,FR,14576580637.4381
2017,RU,GB,20193673697.8685
2017,RU,GR,4205334476.06032
2017,RU,HR,1472353863.93584
2017,RU,HU,6650778977.76017
2017,RU,ID,6465720873.91098
2017,RU,IE,2270354445.64026
2017,RU,IN,17511677221.2285
2017,RU,IT,29550470592.1249
2017,RU,JP,23896886731.6926
2017,RU,KR,21954081851.4447
2017,RU,LT,3040539811.67706
2017,RU,LU,790923687.193182
2017,RU,LV,3815017028.23341
2017,RU,MT,729900690.087824
2017,RU,MX,6241323104.43501
2017,RU,NL,19612820331.8489
2017,RU,NO,2785445684.49987
2017,RU,PL,17380628285.4015
2017,RU,PT,1762006501.0969
2017,RU,RO,5125142940.62033
2017,RU,RU,1184481328039.05
2017,RU,SE,5641983804.93177
2017,RU,SI,795549202.033428
2017,RU,SK,7792665370.60852
2017,RU,TR,35503659074.7447
2017,RU,TW,3125245252.35425
2017,RU,US,47735328032.0897
2017,RU,WA,85996676114.6006
2017,RU,WE,64221735925.8002
2017,RU,WF,21855625651.3821
2017,RU,WL,16723405160.9018
2017,RU,WM,53891331296.0442
2017,RU,ZA,1589134820.25066
2017,SE,AT,189697373.399204
2017,SE,AU,139108999.95418
2017,SE,BE,322062826.14158
2017,SE,BG,24579384.5402662
2017,SE,BR,173342493.873588
2017,SE,CA,253971308.817666
2017,SE,CH,484198738.0245
2017,SE,CN,1419497897.02334
2017,SE,CY,12395719.3678844
2017,SE,CZ,100349287.987615
2017,SE,DE,1800476518.63461
2017,SE,DK,1100114901.35076
2017,SE,EE,92381482.8161958
2017,SE,ES,430474194.831944
2017,SE,FI,1477411106.47858
2017,SE,FR,985295481.816743
2017,SE,GB,1437341162.91308
2017,SE,GR,78764293.4829841
2017,SE,HR,18043551.1164037
2017,SE,HU,92413935.2879518
2017,SE,ID,70537444.6919798
2017,SE,IE,161388159.047294
2017,SE,IN,388211284.220228
2017,SE,IT,430301855.998815
2017,SE,JP,346019445.392401
2017,SE,KR,194116052.124574
2017,SE,LT,103068805.314463
2017,SE,LU,32726381.2461122
2017,SE,LV,45887044.4344826
2017,SE,MT,7737200.37059806
2017,SE,MX,135768401.369854
2017,SE,NL,699346357.928387
2017,SE,NO,2159500635.96988
2017,SE,PL,614061237.755739
2017,SE,PT,107609507.034057
2017,SE,RO,75307323.1043147
2017,SE,RU,297398578.681736
2017,SE,SE,31070747263.5135
2017,SE,SI,19812943.9833824
2017,SE,SK,48911754.2293225
2017,SE,TR,293525398.556313
2017,SE,TW,234749721.78298
2017,SE,US,1901817510.05234
2017,SE,WA,763874155.325455
2017,SE,WE,212520695.558188
2017,SE,WF,452052302.987711
2017,SE,WL,700724072.480046
2017,SE,WM,940100981.196004
2017,SE,ZA,92685393.8352266
2017,SI,AT,762139343.041969
2017,SI,AU,31450154.9406445
2017,SI,BE,93685337.6180461
2017,SI,BG,51187465.5647989
2017,SI,BR,28636023.209839
2017,SI,CA,41563334.1847778
2017,SI,CH,339863420.000488
2017,SI,CN,251754756.238826
2017,SI,CY,8987823.65575447
2017,SI,CZ,133364411.971633
2017,SI,DE,1144105078.24995
2017,SI,DK,49533236.4791699
2017,SI,EE,6305573.226579
2017,SI,ES,114532954.0127
2017,SI,FI,23374353.4861424
2017,SI,FR,375485187.254674
2017,SI,GB,246864975.285145
2017,SI,GR,497934189.559242
2017,SI,HR,871088542.184944
2017,SI,HU,123869193.809266
2017,SI,ID,9475229.21937752
2017,SI,IE,24687980.3638895
2017,SI,IN,53339944.0868192
2017,SI,IT,1267966283.24421
2017,SI,JP,56462608.2257058
2017,SI,KR,40882718.9291166
2017,SI,LT,12357366.90752
2017,SI,LU,17938590.5283223
2017,SI,LV,6364851.06008571
2017,SI,MT,2116938.50579534
2017,SI,MX,30681426.8017658
2017,SI,NL,127829572.793492
2017,SI,NO,34947583.7273132
2017,SI,PL,132353394.149149
2017,SI,PT,20428788.6247753
2017,SI,RO,96268735.3501212
2017,SI,RU,186981331.921849
2017,SI,SE,80108469.0568178
2017,SI,SI,7852045046.63354
2017,SI,SK,68691646.6542837
2017,SI,TR,122561930.647962
2017,SI,TW,16242203.5205298
2017,SI,US,333015199.07425
2017,SI,WA,218429416.929773
2017,SI,WE,600779182.576387
2017,SI,WF,126590731.528576
2017,SI,WL,80067232.1880014
2017,SI,WM,372201280.324301
2017,SI,ZA,14756556.2967941
2017,SK,AT,1436744001.63444
2017,SK,AU,65150022.0558909
2017,SK,BE,233263010.198293
2017,SK,BG,147722742.523893
2017,SK,BR,58078915.3913916
2017,SK,CA,105038871.514648
2017,SK,CH,314360056.143602
2017,SK,CN,765465989.572059
2017,SK,CY,12719003.9321847
2017,SK,CZ,1782637591.93993
2017,SK,DE,3151713001.57592
2017,SK,DK,95085132.6986551
2017,SK,EE,27334512.6396834
2017,SK,ES,319942663.525913
2017,SK,FI,78258941.469056
2017,SK,FR,873087127.256832
2017,SK,GB,760524836.917573
2017,SK,GR,80265225.410518
2017,SK,HR,181151197.941444
2017,SK,HU,1808607799.17001
2017,SK,ID,20961869.8513107
2017,SK,IE,89305900.8410874
2017,SK,IN,97662590.4947976
2017,SK,IT,801390523.627522
2017,SK,JP,122857618.800915
2017,SK,KR,104941024.871435
2017,SK,LT,50997445.3807261
2017,SK,LU,17623147.7100902
2017,SK,LV,29359847.8168081
2017,SK,MT,3343645.09738725
2017,SK,MX,75542441.6520866
2017,SK,NL,377369850.42655
2017,SK,NO,98864973.1971564
2017,SK,PL,1674294278.12724
2017,SK,PT,45235513.8459763
2017,SK,RO,486533390.13504
2017,SK,RU,517334482.710097
2017,SK,SE,212223510.310719
2017,SK,SI,107331598.679231
2017,SK,SK,18846455565.3685
2017,SK,TR,448743760.350717
2017,SK,TW,29772718.0221887
2017,SK,US,852617989.194098
2017,SK,WA,417798503.466613
2017,SK,WE,892966520.291343
2017,SK,WF,227672306.079297
2017,SK,WL,162165643.586194
2017,SK,WM,640637228.664008
2017,SK,ZA,41662711.6232653
2017,TR,AT,806371217.191775
2017,TR,AU,720095954.54594
2017,TR,BE,1184412985.69948
2017,TR,BG,1482314034.66135
2017,TR,BR,753371454.711863
2017,TR,CA,1243597472.95115
2017,TR,CH,831048119.276351
2017,TR,CN,8022534184.65702
2017,TR,CY,403750362.858272
2017,TR,CZ,317281629.096625
2017,TR,DE,8829734941.72546
2017,TR,DK,974368301.275265
2017,TR,EE,66443156.6475287
2017,TR,ES,2105527670.18507
2017,TR,FI,255075808.012218
2017,TR,FR,3756019223.15045
2017,TR,GB,5136703716.74148
2017,TR,GR,1073487544.73288
2017,TR,HR,132666476.129811
2017,TR,HU,352289004.691135
2017,TR,ID,562044123.940406
2017,TR,IE,410805362.053923
2017,TR,IN,2264805543.83694
2017,TR,IT,5406251308.38268
2017,TR,JP,1349119790.6073
2017,TR,KR,1069908220.70009
2017,TR,LT,128623428.098014
2017,TR,LU,71314637.97238
2017,TR,LV,70626364.8654936
2017,TR,MT,99341999.6615983
2017,TR,MX,549765044.364023
2017,TR,NL,1629927758.37986
2017,TR,NO,320237182.349411
2017,TR,PL,1111130930.51367
2017,TR,PT,301779786.884509
2017,TR,RO,1576261002.49492
2017,TR,RU,4551380450.3112
2017,TR,SE,752385001.75154
2017,TR,SI,194639231.617807
2017,TR,SK,205980378.399775
2017,TR,TR,422424987060.281
2017,TR,TW,156456865.873969
2017,TR,US,10142535805.2387
2017,TR,WA,8454588485.31546
2017,TR,WE,2926515014.39127
2017,TR,WF,11004929571.5925
2017,TR,WL,4835104268.48354
2017,TR,WM,35124993275.0811
2017,TR,ZA,379523194.440948
2017,TW,AT,746280966.680434
2017,TW,AU,602134046.200942
2017,TW,BE,1145789370.48767
2017,TW,BG,36178156.1196917
2017,TW,BR,341098576.20159
2017,TW,CA,622241803.017776
2017,TW,CH,438617745.932626
2017,TW,CN,3135753622.817
2017,TW,CY,113114668.645
2017,TW,CZ,4414403637.81017
2017,TW,DE,16427274381.7301
2017,TW,DK,4402387414.82437
2017,TW,EE,117937138.127568
2017,TW,ES,349203530.769068
2017,TW,FI,1851216450.86953
2017,TW,FR,12170147914.9836
2017,TW,GB,4055714931.33973
2017,TW,GR,276493808.475397
2017,TW,HR,67214620.5662898
2017,TW,HU,290139522.377931
2017,TW,ID,288174797.676651
2017,TW,IE,303681345.966997
2017,TW,IN,679373548.948902
2017,TW,IT,2944403319.61287
2017,TW,JP,14447604981.3073
2017,TW,KR,564666150.042572
2017,TW,LT,58949839.8328464
2017,TW,LU,133397957.918459
2017,TW,LV,131845718.723494
2017,TW,MT,18432593.7861485
2017,TW,MX,576626973.634452
2017,TW,NL,488804279.225196
2017,TW,NO,240312213.71973
2017,TW,PL,924229290.043114
2017,TW,PT,107398327.93983
2017,TW,RO,147135791.870577
2017,TW,RU,5630112905.72101
2017,TW,SE,1568749753.73798
2017,TW,SI,47771321.4339773
2017,TW,SK,251843079.809707
2017,TW,TR,322190076.486398
2017,TW,TW,207334542975.95
2017,TW,US,15445941520.7245
2017,TW,WA,29761002588.1209
2017,TW,WE,1065939538.66719
2017,TW,WF,497541018.31975
2017,TW,WL,919427268.367212
2017,TW,WM,1827097411.88031
2017,TW,ZA,115184415.255062
2017,US,AT,2084608276.02143
2017,US,AU,7715157511.52807
2017,US,BE,5837656944.80919
2017,US,BG,292283450.179398
2017,US,BR,26777055484.3818
2017,US,CA,83353275452.2774
2017,US,CH,5807030400.74255
2017,US,CN,100112198612.737
2017,US,CY,122211113.746422
2017,US,CZ,1178440378.83081
2017,US,DE,25724839653.1568
2017,US,DK,4415218374.19169
2017,US,EE,126471473.457164
2017,US,ES,6876105448.90564
2017,US,FI,1237596864.79299
2017,US,FR,17032726803.7352
2017,US,GB,23836420254.6962
2017,US,GR,931589254.024822
2017,US,HR,864938474.680764
2017,US,HU,1267704225.16518
2017,US,ID,4674651568.60888
2017,US,IE,10119560676.0685
2017,US,IN,20579231683.9761
2017,US,IT,8620217439.0024
2017,US,JP,48544265348.6211
2017,US,KR,25532282222.819
2017,US,LT,237492599.185713
2017,US,LU,571290963.720938
2017,US,LV,131793784.969932
2017,US,MT,140663993.784314
2017,US,MX,91877447780.856
2017,US,NL,9235363160.11985
2017,US,NO,2272118160.99418
2017,US,PL,2705393536.81129
2017,US,PT,1142178939.28844
2017,US,RO,987302058.5037
2017,US,RU,4830143292.28539
2017,US,SE,3153599095.62866
2017,US,SI,410781269.797269
2017,US,SK,512427846.931998
2017,US,TR,7137763425.39984
2017,US,TW,7777584856.54483
2017,US,US,5183920611350.15
2017,US,WA,64879410644.2257
2017,US,WE,5873941551.40382
2017,US,WF,18321605194.8555
2017,US,WL,103738014849.05
2017,US,WM,32462691944.2655
2017,US,ZA,2281761437.92891
2017,WA,AT,4626007531.2784
2017,WA,AU,60835787376.4262
2017,WA,BE,9515625497.81011
2017,WA,BG,814385893.213095
2017,WA,BR,7060940106.01756
2017,WA,CA,14477711074.7427
2017,WA,CH,11527499352.8742
2017,WA,CN,292592258672.213
2017,WA,CY,628885384.050521
2017,WA,CZ,3952549557.78685
2017,WA,DE,44242231904.7375
2017,WA,DK,9976640989.7157
2017,WA,EE,401380420.458202
2017,WA,ES,11275911568.7225
2017,WA,FI,2363656916.56095
2017,WA,FR,28247049962.6213
2017,WA,GB,35286458138.0168
2017,WA,GR,2481858652.46722
2017,WA,HR,1017931929.93172
2017,WA,HU,1556348354.09561
2017,WA,ID,47365380469.7742
2017,WA,IE,2745915019.97023
2017,WA,IN,68848548742.2094
2017,WA,IT,28525514029.6344
2017,WA,JP,92350320987.2947
2017,WA,KR,36359376608.4057
2017,WA,LT,668741350.839929
2017,WA,LU,957873183.884003
2017,WA,LV,745578842.963327
2017,WA,MT,553696677.228346
2017,WA,MX,9945132321.163
2017,WA,NL,21868467846.8943
2017,WA,NO,3114594255.68685
2017,WA,PL,5565603349.13467
2017,WA,PT,2055996445.4225
2017,WA,RO,2921798164.99433
2017,WA,RU,28338192867.8473
2017,WA,SE,4815051364.2084
2017,WA,SI,670905974.511921
2017,WA,SK,1327243506.36587
2017,WA,TR,16953306967.4475
2017,WA,TW,15566763606.9247
2017,WA,US,179662410871.664
2017,WA,WA,2038026315835.68
2017,WA,WE,10804244094.461
2017,WA,WF,39900982211.5987
2017,WA,WL,31998314718.7844
2017,WA,WM,83167145719.8119
2017,WA,ZA,5308744324.97819
2017,WE,AT,2426772214.83911
2017,WE,AU,692008691.747358
2017,WE,BE,1445588496.99468
2017,WE,BG,1696869360.45691
2017,WE,BR,1284018284.71328
2017,WE,CA,958997704.975294
2017,WE,CH,3213435007.49494
2017,WE,CN,9835557157.84768
2017,WE,CY,187387593.086133
2017,WE,CZ,3340655887.87881
2017,WE,DE,13747899085.2484
2017,WE,DK,714092885.680562
2017,WE,EE,263458387.598555
2017,WE,ES,2715293987.36115
2017,WE,FI,358964371.479762
2017,WE,FR,4104549526.90026
2017,WE,GB,8671879091.04273
2017,WE,GR,4207983020.53694
2017,WE,HR,9159815551.64036
2017,WE,HU,8808276128.86052
2017,WE,ID,872716834.992075
2017,WE,IE,517226396.147079
2017,WE,IN,3793952910.81206
2017,WE,IT,6029041391.66635
2017,WE,JP,1671221973.62165
2017,WE,KR,1548472070.4863
2017,WE,LT,1550786310.76222
2017,WE,LU,138274154.712572
2017,WE,LV,643851952.717615
2017,WE,MT,116211133.393634
2017,WE,MX,700204148.001758
2017,WE,NL,3790984896.38012
2017,WE,NO,1050074342.06514
2017,WE,PL,5927105016.87687
2017,WE,PT,469054301.025726
2017,WE,RO,3314504177.22018
2017,WE,RU,32264741499.2233
2017,WE,SE,1070249892.40446
2017,WE,SI,1752192272.8835
2017,WE,SK,1158119977.31879
2017,WE,TR,5627243307.779
2017,WE,TW,362891626.375488
2017,WE,US,7958169454.33055
2017,WE,WA,13977423096.5958
2017,WE,WE,250470340403.061
2017,WE,WF,7052027199.86604
2017,WE,WL,2304684702.48344
2017,WE,WM,18467882114.9468
2017,WE,ZA,434238643.565198
2017,WF,AT,1105547961.96018
2017,WF,AU,3016988677.20984
2017,WF,BE,3392719527.14427
2017,WF,BG,264678819.321697
2017,WF,BR,11287316288.5502
2017,WF,CA,3424498783.1783
2017,WF,CH,2325760027.7457
2017,WF,CN,73614208185.7163
2017,WF,CY,154168149.426017
2017,WF,CZ,690837466.021832
2017,WF,DE,11490424911.8162
2017,WF,DK,734758333.742774
2017,WF,EE,364285051.560831
2017,WF,ES,16411257642.7293
2017,WF,FI,445217103.90658
2017,WF,FR,19615566608.2303
2017,WF,GB,11238404727.0485
2017,WF,GR,1012632944.41912
2017,WF,HR,202047648.039467
2017,WF,HU,503493353.020704
2017,WF,ID,3941092763.24989
2017,WF,IE,914841608.385321
2017,WF,IN,30724401208.2862
2017,WF,IT,19146211085.093
2017,WF,JP,7274170747.29793
2017,WF,KR,5398505862.16312
2017,WF,LT,161980742.422279
2017,WF,LU,321637875.602223
2017,WF,LV,71381495.8703257
2017,WF,MT,281801740.27902
2017,WF,MX,2480710635.60624
2017,WF,NL,6216277288.22802
2017,WF,NO,1405855126.28465
2017,WF,PL,2350317464.29689
2017,WF,PT,2245790514.75815
2017,WF,RO,617284787.002035
2017,WF,RU,2069892906.36927
2017,WF,SE,1361878571.90165
2017,WF,SI,245436590.336312
2017,WF,SK,608574021.335751
2017,WF,TR,7422358686.86639
2017,WF,TW,398898748.108097
2017,WF,US,35641841857.566
2017,WF,WA,21811529763.7491
2017,WF,WE,2332481303.83386
2017,WF,WF,1704841807525.49
2017,WF,WL,7848596255.09885
2017,WF,WM,38029113031.3
2017,WF,ZA,13611061550.6875
2017,WL,AT,1045558362.48745
2017,WL,AU,1703659828.15409
2017,WL,BE,2191104064.38255
2017,WL,BG,163100343.555155
2017,WL,BR,53697415147.6085
2017,WL,CA,5287988555.12691
2017,WL,CH,1588829274.93904
2017,WL,CN,68006698958.6691
2017,WL,CY,98442868.6844576
2017,WL,CZ,405595587.630191
2017,WL,DE,12455987960.8003
2017,WL,DK,1131747146.42301
2017,WL,EE,59100384.7685756
2017,WL,ES,5966387068.87842
2017,WL,FI,366138918.720756
2017,WL,FR,5207890462.23637
2017,WL,GB,5679896053.39421
2017,WL,GR,403403851.555037
2017,WL,HR,168675869.452265
2017,WL,HU,216103580.157873
2017,WL,ID,1332116366.61632
2017,WL,IE,1180465336.13161
2017,WL,IN,9196009711.62666
2017,WL,IT,4763828716.28913
2017,WL,JP,6682655448.38294
2017,WL,KR,4422688974.83756
2017,WL,LT,103961671.515389
2017,WL,LU,246323257.246396
2017,WL,LV,41138854.5455291
2017,WL,MT,382406736.812422
2017,WL,MX,9683580547.0923
2017,WL,NL,7435120032.51427
2017,WL,NO,789931955.352594
2017,WL,PL,996474646.169767
2017,WL,PT,1155024623.35495
2017,WL,RO,295765776.859144
2017,WL,RU,7957794562.82076
2017,WL,SE,1032119399.59297
2017,WL,SI,191782532.016317
2017,WL,SK,217297606.453009
2017,WL,TR,8111670827.09666
2017,WL,TW,1589013034.66352
2017,WL,US,84134432864.3211
2017,WL,WA,20777807636.5017
2017,WL,WE,1094918119.69062
2017,WL,WF,9389291866.95821
2017,WL,WL,1011056696917.57
2017,WL,WM,22448451136.6275
2017,WL,ZA,950915545.471924
2017,WM,AT,2332929340.0838
2017,WM,AU,20922367640.1523
2017,WM,BE,9652677336.43859
2017,WM,BG,812682738.777683
2017,WM,BR,10578461294.1943
2017,WM,CA,10102927824.6669
2017,WM,CH,21331973023.4552
2017,WM,CN,225638427559.85
2017,WM,CY,1171241875.2111
2017,WM,CZ,1481021076.17547
2017,WM,DE,23660715524.6727
2017,WM,DK,6000217145.63358
2017,WM,EE,180637636.656237
2017,WM,ES,13431588509.2832
2017,WM,FI,928077941.645306
2017,WM,FR,27104212608.3061
2017,WM,GB,28470838144.8519
2017,WM,GR,5692946996.08558
2017,WM,HR,548316672.843619
2017,WM,HU,960985414.360157
2017,WM,ID,26318717529.9795
2017,WM,IE,2004722208.66368
2017,WM,IN,109398909881.338
2017,WM,IT,20984667911.3469
2017,WM,JP,83012376274.2836
2017,WM,KR,63478345413.3559
2017,WM,LT,313951465.709872
2017,WM,LU,880508199.981276
2017,WM,LV,204798478.86804
2017,WM,MT,556916005.147029
2017,WM,MX,7956937067.96505
2017,WM,NL,11921104955.6247
2017,WM,NO,1424455355.29842
2017,WM,PL,3887119773.52253
2017,WM,PT,1546316926.5012
2017,WM,RO,1666519940.77251
2017,WM,RU,9804887906.31783
2017,WM,SE,2479959652.07582
2017,WM,SI,563714070.90763
2017,WM,SK,553608796.957107
2017,WM,TR,21227806786.1361
2017,WM,TW,2630293969.62456
2017,WM,US,172035127628.628
2017,WM,WA,193493355306.492
2017,WM,WE,5646402681.28627
2017,WM,WF,81114124460.1561
2017,WM,WL,17250906452.6201
2017,WM,WM,1727757956386.47
2017,WM,ZA,10843041713.5849
2017,ZA,AT,436877283.292776
2017,ZA,AU,1355775222.68241
2017,ZA,BE,1485730327.82945
2017,ZA,BG,88458633.4758941
2017,ZA,BR,1488715111.90194
2017,ZA,CA,1066201563.80598
2017,ZA,CH,875430046.332939
2017,ZA,CN,11490072487.5945
2017,ZA,CY,29645820.0111303
2017,ZA,CZ,203233999.154072
2017,ZA,DE,4422323397.05803
2017,ZA,DK,496798314.386942
2017,ZA,EE,31144643.7426676
2017,ZA,ES,1442901335.73161
2017,ZA,FI,152598000.878834
2017,ZA,FR,2814256640.21667
2017,ZA,GB,4092434827.68514
2017,ZA,GR,171994666.179761
2017,ZA,HR,61311169.1362858
2017,ZA,HU,166807908.333926
2017,ZA,ID,1225327038.85569
2017,ZA,IE,393940714.522292
2017,ZA,IN,14484514174.5184
2017,ZA,IT,1848142564.36125
2017,ZA,JP,2740067420.4663
2017,ZA,KR,2655692510.03341
2017,ZA,LT,45508229.3918816
2017,ZA,LU,102334543.45314
2017,ZA,LV,19380167.1495398
2017,ZA,MT,31994139.5636637
2017,ZA,MX,734150412.999583
2017,ZA,NL,1828485486.36403
2017,ZA,NO,304631235.04875
2017,ZA,PL,558824500.54443
2017,ZA,PT,373269625.856162
2017,ZA,RO,186960082.529778
2017,ZA,RU,1071654933.44445
2017,ZA,SE,489578806.488818
2017,ZA,SI,87250692.7040819
2017,ZA,SK,85639851.9938834
2017,ZA,TR,2050298553.26209
2017,ZA,TW,144244091.520771
2017,ZA,US,10798269856.2774
2017,ZA,WA,15727626766.1477
2017,ZA,WE,714986271.63458
2017,ZA,WF,60676861283.1642
2017,ZA,WL,2616343397.85462
2017,ZA,WM,10543493105.6643
2017,ZA,ZA,319026196132.586
2018,AT,AT,45870537486.8403
2018,AT,AU,154285979.494752
2018,AT,BE,334553646.754987
2018,AT,BG,111788512.230643
2018,AT,BR,190580097.661403
2018,AT,CA,219177422.318557
2018,AT,CH,1143413720.39631
2018,AT,CN,1273455313.22548
2018,AT,CY,25467811.4076177
2018,AT,CZ,539906697.617658
2018,AT,DE,7575069113.10982
2018,AT,DK,137707665.666106
2018,AT,EE,22376768.3547473
2018,AT,ES,462487011.552655
2018,AT,FI,120572929.494624
2018,AT,FR,1176485353.34475
2018,AT,GB,898180130.459149
2018,AT,GR,147511670.564576
2018,AT,HR,229296847.59105
2018,AT,HU,1110619839.2268
2018,AT,ID,56346607.697015
2018,AT,IE,146185306.570639
2018,AT,IN,264722980.710068
2018,AT,IT,2300071099.38049
2018,AT,JP,388534522.28764
2018,AT,KR,219586400.524584
2018,AT,LT,47270801.3351201
2018,AT,LU,45603471.1762484
2018,AT,LV,22869773.2033058
2018,AT,MT,31948464.2551578
2018,AT,MX,163711924.960628
2018,AT,NL,513051836.769769
2018,AT,NO,144524376.200636
2018,AT,PL,584708835.64408
2018,AT,PT,75948112.096319
2018,AT,RO,403406942.37675
2018,AT,RU,482786878.422865
2018,AT,SE,301456330.348285
2018,AT,SI,533838868.955493
2018,AT,SK,442000597.854502
2018,AT,TR,401343792.460737
2018,AT,TW,135801919.977048
2018,AT,US,1718986456.52459
2018,AT,WA,882073425.834106
2018,AT,WE,697635710.491569
2018,AT,WF,388739863.502393
2018,AT,WL,331249534.793137
2018,AT,WM,1321083101.58123
2018,AT,ZA,83333220.7120889
2018,AU,AT,316664823.726922
2018,AU,AU,384973084528.743
2018,AU,BE,631549020.776561
2018,AU,BG,69082275.5856411
2018,AU,BR,1500852182.89943
2018,AU,CA,1601173738.59107
2018,AU,CH,519864868.415315
2018,AU,CN,73772695231.236
2018,AU,CY,31101648.0351418
2018,AU,CZ,206670585.22251
2018,AU,DE,3073593808.68213
2018,AU,DK,227330051.392293
2018,AU,EE,25183511.5304553
2018,AU,ES,813039840.729629
2018,AU,FI,183424410.278047
2018,AU,FR,1986406539.44496
2018,AU,GB,3399475792.94096
2018,AU,GR,140993886.072563
2018,AU,HR,38020568.5020423
2018,AU,HU,109069503.090011
2018,AU,ID,16751710227.6116
2018,AU,IE,294574807.900904
2018,AU,IN,15008392044.5201
2018,AU,IT,1359185744.7095
2018,AU,JP,27553700663.7023
2018,AU,KR,13301079099.5462
2018,AU,LT,35616088.5657177
2018,AU,LU,98150667.4527514
2018,AU,LV,22947231.6555351
2018,AU,MT,27888841.3929373
2018,AU,MX,1013405195.11343
2018,AU,NL,2070360520.14895
2018,AU,NO,273658681.826999
2018,AU,PL,554862397.993579
2018,AU,PT,118790592.570318
2018,AU,RO,128914912.429517
2018,AU,RU,1499161172.2504
2018,AU,SE,438066700.719572
2018,AU,SI,63363093.5942861
2018,AU,SK,81810700.6518662
2018,AU,TR,1176848781.48145
2018,AU,TW,449719353.152001
2018,AU,US,18893810492.05
2018,AU,WA,40704932276.4871
2018,AU,WE,525126528.452376
2018,AU,WF,3029794665.87612
2018,AU,WL,2344404023.45221
2018,AU,WM,13574328064.4669
2018,AU,ZA,663422719.374788
2018,BE,AT,473027516.228911
2018,BE,AU,296472961.166037
2018,BE,BE,60116839630.6908
2018,BE,BG,98047767.1375928
2018,BE,BR,497345427.975717
2018,BE,CA,497815066.387155
2018,BE,CH,1440523610.64459
2018,BE,CN,2500916616.74787
2018,BE,CY,35253746.6436011
2018,BE,CZ,374880067.63022
2018,BE,DE,6765187499.81654
2018,BE,DK,327908389.739872
2018,BE,EE,47895309.255307
2018,BE,ES,1258980763.76508
2018,BE,FI,363386162.904237
2018,BE,FR,7649533273.09918
2018,BE,GB,3361596168.7091
2018,BE,GR,298633080.524721
2018,BE,HR,68648706.7781794
2018,BE,HU,225532764.823247
2018,BE,ID,153440543.475137
2018,BE,IE,683441820.583332
2018,BE,IN,1027168959.55049
2018,BE,IT,1927785567.5519
2018,BE,JP,760340858.57584
2018,BE,KR,385645980.729496
2018,BE,LT,90389928.6844443
2018,BE,LU,403955313.290063
2018,BE,LV,41408479.9245781
2018,BE,MT,18121316.5251752
2018,BE,MX,304784339.197229
2018,BE,NL,3891254087.71116
2018,BE,NO,398987978.141015
2018,BE,PL,849282539.185409
2018,BE,PT,278228450.899847
2018,BE,RO,277526483.732065
2018,BE,RU,570531167.85819
2018,BE,SE,727384650.400956
2018,BE,SI,63399262.7649883
2018,BE,SK,153309710.882408
2018,BE,TR,723657331.009557
2018,BE,TW,290173462.036723
2018,BE,US,4469981015.82921
2018,BE,WA,2224199261.12456
2018,BE,WE,559420388.864839
2018,BE,WF,1544124065.23686
2018,BE,WL,1112964334.03456
2018,BE,WM,2227307132.27135
2018,BE,ZA,330414737.00439
2018,BG,AT,471008007.460071
2018,BG,AU,82579439.1600172
2018,BG,BE,438204221.318307
2018,BG,BG,21750566018.6153
2018,BG,BR,95351304.2226326
2018,BG,CA,123479345.555246
2018,BG,CH,230243209.377646
2018,BG,CN,1267177878.25954
2018,BG,CY,135909606.661526
2018,BG,CZ,1098443404.57962
2018,BG,DE,2632594654.24748
2018,BG,DK,420256296.392188
2018,BG,EE,17464585.5922716
2018,BG,ES,698318767.342545
2018,BG,FI,82580538.7597037
2018,BG,FR,1020670740.39632
2018,BG,GB,1011595704.21425
2018,BG,GR,2405144338.04459
2018,BG,HR,128632873.561259
2018,BG,HU,337846516.814343
2018,BG,ID,50638568.4860451
2018,BG,IE,137652340.17272
2018,BG,IN,194652509.295374
2018,BG,IT,2545986521.36206
2018,BG,JP,183530627.827084
2018,BG,KR,210926343.460196
2018,BG,LT,59438725.0603975
2018,BG,LU,71639515.0359667
2018,BG,LV,22334141.0552275
2018,BG,MT,6891702.23708328
2018,BG,MX,100024721.361517
2018,BG,NL,426682149.171673
2018,BG,NO,126411683.570473
2018,BG,PL,471765261.809927
2018,BG,PT,95940910.3089546
2018,BG,RO,1811907177.18863
2018,BG,RU,717005508.98126
2018,BG,SE,246094790.447432
2018,BG,SI,567517547.627192
2018,BG,SK,150849422.832212
2018,BG,TR,1986236854.90631
2018,BG,TW,33957313.5565231
2018,BG,US,1016574672.49946
2018,BG,WA,956456114.433905
2018,BG,WE,3587793630.95621
2018,BG,WF,934427915.534359
2018,BG,WL,233276797.339472
2018,BG,WM,1509536875.14904
2018,BG,ZA,96558436.3278031
2018,BR,AT,509662327.955828
2018,BR,AU,727917187.851481
2018,BR,BE,1386931503.08681
2018,BR,BG,116133531.151079
2018,BR,BR,828407783872.023
2018,BR,CA,2305837308.32046
2018,BR,CH,575933419.123159
2018,BR,CN,80546150640.5103
2018,BR,CY,146762484.946367
2018,BR,CZ,219010714.232335
2018,BR,DE,5414705415.99118
2018,BR,DK,314062752.770577
2018,BR,EE,39185050.8365801
2018,BR,ES,3240987060.3165
2018,BR,FI,242612313.183326
2018,BR,FR,2862297721.34143
2018,BR,GB,2895072162.17787
2018,BR,GR,250913303.830437
2018,BR,HR,54493455.5318692
2018,BR,HU,118061564.419753
2018,BR,ID,1011203264.69266
2018,BR,IE,413944576.339139
2018,BR,IN,3000076445.7413
2018,BR,IT,2971147885.40133
2018,BR,JP,3616216010.72199
2018,BR,KR,2580665328.18572
2018,BR,LT,48226640.7627158
2018,BR,LU,198913358.614171
2018,BR,LV,34200015.7006763
2018,BR,MT,74519944.7347509
2018,BR,MX,2944379454.32596
2018,BR,NL,3044052978.64545
2018,BR,NO,506200023.730039
2018,BR,PL,545510404.687709
2018,BR,PT,932081793.69869
2018,BR,RO,184089153.119073
2018,BR,RU,2128596409.33349
2018,BR,SE,640236086.473004
2018,BR,SI,81742567.8295946
2018,BR,SK,114389048.054029
2018,BR,TR,7761740968.91846
2018,BR,TW,240581961.420604
2018,BR,US,23621437888.1841
2018,BR,WA,35700971975.3319
2018,BR,WE,1125672003.48968
2018,BR,WF,6170895633.97002
2018,BR,WL,37463827566.8027
2018,BR,WM,46887472753.9552
2018,BR,ZA,901549007.521816
2018,CA,AT,355537221.564683
2018,CA,AU,1236025654.52257
2018,CA,BE,1257863218.89017
2018,CA,BG,62881409.1466763
2018,CA,BR,4726403501.83313
2018,CA,CA,399353430158.635
2018,CA,CH,685080831.546577
2018,CA,CN,33036004589.3477
2018,CA,CY,28746218.9880613
2018,CA,CZ,175479370.774333
2018,CA,DE,4470159073.30457
2018,CA,DK,330996302.317251
2018,CA,EE,34576737.1476212
2018,CA,ES,1655292477.74542
2018,CA,FI,261461414.460194
2018,CA,FR,3673161239.46194
2018,CA,GB,4846216250.20946
2018,CA,GR,185994230.22289
2018,CA,HR,151961052.827336
2018,CA,HU,117864944.454235
2018,CA,ID,1869342234.12587
2018,CA,IE,1286046841.49892
2018,CA,IN,3627983291.64565
2018,CA,IT,1927155676.62237
2018,CA,JP,10884182096.3133
2018,CA,KR,4526167444.01273
2018,CA,LT,56881540.6621789
2018,CA,LU,122265525.02384
2018,CA,LV,46348405.1171869
2018,CA,MT,29338855.0515179
2018,CA,MX,16983703626.4782
2018,CA,NL,2003202945.89379
2018,CA,NO,585406005.659532
2018,CA,PL,461080884.446228
2018,CA,PT,308560208.434606
2018,CA,RO,277385048.404511
2018,CA,RU,866807277.629077
2018,CA,SE,609081482.606888
2018,CA,SI,69678654.1458783
2018,CA,SK,78278943.7493932
2018,CA,TR,1113160656.49169
2018,CA,TW,504617039.830793
2018,CA,US,204706123684.915
2018,CA,WA,13642519640.3031
2018,CA,WE,871778531.967139
2018,CA,WF,4239228265.90708
2018,CA,WL,17316683680.251
2018,CA,WM,6505417908.83898
2018,CA,ZA,395452024.81758
2018,CH,AT,838712398.807713
2018,CH,AU,296087615.83671
2018,CH,BE,1743012281.5061
2018,CH,BG,51483679.4451791
2018,CH,BR,370708076.132258
2018,CH,CA,602308119.099196
2018,CH,CH,39229742553.6908
2018,CH,CN,1876132866.22891
2018,CH,CY,35583427.0888743
2018,CH,CZ,166496501.009945
2018,CH,DE,5032156776.20873
2018,CH,DK,728292672.019704
2018,CH,EE,26421225.3268116
2018,CH,ES,819612617.52186
2018,CH,FI,291835242.333346
2018,CH,FR,3963114201.89003
2018,CH,GB,1702165290.64541
2018,CH,GR,201130764.927832
2018,CH,HR,60873630.3256987
2018,CH,HU,132247047.279212
2018,CH,ID,104373207.163082
2018,CH,IE,460144451.33764
2018,CH,IN,465046877.292296
2018,CH,IT,4215282924.42744
2018,CH,JP,1468016233.10735
2018,CH,KR,320714304.828111
2018,CH,LT,32068726.1427838
2018,CH,LU,247620303.585021
2018,CH,LV,25844619.7932471
2018,CH,MT,10488487.7667801
2018,CH,MX,445560427.539861
2018,CH,NL,1334376771.02209
2018,CH,NO,266057223.110378
2018,CH,PL,322686075.35554
2018,CH,PT,252824263.860385
2018,CH,RO,231228364.826668
2018,CH,RU,896552800.585446
2018,CH,SE,409840451.561101
2018,CH,SI,52247487.2442577
2018,CH,SK,77686169.3221888
2018,CH,TR,244516851.525442
2018,CH,TW,302011729.400227
2018,CH,US,7511560092.45317
2018,CH,WA,1747015556.91481
2018,CH,WE,535557805.768255
2018,CH,WF,568050887.225146
2018,CH,WL,853555387.076898
2018,CH,WM,1206018480.55704
2018,CH,ZA,155095391.888562
2018,CN,AT,6167997805.12107
2018,CN,AU,49251229129.1653
2018,CN,BE,13295350222.5047
2018,CN,BG,1521690256.51054
2018,CN,BR,42113916949.1026
2018,CN,CA,43463515032.7144
2018,CN,CH,10781469245.2462
2018,CN,CN,9854683237032.15
2018,CN,CY,633354922.390147
2018,CN,CZ,6368521939.98631
2018,CN,DE,82229143328.3909
2018,CN,DK,5580929618.67074
2018,CN,EE,716765920.922883
2018,CN,ES,22369609194.1668
2018,CN,FI,3757519718.17036
2018,CN,FR,45144647551.0417
2018,CN,GB,54034825351.6095
2018,CN,GR,5276487189.35936
2018,CN,HR,1088496787.5357
2018,CN,HU,3504088161.02517
2018,CN,ID,54995964479.2422
2018,CN,IE,6877243097.09624
2018,CN,IN,107064151731.866
2018,CN,IT,27445048726.1553
2018,CN,JP,136267948917.317
2018,CN,KR,103187312394.181
2018,CN,LT,1197489918.42031
2018,CN,LU,1354152230.01952
2018,CN,LV,676025104.733735
2018,CN,MT,1410313669.0614
2018,CN,MX,45787780649.214
2018,CN,NL,28709280629.5491
2018,CN,NO,7131587602.00468
2018,CN,PL,15965375534.1788
2018,CN,PT,3179730798.23616
2018,CN,RO,4456158829.44878
2018,CN,RU,40340487355.0733
2018,CN,SE,8595179970.02055
2018,CN,SI,1780987115.94453
2018,CN,SK,2280610957.89084
2018,CN,TR,25664598514.9134
2018,CN,TW,5743353744.32875
2018,CN,US,490739014905.398
2018,CN,WA,741456019202.024
2018,CN,WE,17508352807.5593
2018,CN,WF,119780583594.568
2018,CN,WL,142052310099.581
2018,CN,WM,221210056760.752
2018,CN,ZA,14088649970.5437
2018,CY,AT,68950169.4061265
2018,CY,AU,32227117.5189961
2018,CY,BE,63949833.4789837
2018,CY,BG,48987995.6194459
2018,CY,BR,34243955.1235163
2018,CY,CA,30623518.4090506
2018,CY,CH,59224437.8668105
2018,CY,CN,177626024.293717
2018,CY,CY,7892717927.50965
2018,CY,CZ,27838850.750732
2018,CY,DE,529058139.875879
2018,CY,DK,29132982.8404832
2018,CY,EE,26910252.0185178
2018,CY,ES,46151591.4709933
2018,CY,FI,35875769.3129585
2018,CY,FR,141167068.766299
2018,CY,GB,643050280.901323
2018,CY,GR,217745064.217407
2018,CY,HR,4908462.12843959
2018,CY,HU,26916239.8243167
2018,CY,ID,9258790.85327488
2018,CY,IE,23826175.7289947
2018,CY,IN,55473721.3635865
2018,CY,IT,144550058.324901
2018,CY,JP,69675547.7121952
2018,CY,KR,38873508.7593144
2018,CY,LT,18085626.1945964
2018,CY,LU,4739717.01077075
2018,CY,LV,29084055.3884281
2018,CY,MT,6297606.65558015
2018,CY,MX,27145442.7463764
2018,CY,NL,74587688.3158459
2018,CY,NO,49391420.8701676
2018,CY,PL,64210141.0950413
2018,CY,PT,10425078.1916228
2018,CY,RO,43929387.5614218
2018,CY,RU,730685013.358141
2018,CY,SE,77260780.3641398
2018,CY,SI,8556994.38611696
2018,CY,SK,25200118.8484392
2018,CY,TR,53896533.7283563
2018,CY,TW,46587757.0434596
2018,CY,US,265150847.676885
2018,CY,WA,162823756.098206
2018,CY,WE,68707892.7753346
2018,CY,WF,70026451.0865565
2018,CY,WL,107133593.798959
2018,CY,WM,663280737.61571
2018,CY,ZA,14056845.125747
2018,CZ,AT,2227441111.24281
2018,CZ,AU,148651824.76377
2018,CZ,BE,655360691.246473
2018,CZ,BG,302891672.187217
2018,CZ,BR,163425953.196955
2018,CZ,CA,255607686.31619
2018,CZ,CH,693348130.283907
2018,CZ,CN,1878636430.62531
2018,CZ,CY,16827941.1707634
2018,CZ,CZ,77768840869.1971
2018,CZ,DE,10066415583.982
2018,CZ,DK,250305900.457595
2018,CZ,EE,50790995.5271806
2018,CZ,ES,739681824.81796
2018,CZ,FI,198643137.564884
2018,CZ,FR,1862587822.21013
2018,CZ,GB,1768698760.94771
2018,CZ,GR,207311726.738756
2018,CZ,HR,154997727.482362
2018,CZ,HU,867445641.664103
2018,CZ,ID,67595183.2698783
2018,CZ,IE,245653341.68501
2018,CZ,IN,295155585.925684
2018,CZ,IT,2191591999.73088
2018,CZ,JP,545479966.426369
2018,CZ,KR,221800836.516181
2018,CZ,LT,100066126.963408
2018,CZ,LU,52994935.1117517
2018,CZ,LV,46423593.1035724
2018,CZ,MT,7054826.07692472
2018,CZ,MX,213845765.772863
2018,CZ,NL,701005345.376571
2018,CZ,NO,278485794.804122
2018,CZ,PL,2000083680.498
2018,CZ,PT,122654975.321091
2018,CZ,RO,582367348.71892
2018,CZ,RU,1066910058.90499
2018,CZ,SE,557166447.373856
2018,CZ,SI,159655772.695715
2018,CZ,SK,4972010037.42211
2018,CZ,TR,540604198.285028
2018,CZ,TW,119184524.343437
2018,CZ,US,1987788851.60967
2018,CZ,WA,1183838325.35542
2018,CZ,WE,1525474668.97852
2018,CZ,WF,510910137.455139
2018,CZ,WL,394854021.140135
2018,CZ,WM,1621533304.32119
2018,CZ,ZA,127875111.531378
2018,DE,AT,12736288011.2087
2018,DE,AU,2552851042.29759
2018,DE,BE,8813627916.88671
2018,DE,BG,744881813.533416
2018,DE,BR,4315320940.19664
2018,DE,CA,3733316464.7019
2018,DE,CH,11464577916.1791
2018,DE,CN,30014367192.8659
2018,DE,CY,214146581.895725
2018,DE,CZ,5388014128.24146
2018,DE,DE,572193744522.539
2018,DE,DK,3895191074.90926
2018,DE,EE,337804719.379154
2018,DE,ES,8820264462.25972
2018,DE,FI,2678282910.55056
2018,DE,FR,21321658486.9282
2018,DE,GB,16737508377.9967
2018,DE,GR,1750526950.65367
2018,DE,HR,688406824.139068
2018,DE,HU,2582524310.95047
2018,DE,ID,1043549700.6391
2018,DE,IE,3125049874.56227
2018,DE,IN,6793013671.88213
2018,DE,IT,15838544556.0012
2018,DE,JP,5984897663.91186
2018,DE,KR,4681174365.4586
2018,DE,LT,708695297.336579
2018,DE,LU,1214071120.98134
2018,DE,LV,306627388.679209
2018,DE,MT,84873616.7038674
2018,DE,MX,3799271557.085
2018,DE,NL,11865502819.0393
2018,DE,NO,2773684205.70154
2018,DE,PL,9946066552.0252
2018,DE,PT,1618679994.09501
2018,DE,RO,2675281876.14608
2018,DE,RU,5583828392.7257
2018,DE,SE,5387227384.2387
2018,DE,SI,737304072.789408
2018,DE,SK,1843942420.84721
2018,DE,TR,4751855575.12592
2018,DE,TW,5136379212.46302
2018,DE,US,29036385794.966
2018,DE,WA,16110181672.6025
2018,DE,WE,4082508975.33275
2018,DE,WF,5878063287.79733
2018,DE,WL,6817886746.93691
2018,DE,WM,14550318995.4354
2018,DE,ZA,1819914619.08812
2018,DK,AT,379312240.172224
2018,DK,AU,662195016.008572
2018,DK,BE,647745136.779482
2018,DK,BG,78288256.1877416
2018,DK,BR,865003762.201513
2018,DK,CA,668729306.144121
2018,DK,CH,895028969.429084
2018,DK,CN,5178853322.75032
2018,DK,CY,44931247.2993488
2018,DK,CZ,199895928.747992
2018,DK,DE,5833228365.28061
2018,DK,DK,29810137281.1014
2018,DK,EE,94726920.5104698
2018,DK,ES,965137414.717679
2018,DK,FI,1051365591.65386
2018,DK,FR,1787149154.31725
2018,DK,GB,3097540832.05123
2018,DK,GR,259310917.689148
2018,DK,HR,59751105.4867464
2018,DK,HU,335770146.773854
2018,DK,ID,231753690.74979
2018,DK,IE,438061073.590955
2018,DK,IN,1380850674.76643
2018,DK,IT,1327725924.61207
2018,DK,JP,1514708386.89584
2018,DK,KR,831176564.847178
2018,DK,LT,171938358.693294
2018,DK,LU,56498053.8716813
2018,DK,LV,107108708.49396
2018,DK,MT,18126646.7356439
2018,DK,MX,539941809.077487
2018,DK,NL,989362817.858184
2018,DK,NO,3248446511.12994
2018,DK,PL,995858590.392244
2018,DK,PT,156614153.313847
2018,DK,RO,182055556.006415
2018,DK,RU,1005366979.34976
2018,DK,SE,3784790252.36884
2018,DK,SI,54086372.319664
2018,DK,SK,114209535.276076
2018,DK,TR,591345604.675488
2018,DK,TW,2158356514.67286
2018,DK,US,6453931173.88916
2018,DK,WA,3070874045.58671
2018,DK,WE,639866266.106392
2018,DK,WF,875655284.876085
2018,DK,WL,1397511850.40221
2018,DK,WM,2288972304.95637
2018,DK,ZA,237493997.421133
2018,EE,AT,51074568.1568828
2018,EE,AU,77827726.0635046
2018,EE,BE,95862386.1252639
2018,EE,BG,12435053.1195839
2018,EE,BR,35592167.7027451
2018,EE,CA,79995922.0225801
2018,EE,CH,99293939.4134954
2018,EE,CN,371759697.082175
2018,EE,CY,23656849.9668288
2018,EE,CZ,27386204.9683584
2018,EE,DE,500494610.235428
2018,EE,DK,162690997.733151
2018,EE,EE,7062276635.24456
2018,EE,ES,130842518.795671
2018,EE,FI,1472676136.32995
2018,EE,FR,209529659.727928
2018,EE,GB,366135862.688587
2018,EE,GR,24833956.076449
2018,EE,HR,5927217.14284399
2018,EE,HU,20747067.4398949
2018,EE,ID,22784570.7468938
2018,EE,IE,36916783.0569502
2018,EE,IN,132189236.267978
2018,EE,IT,114369397.890166
2018,EE,JP,109308275.485918
2018,EE,KR,75503149.8906287
2018,EE,LT,297329608.824288
2018,EE,LU,8673612.04461701
2018,EE,LV,2162036264.95371
2018,EE,MT,2950125.57216809
2018,EE,MX,34923835.248691
2018,EE,NL,168727117.210119
2018,EE,NO,265193424.147098
2018,EE,PL,137562740.969472
2018,EE,PT,21089478.2261507
2018,EE,RO,23776170.7521273
2018,EE,RU,463555792.291351
2018,EE,SE,458278462.19785
2018,EE,SI,5551857.29261976
2018,EE,SK,21136327.4361756
2018,EE,TR,71861719.8561049
2018,EE,TW,44500604.7470971
2018,EE,US,656052906.138394
2018,EE,WA,324410669.1949
2018,EE,WE,149274315.561984
2018,EE,WF,337491641.962296
2018,EE,WL,234761982.268338
2018,EE,WM,359727901.187831
2018,EE,ZA,20723934.491548
2018,ES,AT,621005339.214212
2018,ES,AU,457374218.089354
2018,ES,BE,1505647528.79661
2018,ES,BG,191979856.552804
2018,ES,BR,1438342818.40118
2018,ES,CA,824698981.682511
2018,ES,CH,956948513.205226
2018,ES,CN,4574538785.1261
2018,ES,CY,88298955.0568242
2018,ES,CZ,373909234.762086
2018,ES,DE,7348257290.05083
2018,ES,DK,501540506.310827
2018,ES,EE,65282230.2993833
2018,ES,ES,238877708525.959
2018,ES,FI,359281925.166084
2018,ES,FR,11561592749.4704
2018,ES,GB,9236342359.61866
2018,ES,GR,842802942.185741
2018,ES,HR,107226394.56005
2018,ES,HU,344829397.73041
2018,ES,ID,213230986.266418
2018,ES,IE,819076128.787236
2018,ES,IN,818276572.790754
2018,ES,IT,4449292150.21751
2018,ES,JP,1126891294.03188
2018,ES,KR,913654742.695459
2018,ES,LT,112178739.91118
2018,ES,LU,148831937.27764
2018,ES,LV,56447011.9495205
2018,ES,MT,140034195.853828
2018,ES,MX,1134532698.6815
2018,ES,NL,1811173421.95805
2018,ES,NO,610464192.535509
2018,ES,PL,1045327094.3484
2018,ES,PT,5068739930.65617
2018,ES,RO,544242671.705582
2018,ES,RU,1161687030.55523
2018,ES,SE,964640096.816447
2018,ES,SI,109987487.477694
2018,ES,SK,197710294.107492
2018,ES,TR,1476473519.3606
2018,ES,TW,178342477.757036
2018,ES,US,7762770134.71862
2018,ES,WA,3094321992.39259
2018,ES,WE,2244371897.53678
2018,ES,WF,8806819251.05942
2018,ES,WL,3815568148.92699
2018,ES,WM,5730387078.8356
2018,ES,ZA,287090691.304803
2018,FI,AT,159927011.971945
2018,FI,AU,212465935.74391
2018,FI,BE,428881641.178449
2018,FI,BG,26937931.8656022
2018,FI,BR,144993910.047798
2018,FI,CA,230822336.358793
2018,FI,CH,200789717.787357
2018,FI,CN,2128329221.3905
2018,FI,CY,26959156.2637438
2018,FI,CZ,86058532.1092962
2018,FI,DE,2087932702.88216
2018,FI,DK,255018523.446664
2018,FI,EE,424972204.524966
2018,FI,ES,325755985.480473
2018,FI,FI,39464498302.5361
2018,FI,FR,829675073.817113
2018,FI,GB,1100484525.49073
2018,FI,GR,59501658.3870766
2018,FI,HR,15046993.072824
2018,FI,HU,66030900.7737847
2018,FI,ID,72916515.798515
2018,FI,IE,104960413.662461
2018,FI,IN,486257037.09687
2018,FI,IT,389237997.338639
2018,FI,JP,488968403.130827
2018,FI,KR,211859908.438435
2018,FI,LT,192521934.526974
2018,FI,LU,42225360.544716
2018,FI,LV,168796317.463445
2018,FI,MT,5918856.16214823
2018,FI,MX,142300989.347646
2018,FI,NL,624230418.746717
2018,FI,NO,517196459.253484
2018,FI,PL,359113992.378453
2018,FI,PT,54508829.3696316
2018,FI,RO,62833928.5262261
2018,FI,RU,1110530910.85817
2018,FI,SE,2242045010.11453
2018,FI,SI,18421262.5663631
2018,FI,SK,43650772.8731468
2018,FI,TR,261370538.266689
2018,FI,TW,330239043.731172
2018,FI,US,1794079649.55044
2018,FI,WA,1049018165.84883
2018,FI,WE,203749299.273489
2018,FI,WF,602154467.927747
2018,FI,WL,418136934.492792
2018,FI,WM,975193566.367504
2018,FI,ZA,113968825.144672
2018,FR,AT,1084978067.07128
2018,FR,AU,917258359.316119
2018,FR,BE,6596519420.50936
2018,FR,BG,229014309.213086
2018,FR,BR,2065573232.08694
2018,FR,CA,1964902951.13286
2018,FR,CH,3186378331.4982
2018,FR,CN,12840031075.4223
2018,FR,CY,83003772.3906764
2018,FR,CZ,630962205.018692
2018,FR,DE,14862294794.0354
2018,FR,DK,667850214.00523
2018,FR,EE,79563417.1840951
2018,FR,ES,8685884390.64617
2018,FR,FI,638341278.761844
2018,FR,FR,296463982862.765
2018,FR,GB,9868589758.34179
2018,FR,GR,1140496704.48137
2018,FR,HR,144925632.344956
2018,FR,HU,508591556.373067
2018,FR,ID,713596982.273337
2018,FR,IE,1393220085.48546
2018,FR,IN,1932294196.47417
2018,FR,IT,12058187974.611
2018,FR,JP,2508285551.03377
2018,FR,KR,1759386167.34212
2018,FR,LT,143411313.604667
2018,FR,LU,939208930.866209
2018,FR,LV,74979455.1973281
2018,FR,MT,52832749.1201787
2018,FR,MX,1157601586.35316
2018,FR,NL,3606027252.48111
2018,FR,NO,767159602.06365
2018,FR,PL,1657791846.504
2018,FR,PT,1210171149.15672
2018,FR,RO,860098440.100559
2018,FR,RU,1520655835.91854
2018,FR,SE,1306267368.6924
2018,FR,SI,179276891.001114
2018,FR,SK,401670416.216649
2018,FR,TR,1967562015.23749
2018,FR,TW,5153866819.0706
2018,FR,US,13234212288.1491
2018,FR,WA,7938705757.68415
2018,FR,WE,1228543736.27702
2018,FR,WF,10101761009.0711
2018,FR,WL,2686057967.57957
2018,FR,WM,7033104796.43812
2018,FR,ZA,577843653.286923
2018,GB,AT,759023805.628931
2018,GB,AU,4467886990.68651
2018,GB,BE,3720984597.90655
2018,GB,BG,208052992.215925
2018,GB,BR,1232492775.18416
2018,GB,CA,2481659961.88786
2018,GB,CH,1895223360.27591
2018,GB,CN,15480025252.0358
2018,GB,CY,256873536.648353
2018,GB,CZ,490369575.358385
2018,GB,DE,10200575891.6477
2018,GB,DK,1052190842.61253
2018,GB,EE,96962236.857743
2018,GB,ES,5778313530.55434
2018,GB,FI,804360878.901403
2018,GB,FR,8377329773.90773
2018,GB,GB,341606338723.573
2018,GB,GR,766476037.676497
2018,GB,HR,100762199.095343
2018,GB,HU,409114940.398703
2018,GB,ID,675623854.859518
2018,GB,IE,9089695462.68698
2018,GB,IN,3141982262.23502
2018,GB,IT,3811202050.83068
2018,GB,JP,4005429189.58617
2018,GB,KR,2528055326.30904
2018,GB,LT,152667472.657702
2018,GB,LU,419586559.70795
2018,GB,LV,122098438.883084
2018,GB,MT,86678937.5040138
2018,GB,MX,1075227506.09
2018,GB,NL,5045374152.31983
2018,GB,NO,1428731250.29817
2018,GB,PL,1386318250.23007
2018,GB,PT,781501862.509766
2018,GB,RO,428230938.769519
2018,GB,RU,1440163525.54339
2018,GB,SE,2050216716.77293
2018,GB,SI,110350502.921537
2018,GB,SK,283261397.109014
2018,GB,TR,1617793402.95293
2018,GB,TW,3503326045.544
2018,GB,US,20077491702.2071
2018,GB,WA,9387323491.0806
2018,GB,WE,1132142222.13555
2018,GB,WF,3923621413.21579
2018,GB,WL,2990683753.07061
2018,GB,WM,8948051005.42489
2018,GB,ZA,1004041001.24712
2018,GR,AT,371267307.564473
2018,GR,AU,263044608.943234
2018,GR,BE,397786601.792338
2018,GR,BG,652666396.198264
2018,GR,BR,408758812.014423
2018,GR,CA,460395221.248652
2018,GR,CH,759463210.602996
2018,GR,CN,2029143515.92643
2018,GR,CY,608138931.460869
2018,GR,CZ,150481959.302413
2018,GR,DE,3008587319.85434
2018,GR,DK,165151136.609315
2018,GR,EE,25730279.2757343
2018,GR,ES,649752708.734484
2018,GR,FI,127479535.567269
2018,GR,FR,1582788196.90541
2018,GR,GB,2446617685.9667
2018,GR,GR,118064564499.929
2018,GR,HR,71953840.8267866
2018,GR,HU,120370929.738151
2018,GR,ID,110632364.141953
2018,GR,IE,155263913.12217
2018,GR,IN,516930653.985321
2018,GR,IT,2803337609.68285
2018,GR,JP,562299228.289614
2018,GR,KR,642419138.815874
2018,GR,LT,50813246.9846048
2018,GR,LU,32761629.4154018
2018,GR,LV,28871601.2873135
2018,GR,MT,31545900.0794994
2018,GR,MX,344088979.595666
2018,GR,NL,426787323.792274
2018,GR,NO,191114725.797355
2018,GR,PL,336994412.051158
2018,GR,PT,100003474.68261
2018,GR,RO,548324435.603878
2018,GR,RU,539405462.961157
2018,GR,SE,354243314.475112
2018,GR,SI,337456236.689494
2018,GR,SK,84315474.1315132
2018,GR,TR,736023562.35968
2018,GR,TW,991738274.233168
2018,GR,US,5649955679.14486
2018,GR,WA,2035109752.7023
2018,GR,WE,1784251994.48866
2018,GR,WF,1467870157.53484
2018,GR,WL,668338102.339328
2018,GR,WM,2855729707.96412
2018,GR,ZA,94127480.1221525
2018,HR,AT,298287691.660145
2018,HR,AU,47595274.0635763
2018,HR,BE,108679337.098201
2018,HR,BG,68238275.5874259
2018,HR,BR,19701041.5864404
2018,HR,CA,41943980.2947801
2018,HR,CH,134621989.192052
2018,HR,CN,185590638.319086
2018,HR,CY,7916652.68325992
2018,HR,CZ,67009241.8264574
2018,HR,DE,882218676.338658
2018,HR,DK,23142368.7670211
2018,HR,EE,4143051.22713919
2018,HR,ES,103533313.413639
2018,HR,FI,29712298.7061952
2018,HR,FR,205436628.205283
2018,HR,GB,203959592.357474
2018,HR,GR,49377831.7970095
2018,HR,HR,15423143272.9807
2018,HR,HU,339433569.535917
2018,HR,ID,9221358.13098063
2018,HR,IE,23109577.7097507
2018,HR,IN,44915171.7623713
2018,HR,IT,738040661.964152
2018,HR,JP,63379601.838816
2018,HR,KR,27804563.7515369
2018,HR,LT,11375054.7017193
2018,HR,LU,5954780.39472475
2018,HR,LV,5452886.11071618
2018,HR,MT,13675460.1865504
2018,HR,MX,24538165.821813
2018,HR,NL,65675064.4457341
2018,HR,NO,39802756.4075001
2018,HR,PL,93732779.2760685
2018,HR,PT,17045834.6799934
2018,HR,RO,127097090.52775
2018,HR,RU,150507579.107301
2018,HR,SE,68788861.2582749
2018,HR,SI,392276163.733322
2018,HR,SK,55190968.321698
2018,HR,TR,64257080.7452448
2018,HR,TW,17134898.0790581
2018,HR,US,296401394.143003
2018,HR,WA,311016777.174097
2018,HR,WE,1379332700.23375
2018,HR,WF,113952696.730908
2018,HR,WL,59044334.0838423
2018,HR,WM,282853215.65121
2018,HR,ZA,10716408.0616203
2018,HU,AT,1837493461.78753
2018,HU,AU,115349263.027454
2018,HU,BE,359487539.415522
2018,HU,BG,236197040.849261
2018,HU,BR,143924867.930355
2018,HU,CA,195656814.011455
2018,HU,CH,366155594.3509
2018,HU,CN,1296012435.72581
2018,HU,CY,20802865.2463093
2018,HU,CZ,534341994.299952
2018,HU,DE,4639530994.33507
2018,HU,DK,150337430.249138
2018,HU,EE,31768337.2987973
2018,HU,ES,592517109.797762
2018,HU,FI,122243451.759149
2018,HU,FR,1276339146.42758
2018,HU,GB,1236771412.27402
2018,HU,GR,218015936.556139
2018,HU,HR,968970123.386089
2018,HU,HU,34735347018.0794
2018,HU,ID,40397623.1047474
2018,HU,IE,124099520.601022
2018,HU,IN,165317523.510173
2018,HU,IT,1826432710.95885
2018,HU,JP,367802632.012891
2018,HU,KR,191919868.867136
2018,HU,LT,75083251.714028
2018,HU,LU,31708590.6959513
2018,HU,LV,34567893.8214782
2018,HU,MT,12400162.5948642
2018,HU,MX,167907103.291098
2018,HU,NL,483980031.443642
2018,HU,NO,142270925.282807
2018,HU,PL,958008692.60628
2018,HU,PT,91646401.9910328
2018,HU,RO,1845463466.06022
2018,HU,RU,687407822.553808
2018,HU,SE,374270221.607699
2018,HU,SI,231404355.718545
2018,HU,SK,872459763.503164
2018,HU,TR,604595736.55484
2018,HU,TW,105813211.531562
2018,HU,US,1557832307.77977
2018,HU,WA,856623652.003488
2018,HU,WE,2629180770.90784
2018,HU,WF,340812784.409862
2018,HU,WL,288804199.696639
2018,HU,WM,1223579297.03394
2018,HU,ZA,68238656.9304485
2018,ID,AT,301614353.678707
2018,ID,AU,3320643213.79715
2018,ID,BE,826666525.986215
2018,ID,BG,70461856.8193971
2018,ID,BR,1274537420.791
2018,ID,CA,1575617690.97915
2018,ID,CH,642640184.735148
2018,ID,CN,46314681948.7985
2018,ID,CY,35028122.0589266
2018,ID,CZ,254531157.218753
2018,ID,DE,3224555873.40067
2018,ID,DK,254471197.390667
2018,ID,EE,46872141.3517716
2018,ID,ES,1308130392.86793
2018,ID,FI,165321984.139759
2018,ID,FR,2170862287.67075
2018,ID,GB,2270562287.67202
2018,ID,GR,229887892.859217
2018,ID,HR,56754741.0183366
2018,ID,HU,132779454.284337
2018,ID,ID,730897845460.192
2018,ID,IE,267080743.131158
2018,ID,IN,21917307956.5726
2018,ID,IT,1573411691.15458
2018,ID,JP,15400627891.5019
2018,ID,KR,7771239482.31772
2018,ID,LT,46792933.854625
2018,ID,LU,107145621.16747
2018,ID,LV,67282475.1367168
2018,ID,MT,32834630.6226957
2018,ID,MX,1423897249.61616
2018,ID,NL,1272277765.98995
2018,ID,NO,282285999.092297
2018,ID,PL,560052659.425248
2018,ID,PT,167003454.275676
2018,ID,RO,235341844.648113
2018,ID,RU,1485456249.45901
2018,ID,SE,324760453.259968
2018,ID,SI,98863795.7526945
2018,ID,SK,123667306.595064
2018,ID,TR,1427208029.77357
2018,ID,TW,512522894.996297
2018,ID,US,18772358933.3854
2018,ID,WA,68785685518.134
2018,ID,WE,611233180.920942
2018,ID,WF,4602178111.35117
2018,ID,WL,3224953163.90099
2018,ID,WM,10247695142.4885
2018,ID,ZA,564504524.932998
2018,IE,AT,182398066.54269
2018,IE,AU,377868187.335697
2018,IE,BE,1852121336.40962
2018,IE,BG,58607219.7910486
2018,IE,BR,127522881.030598
2018,IE,CA,469372743.420103
2018,IE,CH,688773024.48171
2018,IE,CN,1577572413.57638
2018,IE,CY,17388845.998168
2018,IE,CZ,139246531.871275
2018,IE,DE,4042161548.56014
2018,IE,DK,182365499.18073
2018,IE,EE,24101697.4689696
2018,IE,ES,2161238764.82098
2018,IE,FI,121621845.518123
2018,IE,FR,2508305834.72859
2018,IE,GB,13433746054.2413
2018,IE,GR,154571353.609738
2018,IE,HR,21155983.529153
2018,IE,HU,148709215.114258
2018,IE,ID,80142538.3236191
2018,IE,IE,30770861901.8594
2018,IE,IN,421487049.497338
2018,IE,IT,2172274181.72683
2018,IE,JP,475978835.525834
2018,IE,KR,193801618.140528
2018,IE,LT,37669461.0352511
2018,IE,LU,322000463.169206
2018,IE,LV,45632117.5900933
2018,IE,MT,10217852.6903446
2018,IE,MX,166278332.159596
2018,IE,NL,973342570.756612
2018,IE,NO,259366864.189693
2018,IE,PL,269667055.918765
2018,IE,PT,264190080.308149
2018,IE,RO,82528214.9157427
2018,IE,RU,438540074.088573
2018,IE,SE,417882980.086632
2018,IE,SI,26990428.8449508
2018,IE,SK,214328156.101812
2018,IE,TR,943841010.382448
2018,IE,TW,221522830.401705
2018,IE,US,2905771163.00181
2018,IE,WA,1285450005.54755
2018,IE,WE,153932778.824308
2018,IE,WF,623058595.619778
2018,IE,WL,574043278.894959
2018,IE,WM,1060636887.03314
2018,IE,ZA,126087273.263046
2018,IN,AT,1695269434.49638
2018,IN,AU,6561645997.78457
2018,IN,BE,5542673556.54744
2018,IN,BG,339125492.838124
2018,IN,BR,5241429130.59437
2018,IN,CA,6072952350.46104
2018,IN,CH,2715351071.35182
2018,IN,CN,39097875118.5182
2018,IN,CY,111037750.227395
2018,IN,CZ,911285077.79663
2018,IN,DE,18441851332.012
2018,IN,DK,1589257892.28511
2018,IN,EE,140281639.638323
2018,IN,ES,5963824979.6688
2018,IN,FI,1007669913.78164
2018,IN,FR,13784392291.2927
2018,IN,GB,17897968783.2112
2018,IN,GR,1007921825.17942
2018,IN,HR,218620103.727741
2018,IN,HU,655094954.725508
2018,IN,ID,7932452350.60523
2018,IN,IE,1358734954.61302
2018,IN,IN,2912671468105.11
2018,IN,IT,9072759371.21533
2018,IN,JP,10437196228.9709
2018,IN,KR,7755256422.93534
2018,IN,LT,206094975.749999
2018,IN,LU,684396292.087315
2018,IN,LV,168139894.300739
2018,IN,MT,97773129.2409771
2018,IN,MX,6153269652.07033
2018,IN,NL,6556941197.31815
2018,IN,NO,1261053617.44201
2018,IN,PL,3190954556.66665
2018,IN,PT,1328187623.06785
2018,IN,RO,1082929015.52472
2018,IN,RU,4510712435.99048
2018,IN,SE,1943382854.68564
2018,IN,SI,312287878.888036
2018,IN,SK,545743797.324839
2018,IN,TR,8755106951.80261
2018,IN,TW,1187161048.20487
2018,IN,US,79097515074.8336
2018,IN,WA,110809641419.671
2018,IN,WE,2565166648.77527
2018,IN,WF,31594819643.8203
2018,IN,WL,14521929681.0358
2018,IN,WM,97152417083.0201
2018,IN,ZA,4058840063.85896
2018,IT,AT,1574561707.97172
2018,IT,AU,717149386.737977
2018,IT,BE,1369041850.7458
2018,IT,BG,435208404.843993
2018,IT,BR,974290916.914819
2018,IT,CA,1194858006.0945
2018,IT,CH,2573554450.57387
2018,IT,CN,5329408636.13822
2018,IT,CY,85901579.1783619
2018,IT,CZ,580432849.686499
2018,IT,DE,9165545290.76519
2018,IT,DK,401727762.117313
2018,IT,EE,64024629.7460066
2018,IT,ES,3072878433.60159
2018,IT,FI,308253192.41156
2018,IT,FR,7385393240.83677
2018,IT,GB,4507743517.41188
2018,IT,GR,828988127.127075
2018,IT,HR,444928880.799361
2018,IT,HU,512443234.118646
2018,IT,ID,280570017.392462
2018,IT,IE,619763782.109358
2018,IT,IN,1359540421.92599
2018,IT,IT,312293314651.443
2018,IT,JP,1687593409.8733
2018,IT,KR,969056635.436797
2018,IT,LT,129236697.598214
2018,IT,LU,134508669.972929
2018,IT,LV,67153005.9259817
2018,IT,MT,205452651.786322
2018,IT,MX,759615598.770785
2018,IT,NL,1393886142.88054
2018,IT,NO,598317887.68182
2018,IT,PL,1469268888.57978
2018,IT,PT,525292581.593298
2018,IT,RO,1103853305.29088
2018,IT,RU,1347802073.58454
2018,IT,SE,890069796.240011
2018,IT,SI,476927085.455143
2018,IT,SK,377180211.517641
2018,IT,TR,1715068667.93071
2018,IT,TW,446013300.895435
2018,IT,US,9065081603.80637
2018,IT,WA,4733557495.39055
2018,IT,WE,2045190460.73229
2018,IT,WF,3911160869.25785
2018,IT,WL,1932622497.72791
2018,IT,WM,6155013046.23614
2018,IT,ZA,442980913.278667
2018,JP,AT,429739122.729637
2018,JP,AU,3986676859.19239
2018,JP,BE,1131975907.8487
2018,JP,BG,59799161.8692954
2018,JP,BR,1615692623.61938
2018,JP,CA,2925112125.02579
2018,JP,CH,934787238.26951
2018,JP,CN,57260406540.1792
2018,JP,CY,61302654.1520472
2018,JP,CZ,291933741.270543
2018,JP,DE,5460082035.66698
2018,JP,DK,420770041.911419
2018,JP,EE,45323113.2543955
2018,JP,ES,951675679.854368
2018,JP,FI,290605104.875591
2018,JP,FR,3456146853.60181
2018,JP,GB,3937769962.82527
2018,JP,GR,272515360.599419
2018,JP,HR,46311984.4192719
2018,JP,HU,229140944.531465
2018,JP,ID,5232861142.93409
2018,JP,IE,561608028.150397
2018,JP,IN,6342617719.3046
2018,JP,IT,1682960782.67284
2018,JP,JP,1000216771927.1
2018,JP,KR,14636709806.6815
2018,JP,LT,52325087.5636158
2018,JP,LU,93445298.4179855
2018,JP,LV,35820442.0928325
2018,JP,MT,120148814.858388
2018,JP,MX,3312406237.32776
2018,JP,NL,1632335676.9834
2018,JP,NO,547307233.323503
2018,JP,PL,615850654.8672
2018,JP,PT,155900794.779376
2018,JP,RO,191021610.090571
2018,JP,RU,1990559527.9551
2018,JP,SE,612428482.122624
2018,JP,SI,78394061.3461877
2018,JP,SK,111992249.647204
2018,JP,TR,1121704397.50073
2018,JP,TW,11276176529.4634
2018,JP,US,33006545830.4655
2018,JP,WA,45758273420.9534
2018,JP,WE,608086766.496002
2018,JP,WF,3325584014.15023
2018,JP,WL,6538785788.50889
2018,JP,WM,10646885854.4748
2018,JP,ZA,688365951.626391
2018,KR,AT,469131493.236693
2018,KR,AU,3770947004.45252
2018,KR,BE,1031247408.43214
2018,KR,BG,145439733.894212
2018,KR,BR,1620961766.50429
2018,KR,CA,2985074211.66325
2018,KR,CH,594424019.112164
2018,KR,CN,48080040127.2895
2018,KR,CY,225137360.775876
2018,KR,CZ,451123067.004697
2018,KR,DE,5702293021.59665
2018,KR,DK,572264999.718795
2018,KR,EE,41811175.6686286
2018,KR,ES,1256169400.85376
2018,KR,FI,244175521.176908
2018,KR,FR,3630463276.33905
2018,KR,GB,3473982279.18497
2018,KR,GR,711639050.833072
2018,KR,HR,71877841.8113556
2018,KR,HU,289396862.80725
2018,KR,ID,3977602408.59566
2018,KR,IE,429241512.037558
2018,KR,IN,8486893042.2586
2018,KR,IT,2440871616.75274
2018,KR,JP,26375539331.5829
2018,KR,KR,515848194489.754
2018,KR,LT,71977665.0882974
2018,KR,LU,171831175.059388
2018,KR,LV,38731615.3546762
2018,KR,MT,274824367.364252
2018,KR,MX,3694177933.55239
2018,KR,NL,1303986915.90519
2018,KR,NO,1189803186.39375
2018,KR,PL,874093930.486026
2018,KR,PT,246148480.534238
2018,KR,RO,269445002.426646
2018,KR,RU,2865953965.42748
2018,KR,SE,584015969.450598
2018,KR,SI,398453565.161897
2018,KR,SK,348437733.114517
2018,KR,TR,2560961420.08961
2018,KR,TW,856058205.799196
2018,KR,US,27914780878.5848
2018,KR,WA,38195865504.8132
2018,KR,WE,658820698.585894
2018,KR,WF,5519925480.38048
2018,KR,WL,7518523480.06799
2018,KR,WM,12518959867.7018
2018,KR,ZA,540455600.881079
2018,LT,AT,172302603.523741
2018,LT,AU,46434726.9433744
2018,LT,BE,130125536.457314
2018,LT,BG,19013693.3387994
2018,LT,BR,34366675.1674193
2018,LT,CA,42681771.9596779
2018,LT,CH,201619399.020549
2018,LT,CN,328323293.266128
2018,LT,CY,98118088.9299442
2018,LT,CZ,53710401.8098209
2018,LT,DE,1134143445.07975
2018,LT,DK,186662583.534051
2018,LT,EE,210533563.017071
2018,LT,ES,188910182.770463
2018,LT,FI,145089570.532963
2018,LT,FR,402085832.457942
2018,LT,GB,397015390.305229
2018,LT,GR,33936362.3393704
2018,LT,HR,75732853.1102868
2018,LT,HU,30970126.7706419
2018,LT,ID,15678167.565172
2018,LT,IE,44898147.6912189
2018,LT,IN,80577581.6698316
2018,LT,IT,314581185.936619
2018,LT,JP,68391299.2880773
2018,LT,KR,45000344.8888859
2018,LT,LT,14387036310.9942
2018,LT,LU,10660932.6261912
2018,LT,LV,575663586.245282
2018,LT,MT,2192631.77813173
2018,LT,MX,24252461.147022
2018,LT,NL,249693220.194783
2018,LT,NO,218257291.099539
2018,LT,PL,678965371.402769
2018,LT,PT,20478929.1147651
2018,LT,RO,38940464.9345546
2018,LT,RU,922385878.678537
2018,LT,SE,241364301.275243
2018,LT,SI,55604570.4732442
2018,LT,SK,25196199.030257
2018,LT,TR,84502629.9444514
2018,LT,TW,37610906.05008
2018,LT,US,608040953.111788
2018,LT,WA,451998601.694842
2018,LT,WE,751013590.870458
2018,LT,WF,293806375.548008
2018,LT,WL,96733039.04125
2018,LT,WM,835160421.173777
2018,LT,ZA,23688227.200348
2018,LU,AT,36202582.1702245
2018,LU,AU,24164778.101809
2018,LU,BE,215363268.438203
2018,LU,BG,4912425.57693746
2018,LU,BR,25979747.9624854
2018,LU,CA,183900293.906696
2018,LU,CH,467271716.183316
2018,LU,CN,354361547.377192
2018,LU,CY,10655679.6667043
2018,LU,CZ,19183116.8851716
2018,LU,DE,815668913.5438
2018,LU,DK,26108166.5993069
2018,LU,EE,2541885.63554486
2018,LU,ES,90067957.4126518
2018,LU,FI,20920346.3606174
2018,LU,FR,578393874.542905
2018,LU,GB,355163169.216288
2018,LU,GR,15358479.8729876
2018,LU,HR,3540818.20096285
2018,LU,HU,17166113.7668122
2018,LU,ID,14432573.1886465
2018,LU,IE,129118563.50922
2018,LU,IN,65299804.3212481
2018,LU,IT,189487541.706776
2018,LU,JP,80945988.0917489
2018,LU,KR,27328347.3983195
2018,LU,LT,3396888.49586065
2018,LU,LU,2459625136.58935
2018,LU,LV,6472745.09382417
2018,LU,MT,837408.132148893
2018,LU,MX,32913057.7007908
2018,LU,NL,195498803.368475
2018,LU,NO,22411963.1592673
2018,LU,PL,45329735.5496269
2018,LU,PT,16410201.220577
2018,LU,RO,17168615.1280154
2018,LU,RU,43437359.5215478
2018,LU,SE,69375020.9424077
2018,LU,SI,5515665.56346951
2018,LU,SK,8777293.91701604
2018,LU,TR,53406032.7043225
2018,LU,TW,130810840.95087
2018,LU,US,439078825.238653
2018,LU,WA,434102514.078004
2018,LU,WE,33397172.4147251
2018,LU,WF,89757356.3659477
2018,LU,WL,83668560.266919
2018,LU,WM,202626801.387925
2018,LU,ZA,27939719.8913576
2018,LV,AT,50149555.5263892
2018,LV,AU,16905715.9895384
2018,LV,BE,56429042.8105587
2018,LV,BG,19899738.0993886
2018,LV,BR,14564707.7091195
2018,LV,CA,23381161.9009286
2018,LV,CH,192011508.124143
2018,LV,CN,216356401.55575
2018,LV,CY,14805601.0476497
2018,LV,CZ,36981432.4321815
2018,LV,DE,495184804.376375
2018,LV,DK,163860057.68002
2018,LV,EE,374406717.222568
2018,LV,ES,108647147.308931
2018,LV,FI,182823281.675474
2018,LV,FR,136567648.05867
2018,LV,GB,372869071.73184
2018,LV,GR,23591360.2807069
2018,LV,HR,10057294.4135253
2018,LV,HU,26311865.0832695
2018,LV,ID,7980267.74604508
2018,LV,IE,40021821.8933755
2018,LV,IN,37628170.1846713
2018,LV,IT,112693067.265746
2018,LV,JP,43460435.0010885
2018,LV,KR,31764590.5890841
2018,LV,LT,918571188.055549
2018,LV,LU,4975447.14779662
2018,LV,LV,7264177563.50756
2018,LV,MT,1963606.24188807
2018,LV,MX,11186360.6732194
2018,LV,NL,129714037.961815
2018,LV,NO,136309684.10385
2018,LV,PL,226523598.884605
2018,LV,PT,10846351.5263591
2018,LV,RO,23732265.5384702
2018,LV,RU,317477371.842613
2018,LV,SE,436657219.009709
2018,LV,SI,10053419.2693294
2018,LV,SK,26572532.0217208
2018,LV,TR,123197268.719442
2018,LV,TW,24700624.7642318
2018,LV,US,235835345.329747
2018,LV,WA,266978855.241497
2018,LV,WE,176499145.438678
2018,LV,WF,163746936.891866
2018,LV,WL,51671149.6706821
2018,LV,WM,519411156.664435
2018,LV,ZA,24283195.7658472
2018,MT,AT,45863513.4055581
2018,MT,AU,12056263.3323249
2018,MT,BE,33035038.2549966
2018,MT,BG,86396337.3179817
2018,MT,BR,8615133.55725186
2018,MT,CA,11767382.6625883
2018,MT,CH,33048593.7082627
2018,MT,CN,57846012.8276399
2018,MT,CY,9697106.77157309
2018,MT,CZ,9145242.75243579
2018,MT,DE,433168019.533972
2018,MT,DK,18482971.5431093
2018,MT,EE,6260675.76416966
2018,MT,ES,74769593.0995392
2018,MT,FI,11496116.1885319
2018,MT,FR,262328825.778392
2018,MT,GB,199963710.939487
2018,MT,GR,32395277.338478
2018,MT,HR,15121169.2457094
2018,MT,HU,14070648.7243658
2018,MT,ID,6867438.29022239
2018,MT,IE,12277165.5605396
2018,MT,IN,12600439.4664459
2018,MT,IT,309317164.307372
2018,MT,JP,35883558.3032343
2018,MT,KR,9577561.79289789
2018,MT,LT,24187040.4477862
2018,MT,LU,3496579.10670367
2018,MT,LV,8105973.55001484
2018,MT,MT,418791434.330594
2018,MT,MX,7125234.04138822
2018,MT,NL,27790706.5079867
2018,MT,NO,44704951.1367333
2018,MT,PL,37207205.7285938
2018,MT,PT,5551399.56610922
2018,MT,RO,43089096.1036264
2018,MT,RU,24999835.8005919
2018,MT,SE,49517797.9455951
2018,MT,SI,2515341.89022171
2018,MT,SK,4172199.72865699
2018,MT,TR,48099748.978348
2018,MT,TW,9299989.21270985
2018,MT,US,175385966.858806
2018,MT,WA,50957932.8811809
2018,MT,WE,35625831.5048866
2018,MT,WF,49531986.6098716
2018,MT,WL,19326272.7372948
2018,MT,WM,57702294.6473802
2018,MT,ZA,7435107.4605713
2018,MX,AT,200812373.19659
2018,MX,AU,650114029.802875
2018,MX,BE,623838777.880265
2018,MX,BG,25093072.9438503
2018,MX,BR,2481587100.26891
2018,MX,CA,6305787473.73794
2018,MX,CH,1632853867.46312
2018,MX,CN,8995946547.52856
2018,MX,CY,15743105.9661485
2018,MX,CZ,117936586.023559
2018,MX,DE,2893403956.00641
2018,MX,DK,160889953.7077
2018,MX,EE,14053371.5731026
2018,MX,ES,2673951727.19295
2018,MX,FI,99171501.8275833
2018,MX,FR,2116251671.03498
2018,MX,GB,2978029002.83241
2018,MX,GR,86007058.3002823
2018,MX,HR,19349960.2404476
2018,MX,HU,103589103.529933
2018,MX,ID,373216882.083881
2018,MX,IE,451820367.753795
2018,MX,IN,3697182897.39035
2018,MX,IT,839478103.292228
2018,MX,JP,4597406406.86305
2018,MX,KR,2875204634.35721
2018,MX,LT,27441143.638562
2018,MX,LU,82009174.7660791
2018,MX,LV,20436387.0337732
2018,MX,MT,18622686.7391043
2018,MX,MX,449547549676.067
2018,MX,NL,986787733.41025
2018,MX,NO,196695581.29212
2018,MX,PL,285694397.495032
2018,MX,PT,182087831.229367
2018,MX,RO,90509533.716461
2018,MX,RU,523778232.284368
2018,MX,SE,211727300.928481
2018,MX,SI,31361649.4779747
2018,MX,SK,55287948.6675128
2018,MX,TR,664604483.43682
2018,MX,TW,211027997.836189
2018,MX,US,99190649648.8891
2018,MX,WA,7549786331.38183
2018,MX,WE,389374067.183158
2018,MX,WF,1306769162.90726
2018,MX,WL,17285057515.648
2018,MX,WM,3520947214.03204
2018,MX,ZA,198883838.131971
2018,NL,AT,1038930253.74784
2018,NL,AU,968158937.518797
2018,NL,BE,11949685969.7638
2018,NL,BG,165071996.997884
2018,NL,BR,949731769.920527
2018,NL,CA,1193838390.85739
2018,NL,CH,2286667888.59215
2018,NL,CN,5626064641.51915
2018,NL,CY,95094598.654238
2018,NL,CZ,588558468.461304
2018,NL,DE,17264354389.1948
2018,NL,DK,940184303.076809
2018,NL,EE,102197585.786728
2018,NL,ES,2632855317.70469
2018,NL,FI,1103674138.22336
2018,NL,FR,8019491270.94511
2018,NL,GB,13858250155.305
2018,NL,GR,776166802.283321
2018,NL,HR,144650247.076014
2018,NL,HU,520780503.754465
2018,NL,ID,450973258.305156
2018,NL,IE,2091049531.79146
2018,NL,IN,1416461115.15833
2018,NL,IT,3725483290.25712
2018,NL,JP,2155763576.98613
2018,NL,KR,1133362383.0337
2018,NL,LT,215366318.305432
2018,NL,LU,1536584661.92631
2018,NL,LV,85060365.3485641
2018,NL,MT,24401513.1247428
2018,NL,MX,752954678.474377
2018,NL,NL,85334905947.993
2018,NL,NO,1495100974.45367
2018,NL,PL,1720621516.02159
2018,NL,PT,526699223.265453
2018,NL,RO,510391786.277009
2018,NL,RU,1502011121.65569
2018,NL,SE,1734080321.61033
2018,NL,SI,122612000.171519
2018,NL,SK,280248992.890158
2018,NL,TR,1113071722.10574
2018,NL,TW,334157034.542493
2018,NL,US,8342124702.95042
2018,NL,WA,5479313500.57733
2018,NL,WE,840321119.409042
2018,NL,WF,2927058860.00162
2018,NL,WL,1925512973.94021
2018,NL,WM,4705918197.22813
2018,NL,ZA,475430581.753395
2018,NO,AT,194052130.997987
2018,NO,AU,153766461.808714
2018,NO,BE,1051940098.47382
2018,NO,BG,23271768.1198345
2018,NO,BR,213790660.313721
2018,NO,CA,373732372.836836
2018,NO,CH,265115443.660674
2018,NO,CN,1707953444.92349
2018,NO,CY,15827081.1583672
2018,NO,CZ,113831722.065111
2018,NO,DE,3827945569.21765
2018,NO,DK,1017249560.16175
2018,NO,EE,49728301.9958994
2018,NO,ES,658565203.618088
2018,NO,FI,484911248.384326
2018,NO,FR,1446341542.49203
2018,NO,GB,3835055655.41326
2018,NO,GR,77765870.0244986
2018,NO,HR,26299305.0125192
2018,NO,HU,71689570.0670466
2018,NO,ID,90012550.2291619
2018,NO,IE,460471475.495711
2018,NO,IN,281225198.593737
2018,NO,IT,785985794.768399
2018,NO,JP,451335105.162759
2018,NO,KR,354015594.064786
2018,NO,LT,160872365.956905
2018,NO,LU,119406908.138556
2018,NO,LV,36747363.1365401
2018,NO,MT,17631218.1331627
2018,NO,MX,209890299.31005
2018,NO,NL,1203671781.28428
2018,NO,NO,42127345249.2658
2018,NO,PL,495293430.882819
2018,NO,PT,128121828.499125
2018,NO,RO,70218666.4367576
2018,NO,RU,290391102.621939
2018,NO,SE,1713713829.77724
2018,NO,SI,19321903.8051346
2018,NO,SK,45553174.291317
2018,NO,TR,284302385.831426
2018,NO,TW,110295251.001309
2018,NO,US,3236167169.24358
2018,NO,WA,1244674672.7692
2018,NO,WE,395395857.69708
2018,NO,WF,955150799.21855
2018,NO,WL,483741076.666921
2018,NO,WM,859010995.899434
2018,NO,ZA,73136375.156759
2018,PL,AT,2426142485.94172
2018,PL,AU,435375622.914738
2018,PL,BE,1971983020.84356
2018,PL,BG,514459247.797484
2018,PL,BR,528972717.929241
2018,PL,CA,859237336.395468
2018,PL,CH,2396215521.95893
2018,PL,CN,4834508120.62825
2018,PL,CY,70138217.2661581
2018,PL,CZ,4582242486.82
2018,PL,DE,25366311390.498
2018,PL,DK,1380677753.82187
2018,PL,EE,370056415.911892
2018,PL,ES,2367039870.40615
2018,PL,FI,862395217.250577
2018,PL,FR,6592179466.26367
2018,PL,GB,7415984395.10869
2018,PL,GR,540126338.14744
2018,PL,HR,377158030.178477
2018,PL,HU,1632533492.14358
2018,PL,ID,206306521.124773
2018,PL,IE,826002250.897775
2018,PL,IN,1156981496.12147
2018,PL,IT,4029375968.44651
2018,PL,JP,885158334.477437
2018,PL,KR,808169530.174589
2018,PL,LT,1450709330.48286
2018,PL,LU,203413339.444243
2018,PL,LV,489225655.452343
2018,PL,MT,24557201.7997439
2018,PL,MX,553441109.420698
2018,PL,NL,3422270590.83352
2018,PL,NO,1572797887.37563
2018,PL,PL,273234157764.418
2018,PL,PT,401567746.10353
2018,PL,RO,2156936242.33499
2018,PL,RU,3398946314.10377
2018,PL,SE,2725070710.08939
2018,PL,SI,300524005.464925
2018,PL,SK,3226048128.55216
2018,PL,TR,1449556906.41578
2018,PL,TW,224995430.426939
2018,PL,US,5949119708.81932
2018,PL,WA,3979873148.14949
2018,PL,WE,5166771536.3987
2018,PL,WF,2133330642.76747
2018,PL,WL,1422284692.24854
2018,PL,WM,5320139021.17181
2018,PL,ZA,422180395.626568
2018,PT,AT,140707216.511193
2018,PT,AU,120916017.474005
2018,PT,BE,382018367.669699
2018,PT,BG,20448917.543642
2018,PT,BR,811184595.392354
2018,PT,CA,200947954.840032
2018,PT,CH,335512936.665363
2018,PT,CN,766036889.596299
2018,PT,CY,10871416.2650807
2018,PT,CZ,64107095.7406882
2018,PT,DE,1526266588.488
2018,PT,DK,92699633.2584265
2018,PT,EE,9677638.98515308
2018,PT,ES,4400378893.30368
2018,PT,FI,83663675.0527983
2018,PT,FR,2304532983.41578
2018,PT,GB,2028981328.31047
2018,PT,GR,79033457.9746629
2018,PT,HR,17174494.1522158
2018,PT,HU,43621544.8047574
2018,PT,ID,27206886.8135607
2018,PT,IE,204916281.953152
2018,PT,IN,150071185.415393
2018,PT,IT,845455597.323062
2018,PT,JP,147666595.318024
2018,PT,KR,100776258.471495
2018,PT,LT,16249713.6675794
2018,PT,LU,33956878.8205831
2018,PT,LV,9130283.97604861
2018,PT,MT,14618877.9478507
2018,PT,MX,130183914.885566
2018,PT,NL,485241574.87499
2018,PT,NO,115983870.101703
2018,PT,PL,204235855.834707
2018,PT,PT,43162843438.4788
2018,PT,RO,75978714.0517043
2018,PT,RU,152648527.208406
2018,PT,SE,194357644.683785
2018,PT,SI,16494323.7474888
2018,PT,SK,39905739.4744368
2018,PT,TR,157090006.005149
2018,PT,TW,38111764.6043227
2018,PT,US,1902553226.84349
2018,PT,WA,491189741.809224
2018,PT,WE,202031063.823511
2018,PT,WF,1998421467.36889
2018,PT,WL,490225361.78206
2018,PT,WM,1321668301.86951
2018,PT,ZA,66537010.0810851
2018,RO,AT,667923316.089634
2018,RO,AU,126525807.717752
2018,RO,BE,444793643.990361
2018,RO,BG,961576686.331114
2018,RO,BR,190233073.735495
2018,RO,CA,413390690.638806
2018,RO,CH,447380686.490768
2018,RO,CN,1582518080.00028
2018,RO,CY,53639116.5968218
2018,RO,CZ,347643014.293463
2018,RO,DE,3771906084.48038
2018,RO,DK,166606479.521354
2018,RO,EE,20511422.6715307
2018,RO,ES,884741130.396109
2018,RO,FI,118431160.813415
2018,RO,FR,2132789886.12037
2018,RO,GB,1425979631.91267
2018,RO,GR,669822986.493245
2018,RO,HR,282657560.88434
2018,RO,HU,1464692009.29343
2018,RO,ID,76559188.0443136
2018,RO,IE,134806265.960176
2018,RO,IN,404541050.121918
2018,RO,IT,2026653812.17955
2018,RO,JP,328975557.869829
2018,RO,KR,255590880.740124
2018,RO,LT,54905423.5468342
2018,RO,LU,46105157.6902214
2018,RO,LV,22129980.9385055
2018,RO,MT,7707750.46642148
2018,RO,MX,195945008.567077
2018,RO,NL,609026744.211397
2018,RO,NO,266440438.321693
2018,RO,PL,789625207.383092
2018,RO,PT,230732068.392642
2018,RO,RO,68166786669.9718
2018,RO,RU,785503253.945248
2018,RO,SE,328460296.974002
2018,RO,SI,120130182.280403
2018,RO,SK,306050781.513329
2018,RO,TR,1501622059.49939
2018,RO,TW,46594937.6847139
2018,RO,US,2007227855.26478
2018,RO,WA,1306364431.11975
2018,RO,WE,2140843894.88112
2018,RO,WF,1513219812.76565
2018,RO,WL,455627884.32953
2018,RO,WM,4511622777.4641
2018,RO,ZA,112418543.564278
2018,RU,AT,4099128863.17016
2018,RU,AU,5124504224.18207
2018,RU,BE,8248686541.53458
2018,RU,BG,3727228590.65962
2018,RU,BR,7563796828.91331
2018,RU,CA,5215061985.31566
2018,RU,CH,7253749894.05991
2018,RU,CN,131468222924.166
2018,RU,CY,755007680.393262
2018,RU,CZ,9472429664.80517
2018,RU,DE,32744647791.3622
2018,RU,DK,2701710016.20222
2018,RU,EE,2448634183.96705
2018,RU,ES,6401640354.0914
2018,RU,FI,9379993527.22794
2018,RU,FR,14740180464.1951
2018,RU,GB,19196223899.8791
2018,RU,GR,4656722835.65399
2018,RU,HR,1237691436.69118
2018,RU,HU,8257732546.25033
2018,RU,ID,6861434211.11448
2018,RU,IE,2371881663.6276
2018,RU,IN,17211915353.4306
2018,RU,IT,40279634229.3491
2018,RU,JP,26493027996.563
2018,RU,KR,21093208946.2627
2018,RU,LT,5197381938.34928
2018,RU,LU,1280542433.12017
2018,RU,LV,3645111738.42184
2018,RU,MT,1370438618.49708
2018,RU,MX,8225846577.95826
2018,RU,NL,12739585467.8402
2018,RU,NO,3274312955.55723
2018,RU,PL,15744867882.5142
2018,RU,PT,1254158442.65274
2018,RU,RO,5177739577.11694
2018,RU,RU,1281031346713.72
2018,RU,SE,5015336175.10527
2018,RU,SI,1080405916.93555
2018,RU,SK,8638978437.47628
2018,RU,TR,36181939777.8432
2018,RU,TW,3573257540.43164
2018,RU,US,52748179601.8415
2018,RU,WA,94720180450.319
2018,RU,WE,69333814011.8461
2018,RU,WF,26018985604.6565
2018,RU,WL,14449682527.9042
2018,RU,WM,63903515386.3085
2018,RU,ZA,1535825128.97056
2018,SE,AT,195616767.59672
2018,SE,AU,137143557.772216
2018,SE,BE,329400401.739425
2018,SE,BG,25689878.0363235
2018,SE,BR,165452440.942986
2018,SE,CA,264758162.764183
2018,SE,CH,544619549.826861
2018,SE,CN,1684714941.07879
2018,SE,CY,11686624.3865201
2018,SE,CZ,112231611.048554
2018,SE,DE,1770922554.10175
2018,SE,DK,858920219.258768
2018,SE,EE,108139947.79957
2018,SE,ES,428869968.536193
2018,SE,FI,1985384709.78903
2018,SE,FR,1010288209.5874
2018,SE,GB,1273194916.45009
2018,SE,GR,69911595.3172298
2018,SE,HR,18482464.478605
2018,SE,HU,101688129.324247
2018,SE,ID,67735636.3336268
2018,SE,IE,169062302.952634
2018,SE,IN,399931466.000812
2018,SE,IT,433325517.650952
2018,SE,JP,337573680.742646
2018,SE,KR,186578644.567908
2018,SE,LT,125469527.663235
2018,SE,LU,39392525.0154739
2018,SE,LV,51091085.1148468
2018,SE,MT,14495615.5780786
2018,SE,MX,142875046.412568
2018,SE,NL,550054593.547256
2018,SE,NO,2190526226.06849
2018,SE,PL,729290209.818046
2018,SE,PT,100116129.06621
2018,SE,RO,74588102.155489
2018,SE,RU,291681703.017084
2018,SE,SE,28226214477.4095
2018,SE,SI,19664849.4468347
2018,SE,SK,57322061.7456965
2018,SE,TR,210373386.504772
2018,SE,TW,243821444.171468
2018,SE,US,1953343671.50114
2018,SE,WA,848063730.019954
2018,SE,WE,185203394.047572
2018,SE,WF,396986814.726445
2018,SE,WL,634119533.882843
2018,SE,WM,908967197.392008
2018,SE,ZA,85769429.7582516
2018,SI,AT,793552745.410318
2018,SI,AU,31385263.3271141
2018,SI,BE,90963675.1356329
2018,SI,BG,46242952.4519866
2018,SI,BR,28660173.351548
2018,SI,CA,42488231.4526656
2018,SI,CH,215921811.540965
2018,SI,CN,258406630.416494
2018,SI,CY,9448866.96901176
2018,SI,CZ,103918313.552164
2018,SI,DE,967618197.429584
2018,SI,DK,39042893.663691
2018,SI,EE,6957104.94885153
2018,SI,ES,115828716.944983
2018,SI,FI,23512899.7873819
2018,SI,FR,368092986.137593
2018,SI,GB,227352256.09056
2018,SI,GR,661829874.629715
2018,SI,HR,843409976.037292
2018,SI,HU,122320077.032455
2018,SI,ID,10356344.7750118
2018,SI,IE,23481114.8557627
2018,SI,IN,57706564.6294237
2018,SI,IT,1409621986.80312
2018,SI,JP,55691436.9568689
2018,SI,KR,37999350.6116824
2018,SI,LT,11655801.5893227
2018,SI,LU,13847688.7328032
2018,SI,LV,5732125.95183093
2018,SI,MT,3281009.61038037
2018,SI,MX,32076891.8907214
2018,SI,NL,106677700.317709
2018,SI,NO,36882403.8408425
2018,SI,PL,129420901.035774
2018,SI,PT,20828663.9582836
2018,SI,RO,96665761.2762061
2018,SI,RU,168873134.850669
2018,SI,SE,77004220.7503021
2018,SI,SI,7886904853.872
2018,SI,SK,66210889.6725234
2018,SI,TR,90097439.4317828
2018,SI,TW,17056845.4670687
2018,SI,US,332623407.992042
2018,SI,WA,230987614.937511
2018,SI,WE,579152826.248577
2018,SI,WF,131520459.983312
2018,SI,WL,67161808.6584624
2018,SI,WM,316222557.395652
2018,SI,ZA,13712533.8925392
2018,SK,AT,1221916381.56545
2018,SK,AU,64027855.2874055
2018,SK,BE,232328714.286875
2018,SK,BG,125773376.70067
2018,SK,BR,65778525.0635377
2018,SK,CA,136773359.519344
2018,SK,CH,234741928.613257
2018,SK,CN,1072354973.752
2018,SK,CY,19892757.5533219
2018,SK,CZ,1601740691.378
2018,SK,DE,2960224828.33644
2018,SK,DK,117170108.661584
2018,SK,EE,23209818.3334538
2018,SK,ES,379060693.687585
2018,SK,FI,81924618.6126897
2018,SK,FR,1060399781.83
2018,SK,GB,777726171.20018
2018,SK,GR,96858106.5368092
2018,SK,HR,136103715.977628
2018,SK,HU,1553882877.97387
2018,SK,ID,24305136.7432479
2018,SK,IE,85311255.2121917
2018,SK,IN,99534952.7531059
2018,SK,IT,809125935.97532
2018,SK,JP,128719723.397728
2018,SK,KR,90930445.9319548
2018,SK,LT,54296339.7031785
2018,SK,LU,20635991.6483291
2018,SK,LV,24807152.3559123
2018,SK,MT,4829312.99841871
2018,SK,MX,101817353.590979
2018,SK,NL,306878580.627444
2018,SK,NO,100028266.823598
2018,SK,PL,1235118122.84689
2018,SK,PT,55419557.8914852
2018,SK,RO,439776217.076622
2018,SK,RU,770845661.773103
2018,SK,SE,228464694.76405
2018,SK,SI,93187057.38844
2018,SK,SK,18538376323.919
2018,SK,TR,374831375.663292
2018,SK,TW,28891611.1597165
2018,SK,US,1045816714.33092
2018,SK,WA,435555661.576977
2018,SK,WE,932106344.878428
2018,SK,WF,233058369.450049
2018,SK,WL,175887166.617722
2018,SK,WM,629847743.180148
2018,SK,ZA,46395681.5402059
2018,TR,AT,932043355.043633
2018,TR,AU,812509357.444473
2018,TR,BE,1573058832.99013
2018,TR,BG,1626574656.35292
2018,TR,BR,823284387.764005
2018,TR,CA,1484727545.80911
2018,TR,CH,1199571465.65655
2018,TR,CN,8548412299.86675
2018,TR,CY,331427779.236321
2018,TR,CZ,509623908.167214
2018,TR,DE,10940072843.8455
2018,TR,DK,519685138.329817
2018,TR,EE,72591620.4902212
2018,TR,ES,2673704614.24029
2018,TR,FI,320197118.326206
2018,TR,FR,4507889674.05056
2018,TR,GB,6229910820.18735
2018,TR,GR,1484765889.77784
2018,TR,HR,172826149.618735
2018,TR,HU,362310465.825688
2018,TR,ID,630243955.007688
2018,TR,IE,581275890.299226
2018,TR,IN,2422005868.2063
2018,TR,IT,5095045021.92965
2018,TR,JP,1437781733.4824
2018,TR,KR,1082695705.24787
2018,TR,LT,128732180.560123
2018,TR,LU,199896326.455947
2018,TR,LV,72131946.4055791
2018,TR,MT,81267225.3149169
2018,TR,MX,641904941.480819
2018,TR,NL,1652651706.44569
2018,TR,NO,393856906.000512
2018,TR,PL,1313809820.51785
2018,TR,PT,460882301.855529
2018,TR,RO,1829250074.19878
2018,TR,RU,5459556360.23365
2018,TR,SE,932714987.092551
2018,TR,SI,230964222.555197
2018,TR,SK,257133801.307964
2018,TR,TR,416637055386.426
2018,TR,TW,179616234.59226
2018,TR,US,10250674408.9131
2018,TR,WA,8870364649.06963
2018,TR,WE,3023159893.86986
2018,TR,WF,12040667496.7944
2018,TR,WL,4566430961.8129
2018,TR,WM,34052064387.4331
2018,TR,ZA,379102309.438672
2018,TW,AT,788947391.907807
2018,TW,AU,603440905.90638
2018,TW,BE,1034240834.22015
2018,TW,BG,42396559.226938
2018,TW,BR,387011777.101979
2018,TW,CA,649531320.116879
2018,TW,CH,465667286.057302
2018,TW,CN,3547071405.29415
2018,TW,CY,111148943.782957
2018,TW,CZ,5017182583.7706
2018,TW,DE,15790663173.5486
2018,TW,DK,1402198563.53002
2018,TW,EE,172951839.081964
2018,TW,ES,438004711.195592
2018,TW,FI,1887126913.81968
2018,TW,FR,13027224941.579
2018,TW,GB,3992080257.95182
2018,TW,GR,297663505.102694
2018,TW,HR,72379244.5958648
2018,TW,HU,347660159.741973
2018,TW,ID,327807365.857349
2018,TW,IE,366251341.894168
2018,TW,IN,756085639.051347
2018,TW,IT,3031768218.83129
2018,TW,JP,14596971312.4429
2018,TW,KR,617350769.892051
2018,TW,LT,72740655.8220366
2018,TW,LU,127722534.117555
2018,TW,LV,140671585.947768
2018,TW,MT,18043167.9118937
2018,TW,MX,622998708.156294
2018,TW,NL,510924352.540211
2018,TW,NO,354590567.191785
2018,TW,PL,961511404.825526
2018,TW,PT,121398291.559292
2018,TW,RO,162078168.32197
2018,TW,RU,5615700900.62722
2018,TW,SE,1646813159.42513
2018,TW,SI,53594665.5483971
2018,TW,SK,249158073.000788
2018,TW,TR,312805725.482748
2018,TW,TW,204970011814.863
2018,TW,US,15806861856.3645
2018,TW,WA,28682797306.1827
2018,TW,WE,1070650150.1177
2018,TW,WF,553356048.306346
2018,TW,WL,929832259.968783
2018,TW,WM,1817925914.97112
2018,TW,ZA,131216231.331137
2018,US,AT,1885248208.41505
2018,US,AU,7799180866.634
2018,US,BE,6030104682.05801
2018,US,BG,270740378.044589
2018,US,BR,26887450278.629
2018,US,CA,86996437154.7478
2018,US,CH,5177158900.8694
2018,US,CN,93344192855.7309
2018,US,CY,130298291.627211
2018,US,CZ,1083961754.1672
2018,US,DE,24666852334.6583
2018,US,DK,1929526207.7085
2018,US,EE,152034050.991866
2018,US,ES,7804941613.50838
2018,US,FI,1275317555.50883
2018,US,FR,16247027847.6866
2018,US,GB,25454142064.0622
2018,US,GR,1108066094.0707
2018,US,HR,476904082.091785
2018,US,HU,1045806185.96239
2018,US,ID,5709278308.96298
2018,US,IE,9899245944.41566
2018,US,IN,20413397829.5821
2018,US,IT,8833621157.08288
2018,US,JP,54627061699.2288
2018,US,KR,32769513757.1612
2018,US,LT,274146673.500653
2018,US,LU,614668039.585083
2018,US,LV,152438575.260485
2018,US,MT,121490162.247247
2018,US,MX,109464836427.179
2018,US,NL,11830478199.092
2018,US,NO,2474982563.26027
2018,US,PL,2740280544.21677
2018,US,PT,1293616070.16947
2018,US,RO,1029068688.74769
2018,US,RU,4817434533.20166
2018,US,SE,3092605167.65584
2018,US,SI,357412091.614011
2018,US,SK,422766817.775174
2018,US,TR,6239662733.22392
2018,US,TW,8156833445.28179
2018,US,US,5318342317420.35
2018,US,WA,69607405724.1693
2018,US,WE,5854408395.96781
2018,US,WF,19790701138.2544
2018,US,WL,107773849398.116
2018,US,WM,36071131934.71
2018,US,ZA,2177688076.39608
2018,WA,AT,4892271894.92709
2018,WA,AU,52169712058.8601
2018,WA,BE,9471564206.41963
2018,WA,BG,790364341.224139
2018,WA,BR,7293067863.06904
2018,WA,CA,13642969847.2471
2018,WA,CH,13001683512.7261
2018,WA,CN,345199989700.897
2018,WA,CY,745325835.618876
2018,WA,CZ,4085323718.74658
2018,WA,DE,44110292528.2423
2018,WA,DK,4003690126.15509
2018,WA,EE,456193066.141551
2018,WA,ES,10884757823.6942
2018,WA,FI,2145604741.70138
2018,WA,FR,27386237621.2055
2018,WA,GB,32143516817.357
2018,WA,GR,2935481899.44239
2018,WA,HR,998082304.277897
2018,WA,HU,1764885659.99587
2018,WA,ID,48723066787.0579
2018,WA,IE,2626329972.99228
2018,WA,IN,66405007765.6443
2018,WA,IT,28017229649.3202
2018,WA,JP,88022165126.425
2018,WA,KR,35246135456.2187
2018,WA,LT,725984830.96826
2018,WA,LU,1165946302.9549
2018,WA,LV,606845419.986785
2018,WA,MT,319084401.934024
2018,WA,MX,8368769832.68181
2018,WA,NL,19527442243.2455
2018,WA,NO,3230299781.23109
2018,WA,PL,6253358582.18804
2018,WA,PT,1743945180.91732
2018,WA,RO,3067251473.63888
2018,WA,RU,27299767524.9145
2018,WA,SE,4562017415.71833
2018,WA,SI,675917160.367089
2018,WA,SK,1318932878.96984
2018,WA,TR,16818810528.8497
2018,WA,TW,17441762930.3627
2018,WA,US,166890864255.019
2018,WA,WA,2073228676059.98
2018,WA,WE,10790174596.986
2018,WA,WF,36054992397.7019
2018,WA,WL,23997303160.6571
2018,WA,WM,80205412129.763
2018,WA,ZA,5959764726.33909
2018,WE,AT,2982099687.2278
2018,WE,AU,800285302.091428
2018,WE,BE,1821331226.21522
2018,WE,BG,1801746897.97202
2018,WE,BR,1564540364.06696
2018,WE,CA,1096875259.69732
2018,WE,CH,3745173664.14709
2018,WE,CN,11544420235.7194
2018,WE,CY,183400079.842218
2018,WE,CZ,3562344248.29052
2018,WE,DE,15898324049.2366
2018,WE,DK,950636968.379903
2018,WE,EE,415090440.831361
2018,WE,ES,3262989520.46601
2018,WE,FI,480343865.583675
2018,WE,FR,4959145121.68037
2018,WE,GB,7207711301.89514
2018,WE,GR,4140758828.50562
2018,WE,HR,8832386376.00851
2018,WE,HU,11472532275.6084
2018,WE,ID,1307846366.82218
2018,WE,IE,599901451.43428
2018,WE,IN,2907467021.50019
2018,WE,IT,10064166778.8883
2018,WE,JP,1795962622.86279
2018,WE,KR,1379977574.94914
2018,WE,LT,3033183343.0207
2018,WE,LU,184610120.261409
2018,WE,LV,716707524.701589
2018,WE,MT,142800119.390243
2018,WE,MX,821102057.600981
2018,WE,NL,4256201234.4732
2018,WE,NO,1277552316.36927
2018,WE,PL,7203080831.85068
2018,WE,PT,501984213.618321
2018,WE,RO,3576887915.422
2018,WE,RU,31339381236.3431
2018,WE,SE,1248599430.674
2018,WE,SI,2391589764.18223
2018,WE,SK,1515803614.42906
2018,WE,TR,4614787997.15682
2018,WE,TW,394893978.110039
2018,WE,US,9075678178.00223
2018,WE,WA,15605019098.4827
2018,WE,WE,245338022723.672
2018,WE,WF,7317284425.98366
2018,WE,WL,2228656042.79988
2018,WE,WM,22121088679.0219
2018,WE,ZA,372528326.122605
2018,WF,AT,1323183349.0849
2018,WF,AU,4818890472.12284
2018,WF,BE,4310011269.49733
2018,WF,BG,270639590.615897
2018,WF,BR,10722261883.3493
2018,WF,CA,3009278402.12472
2018,WF,CH,2652388517.72597
2018,WF,CN,103244541264.361
2018,WF,CY,189746909.002186
2018,WF,CZ,801812849.030748
2018,WF,DE,12924213225.038
2018,WF,DK,832714216.277006
2018,WF,EE,208175532.12971
2018,WF,ES,23357098531.3258
2018,WF,FI,457078344.851824
2018,WF,FR,27831796337.0475
2018,WF,GB,11807349612.6096
2018,WF,GR,3261938079.01175
2018,WF,HR,213957316.166551
2018,WF,HU,528080862.697357
2018,WF,ID,8137741619.69194
2018,WF,IE,1309291354.31816
2018,WF,IN,52770676268.4213
2018,WF,IT,25605916770.9614
2018,WF,JP,14731606420.2504
2018,WF,KR,10291189188.1386
2018,WF,LT,175141555.801529
2018,WF,LU,445063680.724417
2018,WF,LV,77073183.3695354
2018,WF,MT,314140413.77033
2018,WF,MX,4517719367.65252
2018,WF,NL,7370823473.70412
2018,WF,NO,1669200301.38957
2018,WF,PL,3867964196.2258
2018,WF,PT,2579307430.79111
2018,WF,RO,728312515.506604
2018,WF,RU,2601829831.2344
2018,WF,SE,1435876538.76604
2018,WF,SI,253835381.847201
2018,WF,SK,858608951.498336
2018,WF,TR,8125308418.82077
2018,WF,TW,714338990.624933
2018,WF,US,37349704330.6486
2018,WF,WA,40229041012.1872
2018,WF,WE,2722472638.58447
2018,WF,WF,1749501792747.76
2018,WF,WL,12287098472.1092
2018,WF,WM,39585142464.6111
2018,WF,ZA,15489625197.2187
2018,WL,AT,1153702637.17561
2018,WL,AU,1415804897.69338
2018,WL,BE,2081567910.65132
2018,WL,BG,196116418.546285
2018,WL,BR,55430652992.3379
2018,WL,CA,5529559290.01522
2018,WL,CH,1718756354.98019
2018,WL,CN,88607160441.8094
2018,WL,CY,135890316.266044
2018,WL,CZ,453208483.381777
2018,WL,DE,12972055065.6686
2018,WL,DK,829387879.966466
2018,WL,EE,87616463.1155225
2018,WL,ES,6207296561.54273
2018,WL,FI,397174896.651874
2018,WL,FR,5159989979.84578
2018,WL,GB,6299184998.21532
2018,WL,GR,461240388.168735
2018,WL,HR,97325655.4775641
2018,WL,HU,212452834.384991
2018,WL,ID,1496605626.72524
2018,WL,IE,1261352140.10231
2018,WL,IN,10310140788.0455
2018,WL,IT,5003323502.91141
2018,WL,JP,5939631968.48301
2018,WL,KR,4467357941.79801
2018,WL,LT,116410219.472367
2018,WL,LU,341220250.104741
2018,WL,LV,79021535.8980669
2018,WL,MT,116703330.053912
2018,WL,MX,10785429351.6421
2018,WL,NL,9821934863.54493
2018,WL,NO,903577875.835889
2018,WL,PL,1164951719.19878
2018,WL,PT,1646405084.83402
2018,WL,RO,281836785.052033
2018,WL,RU,15712656858.1242
2018,WL,SE,979943004.149967
2018,WL,SI,143423887.729346
2018,WL,SK,209125819.542126
2018,WL,TR,11938060809.2407
2018,WL,TW,1415489959.70565
2018,WL,US,79094660376.9888
2018,WL,WA,19002809555.941
2018,WL,WE,1215951091.72246
2018,WL,WF,10799747655.8597
2018,WL,WL,927735685634.056
2018,WL,WM,24421347646.2982
2018,WL,ZA,1003460037.36749
2018,WM,AT,2321307453.6581
2018,WM,AU,20414854294.812
2018,WM,BE,9182093509.16301
2018,WM,BG,733841083.821321
2018,WM,BR,11672040624.5741
2018,WM,CA,9108984802.4047
2018,WM,CH,45124267497.8552
2018,WM,CN,270959695974.304
2018,WM,CY,967242499.88126
2018,WM,CZ,1273660453.8468
2018,WM,DE,22370337748.0277
2018,WM,DK,1971118457.17421
2018,WM,EE,192170689.930136
2018,WM,ES,12668448392.4619
2018,WM,FI,901040906.366701
2018,WM,FR,26799049069.3184
2018,WM,GB,25723218212.5167
2018,WM,GR,6537077168.13782
2018,WM,HR,673173499.333471
2018,WM,HU,1026327499.54618
2018,WM,ID,28186068122.5014
2018,WM,IE,2040031632.44338
2018,WM,IN,114430706976.687
2018,WM,IT,19747956024.1443
2018,WM,JP,90757204842.3045
2018,WM,KR,55147052915.1431
2018,WM,LT,344477518.66462
2018,WM,LU,924545147.166129
2018,WM,LV,204049465.082566
2018,WM,MT,566380957.574843
2018,WM,MX,7501087080.00394
2018,WM,NL,11614456989.2475
2018,WM,NO,1372873493.74069
2018,WM,PL,3657880575.70054
2018,WM,PT,1638887659.0413
2018,WM,RO,1579385067.42758
2018,WM,RU,9169481666.28752
2018,WM,SE,2260162054.56409
2018,WM,SI,542441109.12037
2018,WM,SK,540889392.451523
2018,WM,TR,15252022648.1009
2018,WM,TW,3078232059.06841
2018,WM,US,162428717343.594
2018,WM,WA,203244348210.803
2018,WM,WE,5174358642.69811
2018,WM,WF,71839027811.3415
2018,WM,WL,15488000325.4599
2018,WM,WM,1578121224991.22
2018,WM,ZA,10637444410.9094
2018,ZA,AT,486920769.531005
2018,ZA,AU,1463472300.69993
2018,ZA,BE,1598082370.70001
2018,ZA,BG,147409019.438233
2018,ZA,BR,1563636652.35264
2018,ZA,CA,1238060849.82695
2018,ZA,CH,1419182513.64823
2018,ZA,CN,16260907411.0172
2018,ZA,CY,28458228.1808604
2018,ZA,CZ,225447524.336298
2018,ZA,DE,4549629928.0088
2018,ZA,DK,332217938.810662
2018,ZA,EE,34443713.0822605
2018,ZA,ES,2220021048.80395
2018,ZA,FI,163242560.817796
2018,ZA,FR,3512155321.39661
2018,ZA,GB,4411150836.75863
2018,ZA,GR,207435442.031355
2018,ZA,HR,58280114.4805351
2018,ZA,HU,142421067.318107
2018,ZA,ID,1601811361.17005
2018,ZA,IE,417241474.68479
2018,ZA,IN,22047218422.9926
2018,ZA,IT,1862345750.18484
2018,ZA,JP,2879232339.25239
2018,ZA,KR,2957457666.76203
2018,ZA,LT,52262956.9175148
2018,ZA,LU,192719736.072882
2018,ZA,LV,26248983.2863989
2018,ZA,MT,38270046.9696017
2018,ZA,MX,960817760.950661
2018,ZA,NL,3019860443.6011
2018,ZA,NO,338565564.713779
2018,ZA,PL,667236199.113569
2018,ZA,PT,418643562.665479
2018,ZA,RO,202648688.169827
2018,ZA,RU,1142439587.5315
2018,ZA,SE,517509804.449954
2018,ZA,SI,85515190.2259076
2018,ZA,SK,127186423.760153
2018,ZA,TR,2355960810.37949
2018,ZA,TW,194154701.164145
2018,ZA,US,11944744851.0846
2018,ZA,WA,21025564541.8795
2018,ZA,WE,582436054.624014
2018,ZA,WF,59204669723.5793
2018,ZA,WL,2468984750.78316
2018,ZA,WM,13100173458.601
2018,ZA,ZA,299173724464.498
2019,AT,AT,51354463214.0708
2019,AT,AU,116979834.702876
2019,AT,BE,287114965.494978
2019,AT,BG,96444858.6926764
2019,AT,BR,171187478.58289
2019,AT,CA,212428751.489175
2019,AT,CH,851644650.868517
2019,AT,CN,1251866378.23802
2019,AT,CY,19778152.9109645
2019,AT,CZ,418350568.341331
2019,AT,DE,6357559393.92427
2019,AT,DK,116296918.092777
2019,AT,EE,17433803.135675
2019,AT,ES,357528834.065339
2019,AT,FI,96479023.9564064
2019,AT,FR,947158434.914583
2019,AT,GB,821547411.181277
2019,AT,GR,123922148.572491
2019,AT,HR,195051698.518534
2019,AT,HU,1010935688.2634
2019,AT,ID,50511897.423103
2019,AT,IE,262220959.893743
2019,AT,IN,242210252.121242
2019,AT,IT,1621732205.36042
2019,AT,JP,338546842.583616
2019,AT,KR,191765746.411004
2019,AT,LT,37999421.2055785
2019,AT,LU,35943841.7158016
2019,AT,LV,17027576.810018
2019,AT,MT,25451166.6698284
2019,AT,MX,168974389.097566
2019,AT,NL,448884157.543544
2019,AT,NO,135020240.397925
2019,AT,PL,521716639.491362
2019,AT,PT,65607283.3228437
2019,AT,RO,356062691.223039
2019,AT,RU,436623366.589339
2019,AT,SE,234720063.306507
2019,AT,SI,374071747.505056
2019,AT,SK,379071561.37105
2019,AT,TR,235960179.054539
2019,AT,TW,132889787.992498
2019,AT,US,1674570821.08265
2019,AT,WA,848157491.501749
2019,AT,WE,579218719.574821
2019,AT,WF,363359965.456486
2019,AT,WL,286221209.381883
2019,AT,WM,871307819.805322
2019,AT,ZA,65796998.0485482
2019,AU,AT,342082313.461505
2019,AU,AU,332747938762.042
2019,AU,BE,765573332.490832
2019,AU,BG,63648567.273266
2019,AU,BR,1294720497.82948
2019,AU,CA,1658090154.53317
2019,AU,CH,595426337.45665
2019,AU,CN,79090932903.0788
2019,AU,CY,40367336.3805846
2019,AU,CZ,252724229.096659
2019,AU,DE,3534056691.05026
2019,AU,DK,267940268.949125
2019,AU,EE,28406438.9243157
2019,AU,ES,820081159.718044
2019,AU,FI,170634628.540511
2019,AU,FR,2352382405.92164
2019,AU,GB,3830576128.04599
2019,AU,GR,176354536.221368
2019,AU,HR,49964237.1186067
2019,AU,HU,140971481.568604
2019,AU,ID,17152321445.9485
2019,AU,IE,693553504.74528
2019,AU,IN,19428646064.0585
2019,AU,IT,1312228560.69166
2019,AU,JP,28413464846.1197
2019,AU,KR,12546791802.3456
2019,AU,LT,36569003.6277014
2019,AU,LU,148435357.396194
2019,AU,LV,24130481.2707277
2019,AU,MT,38439205.0629272
2019,AU,MX,1253806289.36063
2019,AU,NL,1767004498.2454
2019,AU,NO,367088124.788462
2019,AU,PL,715000353.902296
2019,AU,PT,131933225.255749
2019,AU,RO,157782586.424854
2019,AU,RU,1886802489.1456
2019,AU,SE,551306153.881808
2019,AU,SI,85330253.1814935
2019,AU,SK,99646528.3973122
2019,AU,TR,1378531401.37024
2019,AU,TW,459273680.029877
2019,AU,US,20577649480.7063
2019,AU,WA,45014678046.3286
2019,AU,WE,602765188.444654
2019,AU,WF,3429208253.75576
2019,AU,WL,2675300233.36716
2019,AU,WM,16212572710.346
2019,AU,ZA,834907255.879613
2019,BE,AT,402529718.621752
2019,BE,AU,238126582.153797
2019,BE,BE,62458261721.0356
2019,BE,BG,86197880.7175111
2019,BE,BR,430620446.604429
2019,BE,CA,497205657.501546
2019,BE,CH,1304995365.23959
2019,BE,CN,2109502893.84525
2019,BE,CY,31991890.1773054
2019,BE,CZ,292883686.555019
2019,BE,DE,6156207226.28184
2019,BE,DK,315938302.437687
2019,BE,EE,49195053.3712407
2019,BE,ES,1139952575.90145
2019,BE,FI,325951186.40284
2019,BE,FR,7062658737.57189
2019,BE,GB,3850868811.23404
2019,BE,GR,238218063.698179
2019,BE,HR,65186829.9064304
2019,BE,HU,209279803.076862
2019,BE,ID,162910533.290791
2019,BE,IE,1079801483.56966
2019,BE,IN,917680595.513445
2019,BE,IT,1659612645.35056
2019,BE,JP,754488138.859014
2019,BE,KR,357200058.040643
2019,BE,LT,78461550.0449273
2019,BE,LU,339836675.263936
2019,BE,LV,37736442.349642
2019,BE,MT,14708137.1987182
2019,BE,MX,284847765.969262
2019,BE,NL,3784708740.71877
2019,BE,NO,393001102.120767
2019,BE,PL,768249037.702209
2019,BE,PT,271665934.733785
2019,BE,RO,266571516.447857
2019,BE,RU,556871659.643868
2019,BE,SE,624580359.315938
2019,BE,SI,54096382.0463389
2019,BE,SK,135716906.959817
2019,BE,TR,484111530.805825
2019,BE,TW,271237181.545877
2019,BE,US,4649774322.51929
2019,BE,WA,1894855194.61423
2019,BE,WE,604726139.676182
2019,BE,WF,1474587803.4757
2019,BE,WL,779396035.496202
2019,BE,WM,1966378036.40473
2019,BE,ZA,288557160.298199
2019,BG,AT,403791061.542268
2019,BG,AU,67515715.3773377
2019,BG,BE,381462138.644899
2019,BG,BG,22647762540.7463
2019,BG,BR,88539789.4015279
2019,BG,CA,135366643.254996
2019,BG,CH,207778902.347134
2019,BG,CN,1307612294.57123
2019,BG,CY,109882326.567909
2019,BG,CZ,1315471546.44217
2019,BG,DE,2359742388.75037
2019,BG,DK,291402832.48067
2019,BG,EE,17061829.6603974
2019,BG,ES,600597583.599181
2019,BG,FI,68866722.89895
2019,BG,FR,920095509.79482
2019,BG,GB,966505669.346695
2019,BG,GR,2300832563.28552
2019,BG,HR,114087209.239283
2019,BG,HU,298440224.295072
2019,BG,ID,75746517.0893354
2019,BG,IE,233318933.755951
2019,BG,IN,188407760.428909
2019,BG,IT,1538795304.12838
2019,BG,JP,205459907.359423
2019,BG,KR,263563441.667119
2019,BG,LT,59683198.6772246
2019,BG,LU,51717565.8009812
2019,BG,LV,20599621.708465
2019,BG,MT,8477925.52360357
2019,BG,MX,105375219.881019
2019,BG,NL,388291420.949926
2019,BG,NO,120602170.488794
2019,BG,PL,409494843.542394
2019,BG,PT,137280743.395277
2019,BG,RO,1805195697.78611
2019,BG,RU,635969344.921491
2019,BG,SE,285039512.699126
2019,BG,SI,848647828.267984
2019,BG,SK,202949275.707873
2019,BG,TR,1719460192.51385
2019,BG,TW,27555709.7611048
2019,BG,US,966873801.632677
2019,BG,WA,1041564952.98764
2019,BG,WE,2830794763.46058
2019,BG,WF,909410214.513098
2019,BG,WL,204651305.325141
2019,BG,WM,1779373908.08536
2019,BG,ZA,50693675.5193289
2019,BR,AT,387694082.295266
2019,BR,AU,851765179.10087
2019,BR,BE,1298264664.20114
2019,BR,BG,57329725.8885869
2019,BR,BR,817731724040.048
2019,BR,CA,2179116286.16926
2019,BR,CH,561138079.866421
2019,BR,CN,101390118241.568
2019,BR,CY,58945214.3628539
2019,BR,CZ,197359327.97113
2019,BR,DE,4612145514.53168
2019,BR,DK,334278006.97302
2019,BR,EE,34132755.3190066
2019,BR,ES,2849666034.3917
2019,BR,FI,203001042.717223
2019,BR,FR,2636853717.81021
2019,BR,GB,2733330818.50797
2019,BR,GR,251426587.460251
2019,BR,HR,54601233.3027221
2019,BR,HU,114772186.004741
2019,BR,ID,1502089242.097
2019,BR,IE,757136208.882163
2019,BR,IN,3314275493.07381
2019,BR,IT,2719993858.54661
2019,BR,JP,6818624911.12293
2019,BR,KR,3779776346.84267
2019,BR,LT,46548192.7507691
2019,BR,LU,184400934.009272
2019,BR,LV,34573143.045562
2019,BR,MT,139130397.949719
2019,BR,MX,4094314285.57368
2019,BR,NL,2406165568.36926
2019,BR,NO,651545015.351164
2019,BR,PL,491850455.618908
2019,BR,PT,897043427.384412
2019,BR,RO,169892094.198042
2019,BR,RU,3698360077.617
2019,BR,SE,529825271.587892
2019,BR,SI,64116361.8108134
2019,BR,SK,107932355.558301
2019,BR,TR,4794850531.46788
2019,BR,TW,291031558.012164
2019,BR,US,26993773834.9553
2019,BR,WA,34488611013.1131
2019,BR,WE,1000946923.4115
2019,BR,WF,6401761056.01622
2019,BR,WL,35736991113.28
2019,BR,WM,51411361866.2439
2019,BR,ZA,735992490.509572
2019,CA,AT,398753481.689931
2019,CA,AU,1099199789.34621
2019,CA,BE,1333735303.28375
2019,CA,BG,63185295.864718
2019,CA,BR,3715439483.14745
2019,CA,CA,396916369288.338
2019,CA,CH,649666484.677428
2019,CA,CN,24061812990.0525
2019,CA,CY,27677136.2331611
2019,CA,CZ,182798212.915334
2019,CA,DE,4899251321.49865
2019,CA,DK,369272539.398874
2019,CA,EE,33962206.821448
2019,CA,ES,1510127332.28543
2019,CA,FI,232386416.151989
2019,CA,FR,3793219664.11629
2019,CA,GB,4597658638.94147
2019,CA,GR,203085901.462186
2019,CA,HR,102104868.823327
2019,CA,HU,140699550.360241
2019,CA,ID,1473407313.46796
2019,CA,IE,2005838065.66245
2019,CA,IN,3670813948.93657
2019,CA,IT,1836441153.12705
2019,CA,JP,12155408677.6492
2019,CA,KR,4475714286.88516
2019,CA,LT,48085195.7136644
2019,CA,LU,117090520.60468
2019,CA,LV,30134783.6494388
2019,CA,MT,38925136.3138919
2019,CA,MX,14795632011.2664
2019,CA,NL,2248952958.51742
2019,CA,NO,633779530.421274
2019,CA,PL,466367997.934964
2019,CA,PT,308142269.538107
2019,CA,RO,246696316.72548
2019,CA,RU,876963517.021749
2019,CA,SE,568170025.057686
2019,CA,SI,56337391.7511563
2019,CA,SK,77725940.0742331
2019,CA,TR,1017552374.66636
2019,CA,TW,464358159.387727
2019,CA,US,217781029411.609
2019,CA,WA,12679246725.0565
2019,CA,WE,816786681.282303
2019,CA,WF,3834707653.69166
2019,CA,WL,13694319335.5323
2019,CA,WM,7171816877.69031
2019,CA,ZA,323627628.725161
2019,CH,AT,874502283.019991
2019,CH,AU,284170581.318732
2019,CH,BE,2395416609.55259
2019,CH,BG,52025496.2875167
2019,CH,BR,402470241.049596
2019,CH,CA,606543963.291351
2019,CH,CH,38867888069.9218
2019,CH,CN,1946786953.4792
2019,CH,CY,22718005.9013019
2019,CH,CZ,172190529.023747
2019,CH,DE,5252796725.83711
2019,CH,DK,938903116.390305
2019,CH,EE,29030089.4689994
2019,CH,ES,816127902.814684
2019,CH,FI,294448392.273757
2019,CH,FR,3846367751.4592
2019,CH,GB,1772702206.55501
2019,CH,GR,209465151.159249
2019,CH,HR,66961770.842829
2019,CH,HU,133180340.828905
2019,CH,ID,103722238.236788
2019,CH,IE,870011988.047445
2019,CH,IN,447665345.63907
2019,CH,IT,4355518691.09569
2019,CH,JP,1575363258.90458
2019,CH,KR,344765349.906344
2019,CH,LT,27700185.3884552
2019,CH,LU,224957200.278664
2019,CH,LV,25079923.7857934
2019,CH,MT,10865803.2863054
2019,CH,MX,392600149.758357
2019,CH,NL,1041416653.97507
2019,CH,NO,267355947.191669
2019,CH,PL,325641532.285268
2019,CH,PT,249907474.514412
2019,CH,RO,229166875.568613
2019,CH,RU,879039660.250885
2019,CH,SE,353056323.930369
2019,CH,SI,109700224.329611
2019,CH,SK,82720141.1009641
2019,CH,TR,215874379.54202
2019,CH,TW,317181321.038869
2019,CH,US,8376079282.49559
2019,CH,WA,1791251701.20283
2019,CH,WE,548253346.793327
2019,CH,WF,575010048.847041
2019,CH,WL,764677146.473246
2019,CH,WM,1214043807.12938
2019,CH,ZA,134851130.826045
2019,CN,AT,5788016005.41651
2019,CN,AU,41145745761.7081
2019,CN,BE,15187455554.9869
2019,CN,BG,1677668789.3438
2019,CN,BR,45305575411.1417
2019,CN,CA,48634864366.5017
2019,CN,CH,11125629040.1694
2019,CN,CN,10024799601756.8
2019,CN,CY,642568172.012684
2019,CN,CZ,8161073410.69673
2019,CN,DE,90682439369.9845
2019,CN,DK,5797372139.55646
2019,CN,EE,796919428.687545
2019,CN,ES,22109695417.8254
2019,CN,FI,3347364519.62314
2019,CN,FR,48383226089.3456
2019,CN,GB,64983854597.3948
2019,CN,GR,5464505837.85588
2019,CN,HR,1217539580.26498
2019,CN,HU,4461347004.41803
2019,CN,ID,59010626993.2019
2019,CN,IE,14264650496.0364
2019,CN,IN,105815285571.986
2019,CN,IT,25780612071.7201
2019,CN,JP,146807931352.393
2019,CN,KR,109360497358.613
2019,CN,LT,1152782367.87636
2019,CN,LU,1467819351.54023
2019,CN,LV,645468745.946166
2019,CN,MT,739823624.172479
2019,CN,MX,47885780707.3806
2019,CN,NL,32955766405.8756
2019,CN,NO,7948859361.84249
2019,CN,PL,17603065709.7965
2019,CN,PT,3401634677.15702
2019,CN,RO,4765722001.94131
2019,CN,RU,46776670066.8776
2019,CN,SE,8266587163.94058
2019,CN,SI,1628686510.35297
2019,CN,SK,2611982727.88285
2019,CN,TR,21581200290.5896
2019,CN,TW,5868108735.1139
2019,CN,US,479572789599.911
2019,CN,WA,740867411425.107
2019,CN,WE,20298339758.73
2019,CN,WF,123027494692.224
2019,CN,WL,138006044165.712
2019,CN,WM,249468225821.326
2019,CN,ZA,13815710149.0217
2019,CY,AT,82956001.4587469
2019,CY,AU,43288109.2163817
2019,CY,BE,94575515.3385843
2019,CY,BG,69358018.3731088
2019,CY,BR,43436209.0216144
2019,CY,CA,38456588.2972349
2019,CY,CH,79613821.893361
2019,CY,CN,263123127.434693
2019,CY,CY,6409147447.86812
2019,CY,CZ,35077323.0051498
2019,CY,DE,729011961.388633
2019,CY,DK,46132960.3586389
2019,CY,EE,40783706.5797568
2019,CY,ES,64329763.0878673
2019,CY,FI,41052668.5268752
2019,CY,FR,170121770.258037
2019,CY,GB,750285054.128017
2019,CY,GR,267038885.875232
2019,CY,HR,7974120.90113913
2019,CY,HU,35885251.5101529
2019,CY,ID,23196662.263982
2019,CY,IE,52703846.0076619
2019,CY,IN,102965099.892701
2019,CY,IT,227519483.394585
2019,CY,JP,99425805.8584968
2019,CY,KR,54249437.254915
2019,CY,LT,22363197.4911399
2019,CY,LU,6356562.53129778
2019,CY,LV,26379949.3849726
2019,CY,MT,11638437.8374983
2019,CY,MX,34968854.6461132
2019,CY,NL,84727178.0910743
2019,CY,NO,59136735.2022054
2019,CY,PL,77722355.3648798
2019,CY,PT,16411055.3669317
2019,CY,RO,61060103.9563664
2019,CY,RU,843388627.27292
2019,CY,SE,84416618.1728638
2019,CY,SI,6189418.40178966
2019,CY,SK,25797779.704257
2019,CY,TR,67020915.9800805
2019,CY,TW,59875524.3695079
2019,CY,US,365247898.871407
2019,CY,WA,317749569.92108
2019,CY,WE,91549905.7159828
2019,CY,WF,99231781.9092853
2019,CY,WL,117650165.000719
2019,CY,WM,764342076.38297
2019,CY,ZA,18358291.6510823
2019,CZ,AT,1747810566.01864
2019,CZ,AU,104581176.824088
2019,CZ,BE,551348243.969435
2019,CZ,BG,210051145.608768
2019,CZ,BR,147042604.892833
2019,CZ,CA,221709775.452736
2019,CZ,CH,566170311.742269
2019,CZ,CN,1548405580.51163
2019,CZ,CY,17681697.6536404
2019,CZ,CZ,77944513340.6303
2019,CZ,DE,8910127495.62471
2019,CZ,DK,260996030.651682
2019,CZ,EE,45678233.0663465
2019,CZ,ES,649328734.545991
2019,CZ,FI,159128939.998124
2019,CZ,FR,1634797108.86409
2019,CZ,GB,1735588956.35097
2019,CZ,GR,169022473.708523
2019,CZ,HR,140919107.221079
2019,CZ,HU,780085091.79122
2019,CZ,ID,63950094.0103729
2019,CZ,IE,575780376.090331
2019,CZ,IN,237019002.610579
2019,CZ,IT,1710544143.84434
2019,CZ,JP,354825112.699048
2019,CZ,KR,178481013.566342
2019,CZ,LT,94943902.946362
2019,CZ,LU,51207148.945597
2019,CZ,LV,39456291.9642172
2019,CZ,MT,6703719.46006772
2019,CZ,MX,181379475.470787
2019,CZ,NL,693723488.686894
2019,CZ,NO,249738343.811468
2019,CZ,PL,1781918280.71489
2019,CZ,PT,109931462.627558
2019,CZ,RO,506533306.52457
2019,CZ,RU,932681910.331675
2019,CZ,SE,427310153.538983
2019,CZ,SI,120533766.452829
2019,CZ,SK,4515601240.23573
2019,CZ,TR,450076074.805836
2019,CZ,TW,100788079.799229
2019,CZ,US,1819822625.08463
2019,CZ,WA,1027218654.31553
2019,CZ,WE,1436137474.35935
2019,CZ,WF,419319740.152697
2019,CZ,WL,320080149.81058
2019,CZ,WM,1337647696.78482
2019,CZ,ZA,111343267.892662
2019,DE,AT,11571497324.1715
2019,DE,AU,1827923185.52161
2019,DE,BE,7646474234.70275
2019,DE,BG,657849996.61084
2019,DE,BR,3693054319.43634
2019,DE,CA,3330416162.74382
2019,DE,CH,9472125177.65332
2019,DE,CN,26836963438.2099
2019,DE,CY,150522872.487656
2019,DE,CZ,4996825164.7138
2019,DE,DE,544323857207.319
2019,DE,DK,3752584176.59881
2019,DE,EE,310622537.024424
2019,DE,ES,7119578883.9511
2019,DE,FI,2097546144.46032
2019,DE,FR,18898603490.0086
2019,DE,GB,15541334838.0683
2019,DE,GR,1405521065.07448
2019,DE,HR,663964858.820444
2019,DE,HU,2594866285.13018
2019,DE,ID,928776231.30054
2019,DE,IE,4892002107.50854
2019,DE,IN,5680456063.95995
2019,DE,IT,13858801380.026
2019,DE,JP,5424077560.82681
2019,DE,KR,4132768102.64704
2019,DE,LT,587169461.284467
2019,DE,LU,1087182737.92673
2019,DE,LV,268224734.34067
2019,DE,MT,94068901.4679066
2019,DE,MX,3268199681.02322
2019,DE,NL,10728474307.2745
2019,DE,NO,2601181805.43775
2019,DE,PL,9804556854.47633
2019,DE,PT,1398748583.04454
2019,DE,RO,2555169982.12021
2019,DE,RU,5380764975.65854
2019,DE,SE,4163868825.82079
2019,DE,SI,655300985.528286
2019,DE,SK,1758972962.86554
2019,DE,TR,3374366921.933
2019,DE,TW,4050579136.65709
2019,DE,US,27461006465.3569
2019,DE,WA,13424118767.9424
2019,DE,WE,3993519208.25351
2019,DE,WF,5063772884.44828
2019,DE,WL,5419068475.50705
2019,DE,WM,12952699657.8073
2019,DE,ZA,1437762742.16814
2019,DK,AT,306704086.197335
2019,DK,AU,637576632.338611
2019,DK,BE,662711504.04319
2019,DK,BG,84092253.6915214
2019,DK,BR,965166611.613607
2019,DK,CA,655956693.429282
2019,DK,CH,1022880206.37116
2019,DK,CN,5474499032.75289
2019,DK,CY,30219483.0446611
2019,DK,CZ,182166931.936575
2019,DK,DE,4820567681.6615
2019,DK,DK,27955350832.3671
2019,DK,EE,101084417.360381
2019,DK,ES,991358334.871903
2019,DK,FI,928354261.335388
2019,DK,FR,1688039961.0736
2019,DK,GB,2826160372.09183
2019,DK,GR,259155289.455851
2019,DK,HR,67153387.613651
2019,DK,HU,288055321.359089
2019,DK,ID,255515510.938724
2019,DK,IE,736257154.251247
2019,DK,IN,1484016512.56359
2019,DK,IT,1377214327.16363
2019,DK,JP,1631484076.88591
2019,DK,KR,936962561.542699
2019,DK,LT,158627289.563087
2019,DK,LU,46377509.2401483
2019,DK,LV,92084275.0618443
2019,DK,MT,24191958.8441718
2019,DK,MX,507577186.112915
2019,DK,NL,900378812.719915
2019,DK,NO,2979217082.69704
2019,DK,PL,997676343.805888
2019,DK,PT,155627957.777098
2019,DK,RO,179907141.831537
2019,DK,RU,1086497318.40493
2019,DK,SE,3029765280.71405
2019,DK,SI,50229391.752786
2019,DK,SK,110438133.721239
2019,DK,TR,515902854.766101
2019,DK,TW,2361452149.64472
2019,DK,US,7127913487.30952
2019,DK,WA,2746861763.34735
2019,DK,WE,564887139.179385
2019,DK,WF,850784848.975121
2019,DK,WL,1276307218.77594
2019,DK,WM,2426129802.65701
2019,DK,ZA,245803306.485363
2019,EE,AT,48985108.8378868
2019,EE,AU,74178336.8753164
2019,EE,BE,88224025.9956677
2019,EE,BG,11890655.9790943
2019,EE,BR,24103382.5653873
2019,EE,CA,76601943.0530957
2019,EE,CH,99400071.3327284
2019,EE,CN,248318651.346142
2019,EE,CY,20793907.0766804
2019,EE,CZ,23549089.6086295
2019,EE,DE,454417449.646224
2019,EE,DK,184109599.173794
2019,EE,EE,6056466497.08239
2019,EE,ES,101543318.773613
2019,EE,FI,1044622437.36319
2019,EE,FR,175980542.564104
2019,EE,GB,286717524.161936
2019,EE,GR,22951653.8998878
2019,EE,HR,6510003.64972934
2019,EE,HU,20725114.0446852
2019,EE,ID,12470620.525064
2019,EE,IE,59048871.5982512
2019,EE,IN,64844682.5965793
2019,EE,IT,100993092.125207
2019,EE,JP,75641029.8943087
2019,EE,KR,44565299.6055054
2019,EE,LT,282307614.962753
2019,EE,LU,9436077.44296029
2019,EE,LV,689201017.825092
2019,EE,MT,15674963.9690628
2019,EE,MX,20128029.320031
2019,EE,NL,209792850.975573
2019,EE,NO,208706222.778983
2019,EE,PL,126664141.390549
2019,EE,PT,15441609.4725824
2019,EE,RO,31658457.1154128
2019,EE,RU,367528652.670731
2019,EE,SE,380470411.634123
2019,EE,SI,6349394.19034152
2019,EE,SK,18771030.0813881
2019,EE,TR,87468001.8940788
2019,EE,TW,27186832.4677
2019,EE,US,441562312.605611
2019,EE,WA,248388476.081313
2019,EE,WE,116699510.641227
2019,EE,WF,148979607.306413
2019,EE,WL,174272421.371945
2019,EE,WM,437376821.2176
2019,EE,ZA,13948859.0080302
2019,ES,AT,505943322.23052
2019,ES,AU,337521745.156505
2019,ES,BE,1297998533.50582
2019,ES,BG,186529952.908766
2019,ES,BR,1203089923.93455
2019,ES,CA,757210081.356236
2019,ES,CH,889063356.487011
2019,ES,CN,5440326574.75358
2019,ES,CY,66385991.3661756
2019,ES,CZ,411249883.391287
2019,ES,DE,7033905496.31699
2019,ES,DK,535568269.799462
2019,ES,EE,60425789.9934505
2019,ES,ES,229488906895.053
2019,ES,FI,298446537.46226
2019,ES,FR,9909782114.57438
2019,ES,GB,8504685259.93904
2019,ES,GR,622116719.454148
2019,ES,HR,136744027.545031
2019,ES,HU,329395115.892516
2019,ES,ID,185493215.568454
2019,ES,IE,1668718798.21542
2019,ES,IN,708673263.13987
2019,ES,IT,4264727438.92465
2019,ES,JP,1334929927.19886
2019,ES,KR,824620806.450954
2019,ES,LT,105604104.183906
2019,ES,LU,141546030.05465
2019,ES,LV,53678557.2169489
2019,ES,MT,75215480.6305165
2019,ES,MX,986378156.29266
2019,ES,NL,1507444531.27925
2019,ES,NO,553708631.894834
2019,ES,PL,1103215270.95132
2019,ES,PT,5030624681.13261
2019,ES,RO,594490353.222527
2019,ES,RU,884156422.971582
2019,ES,SE,792409486.345295
2019,ES,SI,107644435.566928
2019,ES,SK,239145067.612384
2019,ES,TR,1081322223.04881
2019,ES,TW,158792004.672591
2019,ES,US,6966520118.72837
2019,ES,WA,2769801719.35569
2019,ES,WE,1603376977.86374
2019,ES,WF,6828466098.97548
2019,ES,WL,3128021647.09089
2019,ES,WM,5208773032.01904
2019,ES,ZA,242171220.951116
2019,FI,AT,157108505.717907
2019,FI,AU,188406097.741276
2019,FI,BE,424153750.914381
2019,FI,BG,25627294.5578311
2019,FI,BR,146199492.613887
2019,FI,CA,167402672.203446
2019,FI,CH,196788662.213308
2019,FI,CN,1965831153.37438
2019,FI,CY,28429095.3856939
2019,FI,CZ,84311323.0050672
2019,FI,DE,2417860797.74249
2019,FI,DK,267453719.525569
2019,FI,EE,455930453.138138
2019,FI,ES,375729746.307522
2019,FI,FI,35029569291.7662
2019,FI,FR,869952529.12087
2019,FI,GB,1084507600.28905
2019,FI,GR,60402363.8465438
2019,FI,HR,17265442.1279615
2019,FI,HU,68938991.3048822
2019,FI,ID,64414748.094855
2019,FI,IE,247389624.403806
2019,FI,IN,378150608.190375
2019,FI,IT,483354105.35564
2019,FI,JP,543658762.587111
2019,FI,KR,199171230.447335
2019,FI,LT,187815405.987431
2019,FI,LU,38514047.1839566
2019,FI,LV,184745894.235666
2019,FI,MT,6440100.80663296
2019,FI,MX,157813048.95796
2019,FI,NL,644080310.537776
2019,FI,NO,544398723.229377
2019,FI,PL,344539368.532986
2019,FI,PT,60023566.0242285
2019,FI,RO,73982852.9089597
2019,FI,RU,1215696554.03501
2019,FI,SE,2392540329.64314
2019,FI,SI,16996166.0305733
2019,FI,SK,47468229.9515223
2019,FI,TR,198978821.586993
2019,FI,TW,309585674.50157
2019,FI,US,2078190818.33018
2019,FI,WA,1002526812.78112
2019,FI,WE,245425014.782524
2019,FI,WF,477437237.935962
2019,FI,WL,403446985.788105
2019,FI,WM,1050894319.07796
2019,FI,ZA,124628190.225175
2019,FR,AT,958239931.835067
2019,FR,AU,808551452.288293
2019,FR,BE,6392379756.9686
2019,FR,BG,204536684.933935
2019,FR,BR,2030903186.48182
2019,FR,CA,1881216633.64456
2019,FR,CH,3037601314.19587
2019,FR,CN,12711032436.0263
2019,FR,CY,79207783.640786
2019,FR,CZ,573215025.530447
2019,FR,DE,13939736537.6675
2019,FR,DK,659860978.746368
2019,FR,EE,80774502.1177592
2019,FR,ES,7332986503.90129
2019,FR,FI,585499297.766646
2019,FR,FR,292409811184.849
2019,FR,GB,9444880260.33762
2019,FR,GR,1053305365.85325
2019,FR,HR,142251801.637689
2019,FR,HU,491143721.847255
2019,FR,ID,765016639.003396
2019,FR,IE,2593393105.9712
2019,FR,IN,2142180518.58321
2019,FR,IT,9290036194.16503
2019,FR,JP,2491778888.18696
2019,FR,KR,1702431439.21217
2019,FR,LT,128694309.682803
2019,FR,LU,695166729.466854
2019,FR,LV,74557889.8395101
2019,FR,MT,71156488.5931748
2019,FR,MX,1131677949.65446
2019,FR,NL,3601290452.07086
2019,FR,NO,743731694.237287
2019,FR,PL,1496945164.68625
2019,FR,PT,1116305367.18571
2019,FR,RO,821623351.829359
2019,FR,RU,1488566825.64076
2019,FR,SE,1136639410.71336
2019,FR,SI,163806367.635478
2019,FR,SK,374194101.460355
2019,FR,TR,1627065102.67188
2019,FR,TW,5123118528.27543
2019,FR,US,12906301323.0876
2019,FR,WA,7603408160.37416
2019,FR,WE,1106359757.38605
2019,FR,WF,9713646301.40255
2019,FR,WL,2425632920.19463
2019,FR,WM,7145843455.93709
2019,FR,ZA,495913590.226796
2019,GB,AT,840718637.348713
2019,GB,AU,4566428123.31638
2019,GB,BE,4149118458.62775
2019,GB,BG,219088435.106949
2019,GB,BR,1330004052.70141
2019,GB,CA,2535315241.99364
2019,GB,CH,2129342791.59853
2019,GB,CN,15145630163.2819
2019,GB,CY,344794811.845031
2019,GB,CZ,536537301.451176
2019,GB,DE,12192371745.5218
2019,GB,DK,1369620594.77627
2019,GB,EE,108330043.209903
2019,GB,ES,7516318406.09959
2019,GB,FI,832927653.454606
2019,GB,FR,9035700844.53439
2019,GB,GB,305279503157.011
2019,GB,GR,873564593.770826
2019,GB,HR,106577809.716
2019,GB,HU,468214648.770195
2019,GB,ID,759207620.006283
2019,GB,IE,17418427431.6189
2019,GB,IN,3240517374.4194
2019,GB,IT,4651133362.21091
2019,GB,JP,4189387772.93157
2019,GB,KR,2014213212.7933
2019,GB,LT,198236564.33224
2019,GB,LU,355975984.625014
2019,GB,LV,156181127.888174
2019,GB,MT,117266765.222562
2019,GB,MX,1137450168.19408
2019,GB,NL,7164240919.94869
2019,GB,NO,1583826937.57161
2019,GB,PL,1679729058.08098
2019,GB,PT,1219089063.57312
2019,GB,RO,471634508.657869
2019,GB,RU,1620180340.63379
2019,GB,SE,2172139331.3178
2019,GB,SI,113823392.670147
2019,GB,SK,347590812.711454
2019,GB,TR,1513030810.54401
2019,GB,TW,2963829575.36322
2019,GB,US,21787532559.1442
2019,GB,WA,8734686228.65142
2019,GB,WE,1160998340.44525
2019,GB,WF,4513196170.88818
2019,GB,WL,2890497491.57356
2019,GB,WM,7434453054.60031
2019,GB,ZA,980024162.746978
2019,GR,AT,358155816.079608
2019,GR,AU,258640967.470756
2019,GR,BE,463012976.886468
2019,GR,BG,805657914.960709
2019,GR,BR,426311479.180986
2019,GR,CA,465513177.865424
2019,GR,CH,889587125.650138
2019,GR,CN,2305765045.71401
2019,GR,CY,666425214.776008
2019,GR,CZ,142231383.576202
2019,GR,DE,3202715348.0336
2019,GR,DK,181166971.67774
2019,GR,EE,38648081.0187158
2019,GR,ES,627116489.888116
2019,GR,FI,132638082.532343
2019,GR,FR,1530845322.64763
2019,GR,GB,2728925071.60049
2019,GR,GR,104276070197.266
2019,GR,HR,125251896.462523
2019,GR,HU,125638621.769028
2019,GR,ID,112753160.233728
2019,GR,IE,385231460.860334
2019,GR,IN,539676123.772075
2019,GR,IT,2400815251.65172
2019,GR,JP,692795590.850384
2019,GR,KR,701581265.382104
2019,GR,LT,57939590.8038295
2019,GR,LU,35392742.6647165
2019,GR,LV,34612823.7744967
2019,GR,MT,40608909.4338534
2019,GR,MX,325269346.608603
2019,GR,NL,493495238.78283
2019,GR,NO,147787951.027887
2019,GR,PL,357273756.48942
2019,GR,PT,101498174.783538
2019,GR,RO,659153873.186785
2019,GR,RU,540147813.354978
2019,GR,SE,355242718.037973
2019,GR,SI,338156565.145061
2019,GR,SK,109207288.841768
2019,GR,TR,803050728.858657
2019,GR,TW,1117981860.80722
2019,GR,US,6642235864.20768
2019,GR,WA,2087969515.45116
2019,GR,WE,1986896062.6786
2019,GR,WF,1616634643.1109
2019,GR,WL,845652637.319906
2019,GR,WM,3568297500.98955
2019,GR,ZA,107106644.956629
2019,HR,AT,385486809.848642
2019,HR,AU,53036114.826819
2019,HR,BE,84755315.0438145
2019,HR,BG,38618105.217531
2019,HR,BR,22665616.3525597
2019,HR,CA,39302284.7196468
2019,HR,CH,137073124.055758
2019,HR,CN,182292664.647486
2019,HR,CY,5459811.83958652
2019,HR,CZ,60596698.3450215
2019,HR,DE,904786182.667165
2019,HR,DK,27115426.4631931
2019,HR,EE,4571925.17707981
2019,HR,ES,107515641.323906
2019,HR,FI,25025148.1632539
2019,HR,FR,226399987.592983
2019,HR,GB,228558548.530391
2019,HR,GR,42737510.800512
2019,HR,HR,15176500639.126
2019,HR,HU,333522906.6718
2019,HR,ID,9869611.93401872
2019,HR,IE,62380199.3796399
2019,HR,IN,51348962.283649
2019,HR,IT,778984006.218738
2019,HR,JP,68663127.8628536
2019,HR,KR,31612664.2206879
2019,HR,LT,11767782.2126844
2019,HR,LU,6002000.03466512
2019,HR,LV,6101140.48504542
2019,HR,MT,14481540.4638688
2019,HR,MX,24153221.4464631
2019,HR,NL,78342133.2916745
2019,HR,NO,38761384.1087896
2019,HR,PL,111251612.491434
2019,HR,PT,20120868.9660604
2019,HR,RO,90879505.722239
2019,HR,RU,171817352.790988
2019,HR,SE,70372454.3341393
2019,HR,SI,348841153.372121
2019,HR,SK,55941395.9379841
2019,HR,TR,64467431.9510893
2019,HR,TW,18045693.9437079
2019,HR,US,331718523.928948
2019,HR,WA,187770890.176504
2019,HR,WE,1589564366.35418
2019,HR,WF,84019936.3775127
2019,HR,WL,53889435.3139388
2019,HR,WM,251027270.205237
2019,HR,ZA,9614879.22250111
2019,HU,AT,1878701404.97177
2019,HU,AU,97470550.1356756
2019,HU,BE,329374071.829139
2019,HU,BG,235398526.378465
2019,HU,BR,137443197.296695
2019,HU,CA,188032790.907492
2019,HU,CH,387792901.791809
2019,HU,CN,1033281964.96348
2019,HU,CY,21333002.146411
2019,HU,CZ,481725363.035938
2019,HU,DE,5131717173.3003
2019,HU,DK,161907181.246514
2019,HU,EE,27628178.159354
2019,HU,ES,598389910.656043
2019,HU,FI,116666125.268519
2019,HU,FR,1250830363.64776
2019,HU,GB,1302141094.56867
2019,HU,GR,237810881.659127
2019,HU,HR,1189882273.01417
2019,HU,HU,34668295418.5681
2019,HU,ID,40566662.0213134
2019,HU,IE,267673393.503113
2019,HU,IN,148861451.999176
2019,HU,IT,1810821857.10271
2019,HU,JP,368492314.483334
2019,HU,KR,187996438.656717
2019,HU,LT,71115740.5235924
2019,HU,LU,32950272.1977428
2019,HU,LV,32376694.700185
2019,HU,MT,8038361.34376656
2019,HU,MX,164506468.334821
2019,HU,NL,566415165.913541
2019,HU,NO,147456847.334708
2019,HU,PL,922553382.194809
2019,HU,PT,93766118.5092404
2019,HU,RO,1966916211.40456
2019,HU,RU,714587054.908503
2019,HU,SE,331239787.062493
2019,HU,SI,210136591.963156
2019,HU,SK,753262029.383448
2019,HU,TR,602034204.236841
2019,HU,TW,102125657.970043
2019,HU,US,1542903086.993
2019,HU,WA,801746591.221783
2019,HU,WE,2737687287.55506
2019,HU,WF,293184205.739676
2019,HU,WL,250136084.933734
2019,HU,WM,1216890373.6665
2019,HU,ZA,54805991.4314067
2019,ID,AT,324287889.506658
2019,ID,AU,3141908970.08025
2019,ID,BE,855986991.488478
2019,ID,BG,93034974.0563483
2019,ID,BR,1486950876.38015
2019,ID,CA,2080074270.78914
2019,ID,CH,809171640.244516
2019,ID,CN,60697386922.5016
2019,ID,CY,44525490.185561
2019,ID,CZ,279964362.754507
2019,ID,DE,3650019850.99545
2019,ID,DK,283501008.505361
2019,ID,EE,59745573.0138586
2019,ID,ES,1269963070.11688
2019,ID,FI,163489542.926622
2019,ID,FR,2257704374.75618
2019,ID,GB,2887666764.76055
2019,ID,GR,259939339.284619
2019,ID,HR,65861344.5228641
2019,ID,HU,190998985.540477
2019,ID,ID,737378409055.076
2019,ID,IE,632601001.720949
2019,ID,IN,26030341179.7443
2019,ID,IT,1842053972.30992
2019,ID,JP,20283134611.3508
2019,ID,KR,10306048720.44
2019,ID,LT,48616279.3394449
2019,ID,LU,121512479.988046
2019,ID,LV,52459595.0426451
2019,ID,MT,27012311.6756654
2019,ID,MX,1789329719.81087
2019,ID,NL,1470192733.88891
2019,ID,NO,332114201.855798
2019,ID,PL,626400740.121105
2019,ID,PT,182961212.592091
2019,ID,RO,299943952.914173
2019,ID,RU,1973504714.8406
2019,ID,SE,345320065.821626
2019,ID,SI,107704095.693111
2019,ID,SK,140068669.51145
2019,ID,TR,1449425773.30753
2019,ID,TW,543919884.717999
2019,ID,US,22229519493.2297
2019,ID,WA,73125095158.7275
2019,ID,WE,752603843.923101
2019,ID,WF,5226096302.7345
2019,ID,WL,3593276711.87884
2019,ID,WM,13542030618.4906
2019,ID,ZA,649950737.72424
2019,IE,AT,150239203.25307
2019,IE,AU,482228712.115597
2019,IE,BE,730335293.668555
2019,IE,BG,40785671.8744727
2019,IE,BR,126885902.351764
2019,IE,CA,471610908.843709
2019,IE,CH,811077908.354763
2019,IE,CN,2157934702.98023
2019,IE,CY,25187137.892982
2019,IE,CZ,168739878.990978
2019,IE,DE,2692310801.72757
2019,IE,DK,215477489.69577
2019,IE,EE,19792675.5139895
2019,IE,ES,2552959127.79726
2019,IE,FI,113913891.268861
2019,IE,FR,2787161143.42268
2019,IE,GB,15518735618.6291
2019,IE,GR,187263507.934449
2019,IE,HR,23352824.3974469
2019,IE,HU,102579602.869812
2019,IE,ID,97431569.2898831
2019,IE,IE,23754199773.4539
2019,IE,IN,364502754.946268
2019,IE,IT,2355053714.9938
2019,IE,JP,597546004.567099
2019,IE,KR,190158497.585819
2019,IE,LT,47645373.4130918
2019,IE,LU,75439083.3182638
2019,IE,LV,44578719.8707292
2019,IE,MT,24915648.909682
2019,IE,MX,243974749.693855
2019,IE,NL,1329075945.56793
2019,IE,NO,343911891.085363
2019,IE,PL,282688853.127829
2019,IE,PT,297256963.952979
2019,IE,RO,108204617.273455
2019,IE,RU,307412623.815202
2019,IE,SE,414991798.935489
2019,IE,SI,22325810.9753392
2019,IE,SK,72662722.1805847
2019,IE,TR,1007255886.1308
2019,IE,TW,194388553.659512
2019,IE,US,3594238448.34496
2019,IE,WA,1862037084.28709
2019,IE,WE,152504723.432274
2019,IE,WF,1522630971.83947
2019,IE,WL,721654830.123833
2019,IE,WM,1654156211.1638
2019,IE,ZA,118099199.454012
2019,IN,AT,1417173212.64004
2019,IN,AU,4984245326.06374
2019,IN,BE,4877107157.24045
2019,IN,BG,298318433.704668
2019,IN,BR,5977979152.69351
2019,IN,CA,6104574970.22172
2019,IN,CH,2567916695.05267
2019,IN,CN,38714024692.5186
2019,IN,CY,325657062.559936
2019,IN,CZ,851311759.496424
2019,IN,DE,16559935114.5993
2019,IN,DK,1512002505.10676
2019,IN,EE,141886471.163237
2019,IN,ES,5139110483.55944
2019,IN,FI,822600746.812525
2019,IN,FR,11720702256.5754
2019,IN,GB,16425601141.2845
2019,IN,GR,855003722.024004
2019,IN,HR,207150707.602458
2019,IN,HU,653637446.192281
2019,IN,ID,9197296096.33824
2019,IN,IE,2602123878.75767
2019,IN,IN,2888860443129.07
2019,IN,IT,7498466821.5007
2019,IN,JP,10379931709.084
2019,IN,KR,7534174243.9024
2019,IN,LT,166924546.07985
2019,IN,LU,595007257.673476
2019,IN,LV,131893773.012575
2019,IN,MT,141108217.684539
2019,IN,MX,6559778867.42757
2019,IN,NL,6134952922.16286
2019,IN,NO,1186706743.02783
2019,IN,PL,2612996762.24387
2019,IN,PT,1102529882.57677
2019,IN,RO,981642603.714556
2019,IN,RU,5532356763.68671
2019,IN,SE,1529949608.49498
2019,IN,SI,286153944.147344
2019,IN,SK,477128376.996618
2019,IN,TR,6313413073.60064
2019,IN,TW,1147717122.5655
2019,IN,US,81919593478.4844
2019,IN,WA,124475293025.071
2019,IN,WE,3244881126.85599
2019,IN,WF,31091056410.4565
2019,IN,WL,14085189959.0536
2019,IN,WM,125365363835.127
2019,IN,ZA,3736627894.81346
2019,IT,AT,1581956950.45707
2019,IT,AU,591949082.09494
2019,IT,BE,1464377144.49529
2019,IT,BG,492652514.081469
2019,IT,BR,1040521999.43916
2019,IT,CA,1264543384.4062
2019,IT,CH,2730472447.44326
2019,IT,CN,5235821658.40965
2019,IT,CY,127556342.40731
2019,IT,CZ,595612859.130701
2019,IT,DE,9724575810.00472
2019,IT,DK,449869367.992606
2019,IT,EE,70164698.6294399
2019,IT,ES,3098249712.29544
2019,IT,FI,302686955.318305
2019,IT,FR,7432511693.84938
2019,IT,GB,5008113194.264
2019,IT,GR,999143797.074987
2019,IT,HR,622666398.601517
2019,IT,HU,564626759.770138
2019,IT,ID,287476858.424181
2019,IT,IE,1434062644.35049
2019,IT,IN,1196554101.05631
2019,IT,IT,299553186600.048
2019,IT,JP,1853769049.4
2019,IT,KR,939486085.181462
2019,IT,LT,138260726.254252
2019,IT,LU,147328460.564395
2019,IT,LV,74609815.1212909
2019,IT,MT,179808132.239952
2019,IT,MX,702526978.410142
2019,IT,NL,1449927796.41862
2019,IT,NO,647932562.495069
2019,IT,PL,1462843989.75184
2019,IT,PT,540992398.481074
2019,IT,RO,1118675248.81431
2019,IT,RU,1448276407.92639
2019,IT,SE,847728197.718064
2019,IT,SI,490299296.048484
2019,IT,SK,407131984.866145
2019,IT,TR,1494200136.44366
2019,IT,TW,439877250.676703
2019,IT,US,9744062730.56888
2019,IT,WA,4548856005.96092
2019,IT,WE,2079996662.03202
2019,IT,WF,3766602428.27007
2019,IT,WL,1770442250.8322
2019,IT,WM,6434327751.60131
2019,IT,ZA,334527431.900548
2019,JP,AT,382905361.830827
2019,JP,AU,3093394515.60263
2019,JP,BE,1254280218.43955
2019,JP,BG,61156163.7506236
2019,JP,BR,1646218801.12159
2019,JP,CA,2939518514.48768
2019,JP,CH,977700683.014199
2019,JP,CN,53600254539.9711
2019,JP,CY,39642353.2161387
2019,JP,CZ,288206853.902725
2019,JP,DE,5681262294.54713
2019,JP,DK,444194471.706062
2019,JP,EE,50494004.0506182
2019,JP,ES,957986054.770968
2019,JP,FI,265046108.482167
2019,JP,FR,3238492741.27384
2019,JP,GB,3889497273.44955
2019,JP,GR,273071307.526046
2019,JP,HR,45819628.7617441
2019,JP,HU,304524543.63404
2019,JP,ID,5153704918.48087
2019,JP,IE,1036878638.46962
2019,JP,IN,6024439436.15529
2019,JP,IT,1505934974.60561
2019,JP,JP,963108518436.493
2019,JP,KR,14679767979.5896
2019,JP,LT,42333473.0055488
2019,JP,LU,99715994.859589
2019,JP,LV,29661853.3157284
2019,JP,MT,37216732.01389
2019,JP,MX,3431179578.23452
2019,JP,NL,1617819217.78579
2019,JP,NO,522148270.555543
2019,JP,PL,674880625.120503
2019,JP,PT,143060704.336918
2019,JP,RO,185880165.960981
2019,JP,RU,2157009453.37424
2019,JP,SE,529099279.179558
2019,JP,SI,68850853.6920941
2019,JP,SK,110923941.57731
2019,JP,TR,879105779.431422
2019,JP,TW,10620330821.5428
2019,JP,US,34183089547.0145
2019,JP,WA,44465238751.3266
2019,JP,WE,643334802.621013
2019,JP,WF,3225465900.97327
2019,JP,WL,6177576513.31096
2019,JP,WM,11128661114.8156
2019,JP,ZA,554889130.509905
2019,KR,AT,349256456.796129
2019,KR,AU,2752300692.97942
2019,KR,BE,863109662.002284
2019,KR,BG,103194628.552303
2019,KR,BR,1683825658.96959
2019,KR,CA,2729044599.43239
2019,KR,CH,526076186.862019
2019,KR,CN,44670705641.2815
2019,KR,CY,89408629.9911111
2019,KR,CZ,388427342.748283
2019,KR,DE,5356431455.04236
2019,KR,DK,470720184.829519
2019,KR,EE,38351912.4529343
2019,KR,ES,1119716778.89326
2019,KR,FI,208930298.795261
2019,KR,FR,3482223889.99192
2019,KR,GB,2958670950.09669
2019,KR,GR,653042748.019367
2019,KR,HR,71955397.6187576
2019,KR,HU,323871622.539117
2019,KR,ID,4142487789.96618
2019,KR,IE,936237364.390804
2019,KR,IN,7915895189.09213
2019,KR,IT,2142894309.53203
2019,KR,JP,20513739403.0783
2019,KR,KR,512633976645.373
2019,KR,LT,53529381.3931901
2019,KR,LU,145727588.483017
2019,KR,LV,33863379.8139459
2019,KR,MT,157180438.605452
2019,KR,MX,3933256796.67149
2019,KR,NL,1192980209.61211
2019,KR,NO,710293910.194079
2019,KR,PL,822564035.1058
2019,KR,PT,220364689.773697
2019,KR,RO,268461272.199827
2019,KR,RU,2934136109.12595
2019,KR,SE,465744914.833343
2019,KR,SI,344083224.797451
2019,KR,SK,295994254.060016
2019,KR,TR,1823499123.15243
2019,KR,TW,712819517.787867
2019,KR,US,27226147172.131
2019,KR,WA,35152292865.3475
2019,KR,WE,706261917.87711
2019,KR,WF,3958137222.80661
2019,KR,WL,6504579972.60804
2019,KR,WM,10464300031.5924
2019,KR,ZA,419174826.62117
2019,LT,AT,240932207.140277
2019,LT,AU,44372630.0621402
2019,LT,BE,145030429.074196
2019,LT,BG,22548030.6541963
2019,LT,BR,31756297.2277519
2019,LT,CA,67528540.7028857
2019,LT,CH,239350905.5067
2019,LT,CN,444293527.289905
2019,LT,CY,107509142.014324
2019,LT,CZ,56400655.0843794
2019,LT,DE,1264167475.96223
2019,LT,DK,295344162.294196
2019,LT,EE,250651976.745773
2019,LT,ES,208776619.782903
2019,LT,FI,124678888.860613
2019,LT,FR,416541431.129657
2019,LT,GB,446251829.565736
2019,LT,GR,38126291.372021
2019,LT,HR,123943975.596527
2019,LT,HU,37251968.1885178
2019,LT,ID,15963470.9737102
2019,LT,IE,92408939.0184047
2019,LT,IN,77342904.0780663
2019,LT,IT,362195809.276767
2019,LT,JP,75785647.8984735
2019,LT,KR,46428506.5813857
2019,LT,LT,13785624688.707
2019,LT,LU,11882736.8530624
2019,LT,LV,532209078.194034
2019,LT,MT,3102182.04631306
2019,LT,MX,25654198.9434461
2019,LT,NL,297743489.841569
2019,LT,NO,215083396.999435
2019,LT,PL,747433638.191636
2019,LT,PT,24247136.6874759
2019,LT,RO,46222511.1841477
2019,LT,RU,1078289826.9804
2019,LT,SE,226135662.213271
2019,LT,SI,50045529.5244826
2019,LT,SK,28408257.5351313
2019,LT,TR,98476766.42967
2019,LT,TW,36429408.4443225
2019,LT,US,568293668.568732
2019,LT,WA,412199937.553776
2019,LT,WE,780726972.443814
2019,LT,WF,257826576.744369
2019,LT,WL,117785582.295555
2019,LT,WM,860156323.891672
2019,LT,ZA,29990137.518652
2019,LU,AT,41613079.1819529
2019,LU,AU,24634379.4413753
2019,LU,BE,291398625.55108
2019,LU,BG,4781352.85015469
2019,LU,BR,22736858.8319176
2019,LU,CA,155443620.514273
2019,LU,CH,408522739.288169
2019,LU,CN,306363359.899357
2019,LU,CY,9438632.73843534
2019,LU,CZ,18832956.5981363
2019,LU,DE,828614636.916127
2019,LU,DK,33253733.6106821
2019,LU,EE,2448965.55892568
2019,LU,ES,104413973.490064
2019,LU,FI,26959893.1335728
2019,LU,FR,670132712.784435
2019,LU,GB,398369772.284873
2019,LU,GR,14356700.9539635
2019,LU,HR,4112157.77768799
2019,LU,HU,17874444.9855649
2019,LU,ID,13460334.691246
2019,LU,IE,383306122.393381
2019,LU,IN,58369701.9799419
2019,LU,IT,172762990.511243
2019,LU,JP,79058256.373829
2019,LU,KR,28589460.5249542
2019,LU,LT,3679922.87289155
2019,LU,LU,2071310621.72944
2019,LU,LV,5529649.49453146
2019,LU,MT,1089861.57254736
2019,LU,MX,30811678.9653185
2019,LU,NL,180449779.290976
2019,LU,NO,24162004.587601
2019,LU,PL,49172474.4052218
2019,LU,PT,18550136.1709919
2019,LU,RO,17364096.0234191
2019,LU,RU,50230452.935669
2019,LU,SE,62614600.5873671
2019,LU,SI,6478448.99442636
2019,LU,SK,9074108.78412536
2019,LU,TR,31569582.2208143
2019,LU,TW,128273182.591608
2019,LU,US,423502014.499852
2019,LU,WA,363340966.523666
2019,LU,WE,33437693.4594745
2019,LU,WF,79894735.6339069
2019,LU,WL,80129109.7859108
2019,LU,WM,164348359.02945
2019,LU,ZA,23998860.9957869
2019,LV,AT,46721486.8837888
2019,LV,AU,13588336.3863967
2019,LV,BE,56111831.8465223
2019,LV,BG,56227322.64866
2019,LV,BR,13754478.8994462
2019,LV,CA,22437029.6421896
2019,LV,CH,174816278.718918
2019,LV,CN,197647713.782718
2019,LV,CY,13802935.3730226
2019,LV,CZ,32128712.0776199
2019,LV,DE,442097940.840369
2019,LV,DK,111446783.037735
2019,LV,EE,331288757.203929
2019,LV,ES,91720717.7455336
2019,LV,FI,162310454.056857
2019,LV,FR,122109253.951508
2019,LV,GB,330475795.527914
2019,LV,GR,16587520.2715505
2019,LV,HR,21674080.1617508
2019,LV,HU,18474468.0211251
2019,LV,ID,8996354.6160269
2019,LV,IE,68326730.4674214
2019,LV,IN,53055396.0487145
2019,LV,IT,96631148.5963287
2019,LV,JP,39153113.7760139
2019,LV,KR,27689900.6227657
2019,LV,LT,916167577.870395
2019,LV,LU,5899390.09942946
2019,LV,LV,7498120173.42971
2019,LV,MT,1867040.56922055
2019,LV,MX,11613555.4070391
2019,LV,NL,135994523.872256
2019,LV,NO,113252429.65586
2019,LV,PL,160710364.716188
2019,LV,PT,13435542.5612372
2019,LV,RO,27254813.2151879
2019,LV,RU,321073981.66027
2019,LV,SE,338144277.468543
2019,LV,SI,7770978.70057307
2019,LV,SK,55856498.790655
2019,LV,TR,178571421.393139
2019,LV,TW,23938289.7023215
2019,LV,US,239769226.601629
2019,LV,WA,331816784.035019
2019,LV,WE,231975624.046653
2019,LV,WF,282491651.946301
2019,LV,WL,51227204.0862947
2019,LV,WM,344229832.455606
2019,LV,ZA,15327505.618384
2019,MT,AT,39830989.627642
2019,MT,AU,14525897.7976319
2019,MT,BE,35545022.9689227
2019,MT,BG,97951949.9097868
2019,MT,BR,8062839.39105602
2019,MT,CA,8165477.32215432
2019,MT,CH,37299543.80357
2019,MT,CN,54497580.0861407
2019,MT,CY,11537436.7968207
2019,MT,CZ,15199225.8705832
2019,MT,DE,321105375.090284
2019,MT,DK,26938497.7194068
2019,MT,EE,9488094.65858004
2019,MT,ES,140564484.82414
2019,MT,FI,10302931.9321687
2019,MT,FR,278844387.94921
2019,MT,GB,298843550.754334
2019,MT,GR,36049795.4766741
2019,MT,HR,13243252.5544969
2019,MT,HU,16394486.1890815
2019,MT,ID,3045610.23078832
2019,MT,IE,26657093.7804232
2019,MT,IN,12337918.9669952
2019,MT,IT,260565859.91137
2019,MT,JP,31881425.6261527
2019,MT,KR,11516780.3167327
2019,MT,LT,25339356.665046
2019,MT,LU,3100166.30303443
2019,MT,LV,6658996.03931929
2019,MT,MT,473273031.672947
2019,MT,MX,6264488.82429769
2019,MT,NL,31013881.2953386
2019,MT,NO,70782935.9053904
2019,MT,PL,55618771.5628643
2019,MT,PT,7291407.71753859
2019,MT,RO,38623999.6757692
2019,MT,RU,25094674.7650374
2019,MT,SE,64680399.5578488
2019,MT,SI,2720957.37163229
2019,MT,SK,4437407.92166387
2019,MT,TR,41029399.3271651
2019,MT,TW,8652778.96484951
2019,MT,US,97931860.062342
2019,MT,WA,39034157.335916
2019,MT,WE,36107874.7983455
2019,MT,WF,93420619.72421
2019,MT,WL,21768798.4815653
2019,MT,WM,79172636.0645347
2019,MT,ZA,6617592.84499088
2019,MX,AT,190694397.360549
2019,MX,AU,517968617.60765
2019,MX,BE,617083077.179689
2019,MX,BG,21466114.0325105
2019,MX,BR,2414424271.98244
2019,MX,CA,6349310938.63992
2019,MX,CH,404982284.381936
2019,MX,CN,7907453904.84331
2019,MX,CY,12539341.6328613
2019,MX,CZ,123516068.803736
2019,MX,DE,3016434936.56532
2019,MX,DK,171309030.880742
2019,MX,EE,15268051.5397397
2019,MX,ES,2069645083.03154
2019,MX,FI,81684451.7502102
2019,MX,FR,2334022653.13286
2019,MX,GB,2626812106.74762
2019,MX,GR,76041983.399878
2019,MX,HR,17975614.4145459
2019,MX,HU,125039128.848907
2019,MX,ID,341145739.841448
2019,MX,IE,609215434.760446
2019,MX,IN,3429031114.12819
2019,MX,IT,755780921.979459
2019,MX,JP,4647106988.09506
2019,MX,KR,3594970613.52067
2019,MX,LT,20523609.9162669
2019,MX,LU,80705814.7798436
2019,MX,LV,19735680.7960665
2019,MX,MT,16960711.4278579
2019,MX,MX,457295246822.466
2019,MX,NL,1073046553.41013
2019,MX,NO,172182366.304001
2019,MX,PL,221428186.427532
2019,MX,PT,126564968.581327
2019,MX,RO,82246403.8965668
2019,MX,RU,530396223.251732
2019,MX,SE,166034841.260325
2019,MX,SI,23487027.0912219
2019,MX,SK,48396930.3702038
2019,MX,TR,603807906.3956
2019,MX,TW,191445751.466682
2019,MX,US,113076447837.955
2019,MX,WA,6455159475.42438
2019,MX,WE,367698540.397959
2019,MX,WF,1334056203.03529
2019,MX,WL,15704469955.3056
2019,MX,WM,3103815004.35374
2019,MX,ZA,162408694.928014
2019,NL,AT,946706505.271768
2019,NL,AU,778161839.215474
2019,NL,BE,9137595121.65914
2019,NL,BG,144576733.915437
2019,NL,BR,903350792.89727
2019,NL,CA,1048960473.84578
2019,NL,CH,2187976314.89737
2019,NL,CN,5397520374.02251
2019,NL,CY,64729765.0134248
2019,NL,CZ,526248274.86296
2019,NL,DE,18653418538.3482
2019,NL,DK,978135014.17503
2019,NL,EE,94061550.3347979
2019,NL,ES,2463525482.33966
2019,NL,FI,896826140.48028
2019,NL,FR,6976769067.55743
2019,NL,GB,9455712920.65198
2019,NL,GR,648596501.198627
2019,NL,HR,144227605.815819
2019,NL,HU,444882578.310579
2019,NL,ID,444498669.135068
2019,NL,IE,3559323827.54218
2019,NL,IN,1336414186.64224
2019,NL,IT,3614955353.34815
2019,NL,JP,1988558799.73599
2019,NL,KR,1020524801.94471
2019,NL,LT,190588373.379656
2019,NL,LU,691216391.222095
2019,NL,LV,78085138.4355063
2019,NL,MT,23679151.5589625
2019,NL,MX,739147078.211122
2019,NL,NL,89337862838.6409
2019,NL,NO,1840217637.41943
2019,NL,PL,1514549307.87602
2019,NL,PT,466369567.484357
2019,NL,RO,460223135.016471
2019,NL,RU,1402026296.3609
2019,NL,SE,1557622530.42927
2019,NL,SI,103813674.438467
2019,NL,SK,276709642.443586
2019,NL,TR,822043586.059269
2019,NL,TW,303101213.81336
2019,NL,US,7470155192.33383
2019,NL,WA,4848337042.73232
2019,NL,WE,753546533.661709
2019,NL,WF,2569732082.40869
2019,NL,WL,1796489476.94876
2019,NL,WM,4763482240.16662
2019,NL,ZA,370894037.851922
2019,NO,AT,197837027.412317
2019,NO,AU,150608446.170529
2019,NO,BE,1423081116.83522
2019,NO,BG,22326155.6137695
2019,NO,BR,275121004.236788
2019,NO,CA,384401915.686161
2019,NO,CH,269122124.95812
2019,NO,CN,1997697038.11007
2019,NO,CY,17278681.8919795
2019,NO,CZ,110405012.666496
2019,NO,DE,5190059329.81166
2019,NO,DK,1333364660.50605
2019,NO,EE,61153705.6276088
2019,NO,ES,724648932.249122
2019,NO,FI,535192677.003672
2019,NO,FR,2613498080.95018
2019,NO,GB,3593156281.63757
2019,NO,GR,130194642.671872
2019,NO,HR,26512888.8001398
2019,NO,HU,71030409.0535512
2019,NO,ID,87920279.5233237
2019,NO,IE,535308468.189851
2019,NO,IN,329255280.587663
2019,NO,IT,1086692217.43659
2019,NO,JP,483726208.347827
2019,NO,KR,306102507.519741
2019,NO,LT,178694366.912257
2019,NO,LU,70618104.3143946
2019,NO,LV,44836876.3365583
2019,NO,MT,11603324.2308963
2019,NO,MX,233756790.896098
2019,NO,NL,1090207305.8846
2019,NO,NO,34862173403.6674
2019,NO,PL,446884675.566056
2019,NO,PT,120746821.769566
2019,NO,RO,72277794.9779943
2019,NO,RU,346986946.434615
2019,NO,SE,1632845763.73821
2019,NO,SI,18864918.5211359
2019,NO,SK,51354277.9024781
2019,NO,TR,251665634.460059
2019,NO,TW,157855372.629355
2019,NO,US,4222573386.25207
2019,NO,WA,1185549054.33511
2019,NO,WE,398431222.488431
2019,NO,WF,755021855.699704
2019,NO,WL,436828680.03998
2019,NO,WM,945648210.340539
2019,NO,ZA,70966481.6825733
2019,PL,AT,2272871247.43988
2019,PL,AU,357430543.126709
2019,PL,BE,1734239254.2873
2019,PL,BG,469734944.249025
2019,PL,BR,452165477.437064
2019,PL,CA,807178242.511531
2019,PL,CH,2228171430.90789
2019,PL,CN,4650842640.25816
2019,PL,CY,73241106.8618366
2019,PL,CZ,4726393432.60764
2019,PL,DE,24449857367.4057
2019,PL,DK,1414189007.567
2019,PL,EE,359552934.37688
2019,PL,ES,2346576066.91117
2019,PL,FI,742164549.216341
2019,PL,FR,6036847216.85391
2019,PL,GB,7039400614.00838
2019,PL,GR,550419778.170546
2019,PL,HR,379333512.389526
2019,PL,HU,1801559898.25215
2019,PL,ID,264987845.332188
2019,PL,IE,1622690213.26452
2019,PL,IN,991557099.194517
2019,PL,IT,3915975493.28766
2019,PL,JP,920204323.872662
2019,PL,KR,765284654.297356
2019,PL,LT,1303868859.06434
2019,PL,LU,220542311.210709
2019,PL,LV,438077899.331079
2019,PL,MT,23386705.6198632
2019,PL,MX,574642005.077893
2019,PL,NL,3385777013.98019
2019,PL,NO,1458804182.76918
2019,PL,PL,258977344078.745
2019,PL,PT,410590180.181421
2019,PL,RO,2136010118.79216
2019,PL,RU,3279445784.98002
2019,PL,SE,2361663862.54009
2019,PL,SI,264505570.603361
2019,PL,SK,3920409620.66405
2019,PL,TR,1045449770.94936
2019,PL,TW,195286211.249579
2019,PL,US,5752997727.76715
2019,PL,WA,3741364075.27009
2019,PL,WE,4798404985.72759
2019,PL,WF,2140091870.8435
2019,PL,WL,1264536100.84214
2019,PL,WM,5681994011.57364
2019,PL,ZA,411447771.828829
2019,PT,AT,121770765.401079
2019,PT,AU,87791667.7596758
2019,PT,BE,354353094.135971
2019,PT,BG,22040795.9751848
2019,PT,BR,659846114.062516
2019,PT,CA,203361142.714042
2019,PT,CH,336843699.67851
2019,PT,CN,691764366.957405
2019,PT,CY,13068158.1453832
2019,PT,CZ,61300059.4212583
2019,PT,DE,1398658517.39274
2019,PT,DK,93841570.3522726
2019,PT,EE,9539107.5754481
2019,PT,ES,3771849761.77414
2019,PT,FI,77324847.9880998
2019,PT,FR,2168708347.19667
2019,PT,GB,1843217622.39712
2019,PT,GR,88771823.1770794
2019,PT,HR,16906164.4649031
2019,PT,HU,46844240.7334272
2019,PT,ID,27689205.668398
2019,PT,IE,416795956.292193
2019,PT,IN,147017969.218182
2019,PT,IT,854898138.996688
2019,PT,JP,148723715.125748
2019,PT,KR,88704456.7058663
2019,PT,LT,16038265.5131165
2019,PT,LU,32576056.0285229
2019,PT,LV,9258144.9038901
2019,PT,MT,11480960.0015011
2019,PT,MX,118357441.662791
2019,PT,NL,509129312.673114
2019,PT,NO,109753356.666166
2019,PT,PL,183399699.835817
2019,PT,PT,39818822637.8282
2019,PT,RO,75878100.733519
2019,PT,RU,141038103.396325
2019,PT,SE,172347319.013314
2019,PT,SI,23041576.2886922
2019,PT,SK,41602051.1442977
2019,PT,TR,134820056.996499
2019,PT,TW,33422599.2607117
2019,PT,US,2046091256.77207
2019,PT,WA,431455557.030921
2019,PT,WE,160782242.527548
2019,PT,WF,1802958670.32389
2019,PT,WL,379957396.04719
2019,PT,WM,1421839779.60752
2019,PT,ZA,63129249.0999852
2019,RO,AT,598431954.594385
2019,RO,AU,102189938.260088
2019,RO,BE,368439641.751734
2019,RO,BG,1125033625.80745
2019,RO,BR,190342883.50244
2019,RO,CA,378111095.546635
2019,RO,CH,424185528.388073
2019,RO,CN,1472445101.00159
2019,RO,CY,64168733.5753398
2019,RO,CZ,324577796.510236
2019,RO,DE,4128288830.64886
2019,RO,DK,156753769.626449
2019,RO,EE,21336295.3978735
2019,RO,ES,890795537.864092
2019,RO,FI,107383481.797043
2019,RO,FR,2011423758.58568
2019,RO,GB,1452605507.9661
2019,RO,GR,543329367.666578
2019,RO,HR,284898844.634964
2019,RO,HU,1202170011.89786
2019,RO,ID,73355035.6108696
2019,RO,IE,279771709.544843
2019,RO,IN,391236075.797287
2019,RO,IT,2039897411.84816
2019,RO,JP,364879228.006036
2019,RO,KR,321869388.94118
2019,RO,LT,48344024.8802396
2019,RO,LU,44349919.7081455
2019,RO,LV,22271876.3711958
2019,RO,MT,9682909.84825523
2019,RO,MX,237341004.28499
2019,RO,NL,658941943.447492
2019,RO,NO,245608424.527674
2019,RO,PL,743029404.322823
2019,RO,PT,220950723.551122
2019,RO,RO,67442074037.253
2019,RO,RU,749922926.502671
2019,RO,SE,259411425.06298
2019,RO,SI,128771712.112687
2019,RO,SK,301842926.590014
2019,RO,TR,1572359474.0432
2019,RO,TW,43897010.5002829
2019,RO,US,1877588817.80366
2019,RO,WA,1285020365.78767
2019,RO,WE,2205701548.67657
2019,RO,WF,1285986716.87886
2019,RO,WL,399466541.500977
2019,RO,WM,4648696412.59715
2019,RO,ZA,110358821.070025
2019,RU,AT,3839924822.83884
2019,RU,AU,4290238846.73755
2019,RU,BE,6762209842.84889
2019,RU,BG,3293831973.5539
2019,RU,BR,5526690375.78199
2019,RU,CA,4788990993.43786
2019,RU,CH,5901807464.49271
2019,RU,CN,145747347164.186
2019,RU,CY,920852545.178353
2019,RU,CZ,8269278766.50158
2019,RU,DE,32000721470.4498
2019,RU,DK,2858697732.6533
2019,RU,EE,2793017263.5327
2019,RU,ES,5523029027.11751
2019,RU,FI,7813196124.10227
2019,RU,FR,12806116774.3958
2019,RU,GB,16289522467.6462
2019,RU,GR,6094327020.48922
2019,RU,HR,1121979607.90373
2019,RU,HU,9286065234.37106
2019,RU,ID,7908051103.04715
2019,RU,IE,3822045128.4796
2019,RU,IN,17580591728.6998
2019,RU,IT,31888365386.5162
2019,RU,JP,24653826620.5286
2019,RU,KR,19330913461.0774
2019,RU,LT,4933165545.85605
2019,RU,LU,1097889237.56023
2019,RU,LV,3180278346.2561
2019,RU,MT,1512127618.02132
2019,RU,MX,7132634118.04094
2019,RU,NL,13115059768.4409
2019,RU,NO,4230797756.68852
2019,RU,PL,12984004503.6609
2019,RU,PT,1239111214.94995
2019,RU,RO,5258519421.37864
2019,RU,RU,1321919420525.74
2019,RU,SE,4447620939.62863
2019,RU,SI,922849424.873944
2019,RU,SK,8960261673.61686
2019,RU,TR,22890961060.6946
2019,RU,TW,3360948565.90729
2019,RU,US,51672388300.6852
2019,RU,WA,98625617551.4153
2019,RU,WE,63051634623.4199
2019,RU,WF,23038773454.8807
2019,RU,WL,12394429141.5119
2019,RU,WM,67340882532.1961
2019,RU,ZA,1567269214.49969
2019,SE,AT,173000745.122254
2019,SE,AU,103206140.576339
2019,SE,BE,280508598.614578
2019,SE,BG,22513579.5820573
2019,SE,BR,157494549.219471
2019,SE,CA,220722325.247996
2019,SE,CH,380769703.040426
2019,SE,CN,1552022705.58014
2019,SE,CY,7504371.98698785
2019,SE,CZ,92551477.4577684
2019,SE,DE,1533931757.22197
2019,SE,DK,796956468.095862
2019,SE,EE,85431781.8453672
2019,SE,ES,356533746.847171
2019,SE,FI,1179445758.14455
2019,SE,FR,831502305.146738
2019,SE,GB,1084198868.15393
2019,SE,GR,54810665.1958642
2019,SE,HR,17319159.8792237
2019,SE,HU,87193980.2406663
2019,SE,ID,69764630.9725172
2019,SE,IE,310694816.980328
2019,SE,IN,307344068.644772
2019,SE,IT,377124888.897285
2019,SE,JP,320566100.189917
2019,SE,KR,190016511.594316
2019,SE,LT,122725092.724119
2019,SE,LU,32406955.2342359
2019,SE,LV,40134844.4974888
2019,SE,MT,12784246.9426342
2019,SE,MX,121121351.488285
2019,SE,NL,486934389.954577
2019,SE,NO,1832964650.46005
2019,SE,PL,530972858.370157
2019,SE,PT,102173699.850924
2019,SE,RO,69216845.8462131
2019,SE,RU,293789571.337796
2019,SE,SE,30587616334.7383
2019,SE,SI,17605834.5487553
2019,SE,SK,53514668.9812688
2019,SE,TR,145766709.466803
2019,SE,TW,220979264.256071
2019,SE,US,1663533606.05547
2019,SE,WA,749208387.178592
2019,SE,WE,162570236.14221
2019,SE,WF,424075445.484653
2019,SE,WL,468770624.983775
2019,SE,WM,976653454.283978
2019,SE,ZA,70881154.2024034
2019,SI,AT,750606806.199117
2019,SI,AU,27099944.5057064
2019,SI,BE,89087095.7641398
2019,SI,BG,84942481.8974509
2019,SI,BR,29809131.0454845
2019,SI,CA,38551480.48335
2019,SI,CH,212860967.412591
2019,SI,CN,236546848.902007
2019,SI,CY,10461225.1825571
2019,SI,CZ,70286675.7125033
2019,SI,DE,960145406.052877
2019,SI,DK,35960599.6882043
2019,SI,EE,6702037.35122899
2019,SI,ES,110210567.557694
2019,SI,FI,20654814.594397
2019,SI,FR,350151726.261803
2019,SI,GB,233107062.817311
2019,SI,GR,583372079.889131
2019,SI,HR,1205689162.22911
2019,SI,HU,120298474.676652
2019,SI,ID,11193115.075965
2019,SI,IE,55797050.8729708
2019,SI,IN,61955641.8094261
2019,SI,IT,1248901518.5808
2019,SI,JP,52989742.0151731
2019,SI,KR,36495154.2438658
2019,SI,LT,12226251.446932
2019,SI,LU,12289944.3899862
2019,SI,LV,5356981.76838473
2019,SI,MT,4731280.01913513
2019,SI,MX,28526585.9685555
2019,SI,NL,113791834.977053
2019,SI,NO,35468026.2417862
2019,SI,PL,123571605.544695
2019,SI,PT,23020458.8821725
2019,SI,RO,101987438.453491
2019,SI,RU,163487176.724992
2019,SI,SE,62725964.1658043
2019,SI,SI,7313959818.00291
2019,SI,SK,72202877.2774542
2019,SI,TR,83342923.3954666
2019,SI,TW,15729985.3718538
2019,SI,US,324169004.527958
2019,SI,WA,234374388.544586
2019,SI,WE,621088317.286669
2019,SI,WF,124908126.218031
2019,SI,WL,60851678.4470189
2019,SI,WM,373671940.633358
2019,SI,ZA,12283474.1076747
2019,SK,AT,1013970781.07735
2019,SK,AU,51048568.6299182
2019,SK,BE,172243035.520072
2019,SK,BG,84703026.5112968
2019,SK,BR,59172455.3364331
2019,SK,CA,105558746.070033
2019,SK,CH,198106624.953127
2019,SK,CN,850802059.623743
2019,SK,CY,11789944.2892823
2019,SK,CZ,1236393271.06226
2019,SK,DE,2780245099.07865
2019,SK,DK,103604466.982464
2019,SK,EE,18363202.9399041
2019,SK,ES,287476958.627043
2019,SK,FI,63143537.1858339
2019,SK,FR,878380797.584594
2019,SK,GB,727191690.969173
2019,SK,GR,172850175.815808
2019,SK,HR,161141714.69772
2019,SK,HU,1428080771.54128
2019,SK,ID,26559806.5730045
2019,SK,IE,157663067.639779
2019,SK,IN,84782812.3676924
2019,SK,IT,604580343.642115
2019,SK,JP,109592180.462975
2019,SK,KR,90915809.3282449
2019,SK,LT,44566512.6317785
2019,SK,LU,18489503.061426
2019,SK,LV,18539465.9809493
2019,SK,MT,4060699.10469339
2019,SK,MX,85362052.4897532
2019,SK,NL,256531278.152632
2019,SK,NO,87093762.9892262
2019,SK,PL,1122552955.64997
2019,SK,PT,45663199.5836549
2019,SK,RO,340198826.559831
2019,SK,RU,583542646.090495
2019,SK,SE,151266914.298756
2019,SK,SI,69884676.2358677
2019,SK,SK,19454811229.7304
2019,SK,TR,302428222.823976
2019,SK,TW,24057113.0852463
2019,SK,US,897182813.178436
2019,SK,WA,362670733.519531
2019,SK,WE,875183039.535602
2019,SK,WF,205862046.738289
2019,SK,WL,140094180.391706
2019,SK,WM,593008843.810615
2019,SK,ZA,29068721.9563727
2019,TR,AT,827931359.74844
2019,TR,AU,667872695.755216
2019,TR,BE,1401193971.52839
2019,TR,BG,1356462045.88252
2019,TR,BR,899462601.110505
2019,TR,CA,1113244028.37201
2019,TR,CH,948890013.7575
2019,TR,CN,7668410795.3313
2019,TR,CY,415899309.342228
2019,TR,CZ,445563700.553054
2019,TR,DE,10053715342.8468
2019,TR,DK,494953640.183395
2019,TR,EE,75021607.0927241
2019,TR,ES,2770845874.56323
2019,TR,FI,278014256.209221
2019,TR,FR,4377319253.10412
2019,TR,GB,6998817535.59944
2019,TR,GR,1284532394.86579
2019,TR,HR,188506097.277605
2019,TR,HU,491064119.913561
2019,TR,ID,630829000.95982
2019,TR,IE,1109105003.06856
2019,TR,IN,2507220320.7006
2019,TR,IT,4637235319.88992
2019,TR,JP,1487488735.97721
2019,TR,KR,1195052204.92455
2019,TR,LT,129028775.157624
2019,TR,LU,146109221.70129
2019,TR,LV,72067235.9422781
2019,TR,MT,187615791.320114
2019,TR,MX,616978569.138674
2019,TR,NL,1930751278.01409
2019,TR,NO,465644710.188266
2019,TR,PL,1367127107.13665
2019,TR,PT,465023918.979339
2019,TR,RO,1751401956.20184
2019,TR,RU,5771730338.38354
2019,TR,SE,744409581.850172
2019,TR,SI,391726966.189158
2019,TR,SK,297611175.679746
2019,TR,TR,403170874961.941
2019,TR,TW,168824582.608524
2019,TR,US,11079800654.6556
2019,TR,WA,9744429177.5345
2019,TR,WE,3816765988.66493
2019,TR,WF,13119255337.6124
2019,TR,WL,4342428450.32454
2019,TR,WM,35216518399.275
2019,TR,ZA,375058320.754063
2019,TW,AT,727587402.154206
2019,TW,AU,483699210.236579
2019,TW,BE,1055983000.22725
2019,TW,BG,36427021.2756812
2019,TW,BR,362211462.627605
2019,TW,CA,537768341.000011
2019,TW,CH,426072891.566133
2019,TW,CN,3041708712.91436
2019,TW,CY,62561267.6792922
2019,TW,CZ,4239339917.9174
2019,TW,DE,13393224414.3561
2019,TW,DK,1616523466.13751
2019,TW,EE,160300327.20921
2019,TW,ES,382700081.636937
2019,TW,FI,1637813954.07783
2019,TW,FR,11851202583.0956
2019,TW,GB,3787696097.37675
2019,TW,GR,267432986.719419
2019,TW,HR,62162866.8096519
2019,TW,HU,307335766.273921
2019,TW,ID,283172200.981994
2019,TW,IE,498956895.743921
2019,TW,IN,693508389.115399
2019,TW,IT,2728606866.38323
2019,TW,JP,13242989342.0869
2019,TW,KR,557612489.711847
2019,TW,LT,54818454.1413623
2019,TW,LU,105379093.100593
2019,TW,LV,124902641.651611
2019,TW,MT,17568597.3970572
2019,TW,MX,504311702.669821
2019,TW,NL,446353170.800352
2019,TW,NO,305567753.654037
2019,TW,PL,811188317.244261
2019,TW,PT,119637966.453984
2019,TW,RO,144267609.11284
2019,TW,RU,4716114911.97927
2019,TW,SE,1366195047.77737
2019,TW,SI,43180073.3237999
2019,TW,SK,240402620.186769
2019,TW,TR,259753834.634502
2019,TW,TW,210535211732.649
2019,TW,US,14544866401.6656
2019,TW,WA,24851800349.6707
2019,TW,WE,854293592.529946
2019,TW,WF,493359111.884884
2019,TW,WL,711100789.062914
2019,TW,WM,1542798406.3305
2019,TW,ZA,107006422.432303
2019,US,AT,2677580067.47494
2019,US,AU,6466663680.32745
2019,US,BE,6725842685.82904
2019,US,BG,294889758.147527
2019,US,BR,27012856386.7194
2019,US,CA,79876071774.2586
2019,US,CH,5709104116.8073
2019,US,CN,79073474145.7863
2019,US,CY,139048324.893275
2019,US,CZ,1323098289.61725
2019,US,DE,26094991527.3348
2019,US,DK,2249013805.84515
2019,US,EE,160273175.489718
2019,US,ES,8285759922.52384
2019,US,FI,1291740398.73985
2019,US,FR,16704304935.3587
2019,US,GB,22306024220.4233
2019,US,GR,1267021559.61391
2019,US,HR,816699336.255303
2019,US,HU,1350676499.41274
2019,US,ID,6549799024.09688
2019,US,IE,14577922738.3362
2019,US,IN,23693120661.4934
2019,US,IT,8473511916.43253
2019,US,JP,56643428355.0681
2019,US,KR,31923731806.9149
2019,US,LT,272694136.927431
2019,US,LU,645416407.397331
2019,US,LV,149839880.472805
2019,US,MT,143971710.61708
2019,US,MX,96705665472.9211
2019,US,NL,10955065743.4719
2019,US,NO,2520814844.23282
2019,US,PL,3123970436.09561
2019,US,PT,1484225367.77651
2019,US,RO,1160508379.65941
2019,US,RU,4798479157.16385
2019,US,SE,2977132421.08945
2019,US,SI,331111344.796914
2019,US,SK,519224706.623638
2019,US,TR,5407904606.59459
2019,US,TW,8482071217.56708
2019,US,US,5218346847264.64
2019,US,WA,64748154319.2938
2019,US,WE,6466887936.66641
2019,US,WF,20043908815.2904
2019,US,WL,90324859443.4723
2019,US,WM,37526942089.7405
2019,US,ZA,2041266810.49505
2019,WA,AT,4818930566.99622
2019,WA,AU,48373867787.3634
2019,WA,BE,8728382433.19604
2019,WA,BG,1082309328.87529
2019,WA,BR,7046661926.02911
2019,WA,CA,18535427794.0441
2019,WA,CH,12918825661.5917
2019,WA,CN,372313913365.105
2019,WA,CY,679916279.11172
2019,WA,CZ,3642759157.17194
2019,WA,DE,43637506227.5805
2019,WA,DK,4574283542.70026
2019,WA,EE,434811784.444055
2019,WA,ES,11119030311.8054
2019,WA,FI,1831329897.76671
2019,WA,FR,26639221418.0993
2019,WA,GB,33005050290.4247
2019,WA,GR,3129239727.07846
2019,WA,HR,1051886777.11686
2019,WA,HU,2014886770.6226
2019,WA,ID,52653334097.43
2019,WA,IE,4915747541.02887
2019,WA,IN,66240738009.575
2019,WA,IT,24955327909.7118
2019,WA,JP,94274145813.6553
2019,WA,KR,35935009430.0625
2019,WA,LT,638116391.389263
2019,WA,LU,953271821.931648
2019,WA,LV,573793585.897937
2019,WA,MT,275451958.653643
2019,WA,MX,8693527345.36347
2019,WA,NL,18436383693.2065
2019,WA,NO,2975311529.69776
2019,WA,PL,5361318127.24493
2019,WA,PT,1582825937.78304
2019,WA,RO,3445396781.69097
2019,WA,RU,26034376844.3534
2019,WA,SE,4055972438.49516
2019,WA,SI,664660875.68923
2019,WA,SK,1134342049.43544
2019,WA,TR,20266074181.8134
2019,WA,TW,15843002320.2113
2019,WA,US,193721682585.731
2019,WA,WA,2021741412622.18
2019,WA,WE,10174705694.1911
2019,WA,WF,36002071839.8561
2019,WA,WL,22030994786.1345
2019,WA,WM,79451733916.7939
2019,WA,ZA,6662195003.95394
2019,WE,AT,2533009203.50786
2019,WE,AU,904732431.286714
2019,WE,BE,1659920750.46121
2019,WE,BG,2342520405.6265
2019,WE,BR,1465836626.99488
2019,WE,CA,1342323618.43474
2019,WE,CH,2835722907.69959
2019,WE,CN,13978263886.5146
2019,WE,CY,196547719.341657
2019,WE,CZ,3613102807.91073
2019,WE,DE,15071769275.0434
2019,WE,DK,845394473.420108
2019,WE,EE,436761989.750457
2019,WE,ES,2805008925.99966
2019,WE,FI,399309196.657364
2019,WE,FR,4522424862.1852
2019,WE,GB,7923228732.18052
2019,WE,GR,2788737963.8455
2019,WE,HR,4474980781.58098
2019,WE,HU,8046627157.81259
2019,WE,ID,2522482911.83269
2019,WE,IE,1259973931.81566
2019,WE,IN,4141763682.31232
2019,WE,IT,6617712362.05115
2019,WE,JP,2260978094.84018
2019,WE,KR,1666373680.94178
2019,WE,LT,2749820349.08445
2019,WE,LU,205799029.522164
2019,WE,LV,728033917.236849
2019,WE,MT,140279974.817631
2019,WE,MX,913343831.302969
2019,WE,NL,3560694221.85317
2019,WE,NO,1038718071.17661
2019,WE,PL,6545316196.92977
2019,WE,PT,475521826.793625
2019,WE,RO,3880323542.47256
2019,WE,RU,31230891954.569
2019,WE,SE,1022605024.19844
2019,WE,SI,1422661254.96651
2019,WE,SK,1323394896.74752
2019,WE,TR,4575975373.26309
2019,WE,TW,532275301.595365
2019,WE,US,11325414759.5914
2019,WE,WA,14888925028.7678
2019,WE,WE,232407792829.021
2019,WE,WF,8423200541.82373
2019,WE,WL,2668565459.25695
2019,WE,WM,29410948628.4991
2019,WE,ZA,368229287.83715
2019,WF,AT,1550290876.26397
2019,WF,AU,2393440211.82442
2019,WF,BE,3695323676.63821
2019,WF,BG,288270076.908755
2019,WF,BR,7277266564.60829
2019,WF,CA,2713347617.39459
2019,WF,CH,2084224906.17781
2019,WF,CN,71090165969.9304
2019,WF,CY,140183268.371734
2019,WF,CZ,868608703.660159
2019,WF,DE,14279539237.1274
2019,WF,DK,821224661.207907
2019,WF,EE,240675395.597056
2019,WF,ES,18632527506.7173
2019,WF,FI,358512424.830105
2019,WF,FR,21216189534.7911
2019,WF,GB,9480180957.60352
2019,WF,GR,1219156670.98167
2019,WF,HR,266998117.490603
2019,WF,HU,636550735.233901
2019,WF,ID,4456392551.1378
2019,WF,IE,1799635713.38991
2019,WF,IN,37513244816.1357
2019,WF,IT,17069375194.3016
2019,WF,JP,10020033718.3598
2019,WF,KR,9013224759.31133
2019,WF,LT,179270778.43766
2019,WF,LU,332426652.875038
2019,WF,LV,67393534.7543434
2019,WF,MT,228816176.598876
2019,WF,MX,2626126078.38732
2019,WF,NL,6753852247.87811
2019,WF,NO,1896634678.70102
2019,WF,PL,4476269128.66308
2019,WF,PT,2364741811.72884
2019,WF,RO,729032761.962831
2019,WF,RU,2751797256.29419
2019,WF,SE,1232990010.05201
2019,WF,SI,256349843.529221
2019,WF,SK,1064498434.97121
2019,WF,TR,4640323970.69808
2019,WF,TW,480037973.491401
2019,WF,US,34439418427.226
2019,WF,WA,27823042522.8425
2019,WF,WE,2211980953.19738
2019,WF,WF,1812126153066.69
2019,WF,WL,6639009527.73905
2019,WF,WM,35337683632.901
2019,WF,ZA,12676901306.3771
2019,WL,AT,1078022071.62729
2019,WL,AU,1343214987.53881
2019,WL,BE,2321141880.71937
2019,WL,BG,135230324.211996
2019,WL,BR,47613579682.3402
2019,WL,CA,5645106763.45882
2019,WL,CH,1881847406.47257
2019,WL,CN,127156212719.322
2019,WL,CY,108913193.06895
2019,WL,CZ,490954731.475122
2019,WL,DE,12370475397.7897
2019,WL,DK,890797343.190484
2019,WL,EE,78754205.9582949
2019,WL,ES,5610124470.8085
2019,WL,FI,361842737.480273
2019,WL,FR,5235993462.1952
2019,WL,GB,6121433914.09089
2019,WL,GR,492106216.566996
2019,WL,HR,105830259.625339
2019,WL,HU,260161428.347438
2019,WL,ID,1815573650.28187
2019,WL,IE,2556038630.30116
2019,WL,IN,9708852671.48598
2019,WL,IT,4682904051.05399
2019,WL,JP,7983528435.31972
2019,WL,KR,5675723974.12961
2019,WL,LT,118871220.689516
2019,WL,LU,325452288.012094
2019,WL,LV,50380376.4980667
2019,WL,MT,145251389.39413
2019,WL,MX,9941230019.90065
2019,WL,NL,9383067598.88193
2019,WL,NO,1008654642.62076
2019,WL,PL,1236122672.13839
2019,WL,PT,1278547024.82919
2019,WL,RO,326633582.22058
2019,WL,RU,10942801871.6326
2019,WL,SE,920743714.094978
2019,WL,SI,129987709.675852
2019,WL,SK,263970439.226805
2019,WL,TR,8483700529.80942
2019,WL,TW,1453637139.51406
2019,WL,US,79710792642.4453
2019,WL,WA,19286566800.8541
2019,WL,WE,1462279420.66462
2019,WL,WF,10765390918.9859
2019,WL,WL,862431024968.666
2019,WL,WM,25643153821.3193
2019,WL,ZA,859386298.227736
2019,WM,AT,2119056535.29392
2019,WM,AU,14759274738.1668
2019,WM,BE,8778862882.70564
2019,WM,BG,762897385.668305
2019,WM,BR,8984953130.71378
2019,WM,CA,8076975471.88605
2019,WM,CH,60689361149.6256
2019,WM,CN,187377357333.083
2019,WM,CY,1066739803.95608
2019,WM,CZ,1256319222.12626
2019,WM,DE,22469082444.0042
2019,WM,DK,2899590649.40091
2019,WM,EE,186450172.373444
2019,WM,ES,10158008649.8859
2019,WM,FI,771259456.446639
2019,WM,FR,27003594865.2398
2019,WM,GB,27862441855.6295
2019,WM,GR,5182502655.84791
2019,WM,HR,486998606.730918
2019,WM,HU,920354770.892402
2019,WM,ID,20081435771.0918
2019,WM,IE,3144505840.26316
2019,WM,IN,96007501462.7423
2019,WM,IT,15324560703.8414
2019,WM,JP,60359506030.3983
2019,WM,KR,36907007535.064
2019,WM,LT,288725776.71374
2019,WM,LU,775352034.696483
2019,WM,LV,153436582.616613
2019,WM,MT,1010636459.01501
2019,WM,MX,5258912234.26852
2019,WM,NL,11021784605.1586
2019,WM,NO,1363763004.0045
2019,WM,PL,3418113097.37052
2019,WM,PT,1369573022.37638
2019,WM,RO,1409582119.42314
2019,WM,RU,10324397653.1388
2019,WM,SE,2269747727.58609
2019,WM,SI,490922533.955974
2019,WM,SK,493484362.785095
2019,WM,TR,13717549754.9071
2019,WM,TW,2774253997.94973
2019,WM,US,167285112439.108
2019,WM,WA,178944975430.328
2019,WM,WE,5185669950.79217
2019,WM,WF,71901071781.1336
2019,WM,WL,10855255312.6194
2019,WM,WM,1811003067833.6
2019,WM,ZA,8367217429.62694
2019,ZA,AT,448844951.88972
2019,ZA,AU,882552855.237022
2019,ZA,BE,1293304586.65926
2019,ZA,BG,60773381.6433231
2019,ZA,BR,1523476132.05258
2019,ZA,CA,852191501.734353
2019,ZA,CH,841665237.732133
2019,ZA,CN,11252157364.0104
2019,ZA,CY,28640968.6216697
2019,ZA,CZ,210747721.515414
2019,ZA,DE,4357736443.35339
2019,ZA,DK,249903204.834532
2019,ZA,EE,25287393.2348644
2019,ZA,ES,1241879001.58609
2019,ZA,FI,132524890.12614
2019,ZA,FR,2685869380.97984
2019,ZA,GB,3992487326.94205
2019,ZA,GR,167979155.233862
2019,ZA,HR,37931860.0670264
2019,ZA,HU,140768416.832515
2019,ZA,ID,883152231.835624
2019,ZA,IE,701387518.906198
2019,ZA,IN,10223368924.5179
2019,ZA,IT,1307121128.07398
2019,ZA,JP,2030950997.7556
2019,ZA,KR,1338709211.14037
2019,ZA,LT,45447100.3811549
2019,ZA,LU,129560624.253852
2019,ZA,LV,18240957.174225
2019,ZA,MT,14271581.9017205
2019,ZA,MX,596893685.124744
2019,ZA,NL,1438543612.57691
2019,ZA,NO,248742936.371435
2019,ZA,PL,501395325.158788
2019,ZA,PT,321235862.371563
2019,ZA,RO,139855245.709516
2019,ZA,RU,919514092.925456
2019,ZA,SE,358692198.362546
2019,ZA,SI,61331598.093176
2019,ZA,SK,91108878.3369888
2019,ZA,TR,658378748.666439
2019,ZA,TW,151502405.888892
2019,ZA,US,9339186241.95305
2019,ZA,WA,11942999673.2324
2019,ZA,WE,438751120.449364
2019,ZA,WF,59561106629.3991
2019,ZA,WL,1418595319.41514
2019,ZA,WM,8235932754.33891
2019,ZA,ZA,351644686718.058
2020,AT,AT,46628577797.7847
2020,AT,AU,97612931.7858537
2020,AT,BE,260915106.251164
2020,AT,BG,113032989.944049
2020,AT,BR,151594004.846876
2020,AT,CA,198080023.390287
2020,AT,CH,907142416.353829
2020,AT,CN,1345251782.71469
2020,AT,CY,20356108.589755
2020,AT,CZ,421381902.257001
2020,AT,DE,5776046407.01413
2020,AT,DK,121179078.978413
2020,AT,EE,19618152.8234356
2020,AT,ES,327032442.654263
2020,AT,FI,90250769.3843487
2020,AT,FR,960138614.360404
2020,AT,GB,695559584.27251
2020,AT,GR,122603118.842305
2020,AT,HR,183530096.261422
2020,AT,HU,933059718.550561
2020,AT,ID,37710003.6940045
2020,AT,IE,178911879.50157
2020,AT,IN,214095649.245336
2020,AT,IT,1480150744.35785
2020,AT,JP,292063747.773247
2020,AT,KR,207943342.754469
2020,AT,LT,35004867.4180683
2020,AT,LU,40495071.3942723
2020,AT,LV,18368556.1480612
2020,AT,MT,34154771.4124124
2020,AT,MX,162056098.297111
2020,AT,NL,427311192.69579
2020,AT,NO,124707060.401878
2020,AT,PL,541452306.086317
2020,AT,PT,68232305.8445996
2020,AT,RO,380752138.381766
2020,AT,RU,398426105.941119
2020,AT,SE,262161143.348768
2020,AT,SI,295737697.100247
2020,AT,SK,375498214.026761
2020,AT,TR,318588722.86988
2020,AT,TW,112151718.928968
2020,AT,US,1555132188.64429
2020,AT,WA,737145304.51157
2020,AT,WE,497572891.270691
2020,AT,WF,303418246.234472
2020,AT,WL,246251825.418467
2020,AT,WM,859934281.130112
2020,AT,ZA,52182363.445188
2020,AU,AT,257540311.610373
2020,AU,AU,329880238800.146
2020,AU,BE,500610300.014231
2020,AU,BG,53429241.4407364
2020,AU,BR,897420035.416226
2020,AU,CA,1410742545.28844
2020,AU,CH,528950717.433962
2020,AU,CN,64990588371.6836
2020,AU,CY,24223799.0856635
2020,AU,CZ,233673684.864697
2020,AU,DE,2709335853.64806
2020,AU,DK,198281936.208751
2020,AU,EE,23607536.4830384
2020,AU,ES,576202760.104271
2020,AU,FI,165672063.863598
2020,AU,FR,1461935933.75723
2020,AU,GB,2979798155.23478
2020,AU,GR,127201967.988789
2020,AU,HR,33620806.7685923
2020,AU,HU,95310587.7709784
2020,AU,ID,12409645026.0907
2020,AU,IE,462322397.932569
2020,AU,IN,13082279195.6213
2020,AU,IT,1018586973.50913
2020,AU,JP,23448757405.256
2020,AU,KR,11428256458.7404
2020,AU,LT,24018529.8430762
2020,AU,LU,83019686.6249543
2020,AU,LV,21825591.6112971
2020,AU,MT,18782113.0963622
2020,AU,MX,820706927.221051
2020,AU,NL,1285521605.18144
2020,AU,NO,259441546.001514
2020,AU,PL,425079967.215309
2020,AU,PT,98065677.1114688
2020,AU,RO,111391869.244416
2020,AU,RU,2010175881.11462
2020,AU,SE,422837712.421257
2020,AU,SI,53743957.8162158
2020,AU,SK,63123700.5468623
2020,AU,TR,859053600.506883
2020,AU,TW,429012852.323005
2020,AU,US,17164215690.2469
2020,AU,WA,40656118788.4652
2020,AU,WE,346604293.065285
2020,AU,WF,2320211773.88567
2020,AU,WL,1831912334.37179
2020,AU,WM,11122241664.2636
2020,AU,ZA,531832712.792657
2020,BE,AT,354906024.981909
2020,BE,AU,246426872.248775
2020,BE,BE,58659205058.4817
2020,BE,BG,96236224.0834402
2020,BE,BR,362682843.858841
2020,BE,CA,447972135.719306
2020,BE,CH,1427326798.29304
2020,BE,CN,2213350927.99811
2020,BE,CY,30240068.4505459
2020,BE,CZ,269125014.499802
2020,BE,DE,5408826098.51434
2020,BE,DK,295047730.400088
2020,BE,EE,52105382.2968377
2020,BE,ES,997248649.043347
2020,BE,FI,279861336.597991
2020,BE,FR,7001589821.42311
2020,BE,GB,3077212301.51118
2020,BE,GR,225371842.055136
2020,BE,HR,60060844.258695
2020,BE,HU,187539472.395934
2020,BE,ID,128153373.839199
2020,BE,IE,753141860.749487
2020,BE,IN,813109743.708103
2020,BE,IT,1383913910.87312
2020,BE,JP,681207775.252646
2020,BE,KR,343048558.70982
2020,BE,LT,60527300.7067445
2020,BE,LU,270896031.697777
2020,BE,LV,37559890.5150486
2020,BE,MT,17131195.0517003
2020,BE,MX,218379521.951786
2020,BE,NL,3652037503.05411
2020,BE,NO,320499637.285053
2020,BE,PL,691403287.981769
2020,BE,PT,253140943.042196
2020,BE,RO,250085769.420089
2020,BE,RU,450431196.034553
2020,BE,SE,627060077.490794
2020,BE,SI,47725352.0998991
2020,BE,SK,113914382.979299
2020,BE,TR,577225976.710236
2020,BE,TW,243370954.405605
2020,BE,US,4099363509.75006
2020,BE,WA,1625580240.83023
2020,BE,WE,389728606.148574
2020,BE,WF,1328240688.70412
2020,BE,WL,662749010.687086
2020,BE,WM,1944477608.59105
2020,BE,ZA,257277757.033061
2020,BG,AT,320777794.670027
2020,BG,AU,57081671.9568607
2020,BG,BE,353491847.512144
2020,BG,BG,23601685760.721
2020,BG,BR,74991123.3956583
2020,BG,CA,127430920.375726
2020,BG,CH,193171463.133154
2020,BG,CN,1449822783.63552
2020,BG,CY,88914077.022578
2020,BG,CZ,563876212.054835
2020,BG,DE,2034051336.52096
2020,BG,DK,184552559.895026
2020,BG,EE,15277636.9922246
2020,BG,ES,483152667.727258
2020,BG,FI,59851383.1704476
2020,BG,FR,831977571.315935
2020,BG,GB,750496672.694385
2020,BG,GR,1717542365.17164
2020,BG,HR,99620044.6255482
2020,BG,HU,224790863.345539
2020,BG,ID,49478204.6542711
2020,BG,IE,171384540.10919
2020,BG,IN,152548864.552558
2020,BG,IT,1191761663.8284
2020,BG,JP,152252669.980517
2020,BG,KR,181121978.35292
2020,BG,LT,44308214.9134594
2020,BG,LU,54258182.455536
2020,BG,LV,20367962.9078689
2020,BG,MT,8971766.2572096
2020,BG,MX,76826660.0536023
2020,BG,NL,359582900.125666
2020,BG,NO,91882472.1210828
2020,BG,PL,380945883.922801
2020,BG,PT,107294158.757553
2020,BG,RO,1775277855.73949
2020,BG,RU,505298867.159092
2020,BG,SE,190102198.352667
2020,BG,SI,314325777.466397
2020,BG,SK,122003228.074474
2020,BG,TR,1579195823.94126
2020,BG,TW,26048826.3379049
2020,BG,US,821634314.908634
2020,BG,WA,952020339.846155
2020,BG,WE,1842320454.95199
2020,BG,WF,827001634.06788
2020,BG,WL,164461461.070485
2020,BG,WM,1453008448.62439
2020,BG,ZA,34019816.5977536
2020,BR,AT,376199604.460838
2020,BR,AU,893613275.255451
2020,BR,BE,990532164.04039
2020,BR,BG,64661186.8563461
2020,BR,BR,744055343827.656
2020,BR,CA,2860912534.13452
2020,BR,CH,706603470.324794
2020,BR,CN,163498170527.128
2020,BR,CY,65609686.5895243
2020,BR,CZ,186536023.637495
2020,BR,DE,4550173474.22941
2020,BR,DK,333371006.613326
2020,BR,EE,39272191.7157425
2020,BR,ES,2718813333.57449
2020,BR,FI,210258382.038343
2020,BR,FR,2614413355.84231
2020,BR,GB,2439855006.87123
2020,BR,GR,238925481.939892
2020,BR,HR,55170815.1356474
2020,BR,HU,117173095.869248
2020,BR,ID,1204326204.99265
2020,BR,IE,700495587.061011
2020,BR,IN,3482350124.97138
2020,BR,IT,3242993097.89844
2020,BR,JP,5238354812.19196
2020,BR,KR,3458552688.8762
2020,BR,LT,44992960.0858286
2020,BR,LU,158767274.578564
2020,BR,LV,26958226.9831441
2020,BR,MT,123956603.870334
2020,BR,MX,3429929838.3254
2020,BR,NL,3109487398.10174
2020,BR,NO,757067584.587495
2020,BR,PL,605446927.633624
2020,BR,PT,1259201888.23225
2020,BR,RO,167507442.729986
2020,BR,RU,3618217840.7352
2020,BR,SE,601708975.018907
2020,BR,SI,63413784.6344629
2020,BR,SK,87915787.8910158
2020,BR,TR,3666798582.80827
2020,BR,TW,300591923.198456
2020,BR,US,26431486153.0322
2020,BR,WA,42394957138.7526
2020,BR,WE,1082564674.92978
2020,BR,WF,5838055245.72605
2020,BR,WL,35470721068.1393
2020,BR,WM,45633475371.0257
2020,BR,ZA,579950378.970607
2020,CA,AT,324798479.477109
2020,CA,AU,962691240.224359
2020,CA,BE,1114375538.57615
2020,CA,BG,67073382.2988267
2020,CA,BR,3186545121.38883
2020,CA,CA,357892420514.068
2020,CA,CH,696507255.433652
2020,CA,CN,29800118165.9054
2020,CA,CY,27721825.5463437
2020,CA,CZ,195881050.602636
2020,CA,DE,4856610861.78824
2020,CA,DK,340733876.360291
2020,CA,EE,39017581.3976732
2020,CA,ES,1352541840.63641
2020,CA,FI,219795487.013864
2020,CA,FR,3823901315.57575
2020,CA,GB,3863410872.80254
2020,CA,GR,191978350.556979
2020,CA,HR,82117246.0545636
2020,CA,HU,114949029.615482
2020,CA,ID,1353107620.34363
2020,CA,IE,1357500821.22745
2020,CA,IN,3834936074.7497
2020,CA,IT,2134648306.66911
2020,CA,JP,11413251630.875
2020,CA,KR,4111339335.10502
2020,CA,LT,42779065.2301271
2020,CA,LU,135029633.832067
2020,CA,LV,31680021.1305223
2020,CA,MT,37388953.2047728
2020,CA,MX,11631210507.5571
2020,CA,NL,2144317752.87998
2020,CA,NO,662318421.599424
2020,CA,PL,435898887.891004
2020,CA,PT,312377140.032371
2020,CA,RO,240863732.162903
2020,CA,RU,756232779.988399
2020,CA,SE,660684891.55751
2020,CA,SI,48311468.2161997
2020,CA,SK,66828483.8465069
2020,CA,TR,1212206996.69755
2020,CA,TW,431480488.314866
2020,CA,US,188001853152.943
2020,CA,WA,12185238984.5874
2020,CA,WE,741107791.123405
2020,CA,WF,3957601434.30553
2020,CA,WL,12518719590.2503
2020,CA,WM,7148872311.09491
2020,CA,ZA,281648404.138252
2020,CH,AT,701575059.570966
2020,CH,AU,266367886.278925
2020,CH,BE,1783610978.94734
2020,CH,BG,43001020.6835065
2020,CH,BR,298548939.919085
2020,CH,CA,535445142.415604
2020,CH,CH,39474418361.9854
2020,CH,CN,1805088805.84691
2020,CH,CY,14848837.1864765
2020,CH,CZ,141905716.66488
2020,CH,DE,4214505854.22387
2020,CH,DK,813558109.212474
2020,CH,EE,27073111.7986647
2020,CH,ES,734281811.924102
2020,CH,FI,216633852.857746
2020,CH,FR,3459914394.61263
2020,CH,GB,1262859953.22045
2020,CH,GR,189081405.57843
2020,CH,HR,60694231.9183148
2020,CH,HU,104878540.836887
2020,CH,ID,79374971.3793832
2020,CH,IE,588039120.303157
2020,CH,IN,412259738.307253
2020,CH,IT,3884168579.69522
2020,CH,JP,1355321891.29263
2020,CH,KR,323884242.465837
2020,CH,LT,22990155.7856828
2020,CH,LU,150692553.698218
2020,CH,LV,20460416.9430852
2020,CH,MT,8412170.90179085
2020,CH,MX,325445529.674538
2020,CH,NL,1134311019.2274
2020,CH,NO,218060179.780369
2020,CH,PL,264639248.444253
2020,CH,PT,211752143.741246
2020,CH,RO,228820186.386443
2020,CH,RU,648920239.764497
2020,CH,SE,395273015.476021
2020,CH,SI,124722320.968033
2020,CH,SK,58761428.6469059
2020,CH,TR,208988279.366829
2020,CH,TW,293553928.623922
2020,CH,US,7164644578.13941
2020,CH,WA,1445289942.54339
2020,CH,WE,515839795.476067
2020,CH,WF,457966575.074132
2020,CH,WL,603881391.78865
2020,CH,WM,1291801495.37837
2020,CH,ZA,138145218.726521
2020,CN,AT,5555896776.8956
2020,CN,AU,40251656995.5769
2020,CN,BE,11996279810.7901
2020,CN,BG,1833253168.79297
2020,CN,BR,40323468574.1246
2020,CN,CA,46800550888.4993
2020,CN,CH,12121853121.3563
2020,CN,CN,10381384536953.2
2020,CN,CY,823858551.951325
2020,CN,CZ,6483911344.60385
2020,CN,DE,84203563727.2294
2020,CN,DK,5375092813.88885
2020,CN,EE,842493514.801416
2020,CN,ES,22125080641.1944
2020,CN,FI,3563013692.65194
2020,CN,FR,39166427510.9377
2020,CN,GB,58132841533.2797
2020,CN,GR,4851171018.36474
2020,CN,HR,1286454849.9895
2020,CN,HU,3936938986.47588
2020,CN,ID,36208521352.9189
2020,CN,IE,11474654821.7344
2020,CN,IN,86686184622.6566
2020,CN,IT,22823911357.0249
2020,CN,JP,132208403916.41
2020,CN,KR,102142137397.717
2020,CN,LT,994517898.942912
2020,CN,LU,1507353454.32916
2020,CN,LV,666604701.38523
2020,CN,MT,698209809.562101
2020,CN,MX,44718919886.9654
2020,CN,NL,29205954299.2462
2020,CN,NO,6773963282.06578
2020,CN,PL,18626341854.4039
2020,CN,PT,3295108539.32895
2020,CN,RO,4611987239.3296
2020,CN,RU,38067666034.023
2020,CN,SE,7753367741.61036
2020,CN,SI,1604103026.2065
2020,CN,SK,2396787324.95864
2020,CN,TR,24133652078.0572
2020,CN,TW,8949637719.56074
2020,CN,US,422926886280.567
2020,CN,WA,708874010819.042
2020,CN,WE,18185760945.7146
2020,CN,WF,109352501911.018
2020,CN,WL,116326959611.18
2020,CN,WM,233218589446.287
2020,CN,ZA,9869339660.95972
2020,CY,AT,78430513.6076288
2020,CY,AU,50077711.4150897
2020,CY,BE,89458360.0761816
2020,CY,BG,39743098.5923146
2020,CY,BR,41765022.704186
2020,CY,CA,43335848.5718548
2020,CY,CH,104714385.948736
2020,CY,CN,302963601.079666
2020,CY,CY,5659174238.0004
2020,CY,CZ,35152312.5546177
2020,CY,DE,761862471.833222
2020,CY,DK,48368525.399829
2020,CY,EE,40712775.2604399
2020,CY,ES,64895253.9623513
2020,CY,FI,36344694.2550891
2020,CY,FR,193158172.344267
2020,CY,GB,518617485.658258
2020,CY,GR,271913074.884442
2020,CY,HR,8135127.0393197
2020,CY,HU,31971572.3826435
2020,CY,ID,24984855.7156736
2020,CY,IE,39274711.0606113
2020,CY,IN,73748375.690872
2020,CY,IT,180697422.04608
2020,CY,JP,113436594.960788
2020,CY,KR,62259018.0341301
2020,CY,LT,28129037.6709553
2020,CY,LU,5623801.51756934
2020,CY,LV,29244963.9017633
2020,CY,MT,12230644.2005346
2020,CY,MX,35330048.2834898
2020,CY,NL,104523523.617815
2020,CY,NO,42864890.5531629
2020,CY,PL,68124362.8804322
2020,CY,PT,12037908.0759355
2020,CY,RO,54385648.3602748
2020,CY,RU,906908572.79749
2020,CY,SE,108085117.620439
2020,CY,SI,5241048.44276157
2020,CY,SK,18136923.4207553
2020,CY,TR,87775674.7530381
2020,CY,TW,79251076.6800086
2020,CY,US,401119874.417644
2020,CY,WA,426130149.314941
2020,CY,WE,83054695.0727954
2020,CY,WF,81335204.9533272
2020,CY,WL,90889971.9170158
2020,CY,WM,763598781.147007
2020,CY,ZA,17400921.5526696
2020,CZ,AT,1704055247.63209
2020,CZ,AU,118527380.233351
2020,CZ,BE,609327068.556506
2020,CZ,BG,287201962.949428
2020,CZ,BR,144655683.376693
2020,CZ,CA,228423372.062076
2020,CZ,CH,696033088.27616
2020,CZ,CN,1804716367.21849
2020,CZ,CY,26132007.2408602
2020,CZ,CZ,67560224972.1223
2020,CZ,DE,9024733522.83883
2020,CZ,DK,326716835.082919
2020,CZ,EE,64046959.8233979
2020,CZ,ES,671436374.908921
2020,CZ,FI,196997967.445333
2020,CZ,FR,1898723603.28932
2020,CZ,GB,1621813815.26679
2020,CZ,GR,172552993.566145
2020,CZ,HR,166945087.166321
2020,CZ,HU,851135057.871239
2020,CZ,ID,55895595.5183689
2020,CZ,IE,527096359.093762
2020,CZ,IN,232034367.089106
2020,CZ,IT,1635971216.88812
2020,CZ,JP,390022183.222401
2020,CZ,KR,231338191.745613
2020,CZ,LT,103914937.242468
2020,CZ,LU,81106834.822756
2020,CZ,LV,51454419.8873535
2020,CZ,MT,7920190.64121109
2020,CZ,MX,189667656.092267
2020,CZ,NL,841424059.609312
2020,CZ,NO,264426724.699562
2020,CZ,PL,2019675517.88685
2020,CZ,PT,127609891.205261
2020,CZ,RO,641486776.441151
2020,CZ,RU,985627675.629181
2020,CZ,SE,556927639.779229
2020,CZ,SI,131587798.505258
2020,CZ,SK,3547500836.29214
2020,CZ,TR,591980735.015565
2020,CZ,TW,138394537.511588
2020,CZ,US,1831868243.01648
2020,CZ,WA,1033138380.27725
2020,CZ,WE,1102122670.39399
2020,CZ,WF,448175133.242518
2020,CZ,WL,304730038.697575
2020,CZ,WM,1464262457.78855
2020,CZ,ZA,91767151.1914573
2020,DE,AT,10034037281.5097
2020,DE,AU,1715376246.61862
2020,DE,BE,6093522446.0313
2020,DE,BG,689300174.371854
2020,DE,BR,2733262153.36834
2020,DE,CA,2774112384.92993
2020,DE,CH,9959148310.75408
2020,DE,CN,26226443077.1326
2020,DE,CY,148533095.777129
2020,DE,CZ,4609197545.28035
2020,DE,DE,511981461700.162
2020,DE,DK,3287176677.69117
2020,DE,EE,337576143.747921
2020,DE,ES,6174470271.84672
2020,DE,FI,1783428089.97833
2020,DE,FR,17613508464.6605
2020,DE,GB,12173505349.4089
2020,DE,GR,1315299974.77521
2020,DE,HR,582481097.030326
2020,DE,HU,2262880346.70064
2020,DE,ID,647781415.490234
2020,DE,IE,3099663903.93947
2020,DE,IN,4325191220.76628
2020,DE,IT,10476940473.3136
2020,DE,JP,4356343528.52846
2020,DE,KR,3853577968.52351
2020,DE,LT,501988823.156733
2020,DE,LU,957689241.76879
2020,DE,LV,266110869.023323
2020,DE,MT,76131121.8214062
2020,DE,MX,2847742326.04076
2020,DE,NL,10066483052.5614
2020,DE,NO,2095550266.20978
2020,DE,PL,8781774199.89345
2020,DE,PT,1388079113.39683
2020,DE,RO,2396733182.06143
2020,DE,RU,4372504120.23408
2020,DE,SE,4189302932.26666
2020,DE,SI,542020980.588149
2020,DE,SK,1465895586.00159
2020,DE,TR,4098886443.74232
2020,DE,TW,3200162730.64444
2020,DE,US,22421097912.7369
2020,DE,WA,10626669406.1301
2020,DE,WE,3181597747.70289
2020,DE,WF,4751485408.61227
2020,DE,WL,4228145293.96384
2020,DE,WM,11524185584.5449
2020,DE,ZA,1012099154.91149
2020,DK,AT,253017495.680466
2020,DK,AU,685703209.903875
2020,DK,BE,576134000.357316
2020,DK,BG,70648616.915197
2020,DK,BR,847794300.191584
2020,DK,CA,643352449.177947
2020,DK,CH,1301069483.61108
2020,DK,CN,5896137694.54986
2020,DK,CY,21529870.0132566
2020,DK,CZ,154029003.521237
2020,DK,DE,4946646911.91434
2020,DK,DK,25994452262.0429
2020,DK,EE,88821781.0389764
2020,DK,ES,960793546.647978
2020,DK,FI,658061721.603587
2020,DK,FR,1540436171.10166
2020,DK,GB,2284880707.46549
2020,DK,GR,257492735.600535
2020,DK,HR,60955832.8158249
2020,DK,HU,236932464.296287
2020,DK,ID,246239285.998064
2020,DK,IE,638989191.512323
2020,DK,IN,1471037079.33178
2020,DK,IT,1323280600.96664
2020,DK,JP,1627032236.63576
2020,DK,KR,920538567.14854
2020,DK,LT,123803341.317832
2020,DK,LU,47323235.854831
2020,DK,LV,81643249.8646419
2020,DK,MT,24667055.3307282
2020,DK,MX,461332094.297203
2020,DK,NL,889708791.534484
2020,DK,NO,2230487093.73077
2020,DK,PL,1053886873.87423
2020,DK,PT,206372384.135727
2020,DK,RO,160366285.121635
2020,DK,RU,931187081.509256
2020,DK,SE,3060244227.82323
2020,DK,SI,43678092.3017478
2020,DK,SK,82895844.4460486
2020,DK,TR,547647535.255526
2020,DK,TW,2139177233.97394
2020,DK,US,7043913632.20553
2020,DK,WA,2588811602.8289
2020,DK,WE,494719341.341064
2020,DK,WF,778930675.352564
2020,DK,WL,1103721191.90324
2020,DK,WM,2274491383.8725
2020,DK,ZA,230978103.623614
2020,EE,AT,36472604.8684157
2020,EE,AU,85485908.5121269
2020,EE,BE,59868182.6787451
2020,EE,BG,11598777.7754435
2020,EE,BR,17687208.7110217
2020,EE,CA,53940683.2941047
2020,EE,CH,75061039.1934177
2020,EE,CN,214577309.271437
2020,EE,CY,13081019.4539495
2020,EE,CZ,18849558.7282579
2020,EE,DE,339682153.021179
2020,EE,DK,106425794.46799
2020,EE,EE,4751421605.8606
2020,EE,ES,56302547.4584144
2020,EE,FI,665006031.854659
2020,EE,FR,116927142.806309
2020,EE,GB,211382360.685613
2020,EE,GR,16206084.7018238
2020,EE,HR,6468885.27978852
2020,EE,HU,14700737.9128248
2020,EE,ID,7086606.65776575
2020,EE,IE,39147953.3103426
2020,EE,IN,41310537.0132486
2020,EE,IT,65722534.9860157
2020,EE,JP,53710063.0044448
2020,EE,KR,51649092.1611386
2020,EE,LT,187891271.821209
2020,EE,LU,6986429.92222889
2020,EE,LV,493428670.300978
2020,EE,MT,3109000.0180079
2020,EE,MX,14388751.9109925
2020,EE,NL,153039882.313104
2020,EE,NO,147300551.178284
2020,EE,PL,90051456.1474622
2020,EE,PT,11198334.0457444
2020,EE,RO,21862333.3206513
2020,EE,RU,291496054.198649
2020,EE,SE,281772074.978082
2020,EE,SI,4327616.19393517
2020,EE,SK,12577509.8235132
2020,EE,TR,62247177.8227757
2020,EE,TW,17292747.9982866
2020,EE,US,269713656.721394
2020,EE,WA,221696662.861231
2020,EE,WE,130880932.309328
2020,EE,WF,195233806.679838
2020,EE,WL,151874283.49632
2020,EE,WM,271053500.886235
2020,EE,ZA,9659507.94329043
2020,ES,AT,429260435.404151
2020,ES,AU,314231663.051961
2020,ES,BE,1191568017.51798
2020,ES,BG,137493099.183736
2020,ES,BR,1084900568.64743
2020,ES,CA,721496328.523037
2020,ES,CH,1021035199.03157
2020,ES,CN,8212272009.7675
2020,ES,CY,49453235.2420719
2020,ES,CZ,282151995.978062
2020,ES,DE,5891482492.88254
2020,ES,DK,447762312.934639
2020,ES,EE,58911816.9148253
2020,ES,ES,195900551698.39
2020,ES,FI,334290503.867146
2020,ES,FR,8736266534.08276
2020,ES,GB,6627697061.38702
2020,ES,GR,493676202.441411
2020,ES,HR,77379641.5174934
2020,ES,HU,220019512.36169
2020,ES,ID,142276761.083145
2020,ES,IE,1295476755.14423
2020,ES,IN,675064027.638524
2020,ES,IT,3319722126.59317
2020,ES,JP,885758132.231871
2020,ES,KR,635833348.862965
2020,ES,LT,72948855.4452845
2020,ES,LU,131284646.227616
2020,ES,LV,52694579.5905649
2020,ES,MT,217548669.884775
2020,ES,MX,819811453.684658
2020,ES,NL,1420575810.59211
2020,ES,NO,478254323.319925
2020,ES,PL,889630835.781945
2020,ES,PT,4444500608.89436
2020,ES,RO,391384675.851693
2020,ES,RU,703296407.239955
2020,ES,SE,865791612.52104
2020,ES,SI,68904170.0661466
2020,ES,SK,156510026.403219
2020,ES,TR,1134421215.31286
2020,ES,TW,169946676.174073
2020,ES,US,5778932346.46241
2020,ES,WA,2459634876.58251
2020,ES,WE,1249435528.97768
2020,ES,WF,5526118720.6399
2020,ES,WL,2547713806.09516
2020,ES,WM,5093823021.31054
2020,ES,ZA,286633381.95195
2020,FI,AT,131125930.036174
2020,FI,AU,166317981.216348
2020,FI,BE,339567563.50033
2020,FI,BG,27865623.2876929
2020,FI,BR,129996462.015498
2020,FI,CA,145190278.658413
2020,FI,CH,193650697.843922
2020,FI,CN,1794130890.82928
2020,FI,CY,11694873.1091137
2020,FI,CZ,69829535.209875
2020,FI,DE,1737851869.24969
2020,FI,DK,225293091.322691
2020,FI,EE,450890332.323825
2020,FI,ES,274699573.754205
2020,FI,FI,33301005529.5561
2020,FI,FR,696417334.83294
2020,FI,GB,745412287.054841
2020,FI,GR,53841792.2322549
2020,FI,HR,13359918.943573
2020,FI,HU,49659674.4881858
2020,FI,ID,40282830.729906
2020,FI,IE,211421434.971781
2020,FI,IN,320264749.47524
2020,FI,IT,300115417.460132
2020,FI,JP,403494394.159154
2020,FI,KR,172371074.945179
2020,FI,LT,164235635.405749
2020,FI,LU,36874470.9515679
2020,FI,LV,166635478.738049
2020,FI,MT,6556533.17688612
2020,FI,MX,106298670.689412
2020,FI,NL,566406538.709942
2020,FI,NO,390349289.076614
2020,FI,PL,300209509.956069
2020,FI,PT,52003673.0756246
2020,FI,RO,54439520.796109
2020,FI,RU,902776081.281962
2020,FI,SE,2019665162.88812
2020,FI,SI,12125179.4114391
2020,FI,SK,38253012.3084143
2020,FI,TR,209168901.861789
2020,FI,TW,305677365.893323
2020,FI,US,1532154220.25661
2020,FI,WA,795466315.105953
2020,FI,WE,193177591.412861
2020,FI,WF,318965854.717121
2020,FI,WL,287809407.190653
2020,FI,WM,893761514.730907
2020,FI,ZA,95490033.9906021
2020,FR,AT,818376384.76039
2020,FR,AU,713926962.775607
2020,FR,BE,5959065551.47507
2020,FR,BG,225566747.982485
2020,FR,BR,1712151724.7337
2020,FR,CA,1874355572.80039
2020,FR,CH,3201313356.25598
2020,FR,CN,14013064872.4467
2020,FR,CY,70462127.2494297
2020,FR,CZ,489354527.534158
2020,FR,DE,12123314859.7938
2020,FR,DK,566571646.460679
2020,FR,EE,77902706.0724025
2020,FR,ES,6057736664.54279
2020,FR,FI,473598911.940902
2020,FR,FR,259886693220.434
2020,FR,GB,7484097744.40493
2020,FR,GR,964900111.500161
2020,FR,HR,127979096.365885
2020,FR,HU,422446013.005242
2020,FR,ID,557429834.9362
2020,FR,IE,1939526220.04809
2020,FR,IN,1631857948.24103
2020,FR,IT,8877124605.58675
2020,FR,JP,2204875030.84982
2020,FR,KR,1603992676.02275
2020,FR,LT,105327626.603349
2020,FR,LU,535811207.550727
2020,FR,LV,76020403.2182421
2020,FR,MT,74342343.8549221
2020,FR,MX,1043696814.66338
2020,FR,NL,3281459753.82897
2020,FR,NO,605667084.280946
2020,FR,PL,1374302864.46749
2020,FR,PT,1084325076.10402
2020,FR,RO,775772781.485216
2020,FR,RU,1209994599.18438
2020,FR,SE,1115795991.06761
2020,FR,SI,131976163.508154
2020,FR,SK,335706355.707248
2020,FR,TR,1859606311.51369
2020,FR,TW,4860056290.63923
2020,FR,US,11242822641.8491
2020,FR,WA,6463476594.75515
2020,FR,WE,935565916.851577
2020,FR,WF,8232935639.29187
2020,FR,WL,2024374839.03506
2020,FR,WM,6309584413.15748
2020,FR,ZA,376143726.641192
2020,GB,AT,620754081.285017
2020,GB,AU,3730464502.87376
2020,GB,BE,3099949978.06843
2020,GB,BG,188828978.061892
2020,GB,BR,992828623.394096
2020,GB,CA,2102051122.26442
2020,GB,CH,2304534164.72402
2020,GB,CN,9580416960.42805
2020,GB,CY,237942859.801571
2020,GB,CZ,505004733.051563
2020,GB,DE,8878577966.41113
2020,GB,DK,1174244827.03144
2020,GB,EE,97895546.0248445
2020,GB,ES,4950038242.13649
2020,GB,FI,624924606.699379
2020,GB,FR,7983012734.22678
2020,GB,GB,285281450922.327
2020,GB,GR,668578145.110558
2020,GB,HR,89885354.7473626
2020,GB,HU,323916311.675103
2020,GB,ID,472445692.81452
2020,GB,IE,14147722042.3153
2020,GB,IN,2391452873.95932
2020,GB,IT,3638671406.57144
2020,GB,JP,3447940263.65675
2020,GB,KR,1722722944.40726
2020,GB,LT,133271576.537819
2020,GB,LU,289122775.250122
2020,GB,LV,170086302.538849
2020,GB,MT,143892328.751783
2020,GB,MX,807903483.086322
2020,GB,NL,5088518949.88005
2020,GB,NO,1288644287.26849
2020,GB,PL,1257579224.35985
2020,GB,PT,860197526.97303
2020,GB,RO,401193132.459544
2020,GB,RU,1273333810.43966
2020,GB,SE,2078492759.51347
2020,GB,SI,94357990.7846619
2020,GB,SK,213616449.046903
2020,GB,TR,1670712289.12997
2020,GB,TW,2546278777.99664
2020,GB,US,15997927304.5873
2020,GB,WA,7230825061.96335
2020,GB,WE,1296890544.70709
2020,GB,WF,3718298323.72724
2020,GB,WL,2384686089.91619
2020,GB,WM,6748040218.15207
2020,GB,ZA,724726082.492549
2020,GR,AT,260818238.977956
2020,GR,AU,178001980.576723
2020,GR,BE,320497791.118707
2020,GR,BG,527521759.162909
2020,GR,BR,276406366.604858
2020,GR,CA,351290757.157589
2020,GR,CH,1094532543.67122
2020,GR,CN,2273095551.33828
2020,GR,CY,426596221.874204
2020,GR,CZ,97389458.2271709
2020,GR,DE,2405562065.88204
2020,GR,DK,146433242.010428
2020,GR,EE,24560238.5446751
2020,GR,ES,488403546.552174
2020,GR,FI,87340284.2241139
2020,GR,FR,1136837767.20047
2020,GR,GB,1563892452.41455
2020,GR,GR,97985209645.0858
2020,GR,HR,65908342.3045488
2020,GR,HU,93949824.6990855
2020,GR,ID,83286296.2679706
2020,GR,IE,222369437.613423
2020,GR,IN,479227323.457445
2020,GR,IT,1559528303.54725
2020,GR,JP,494532350.288786
2020,GR,KR,1000767817.97487
2020,GR,LT,36818242.3343097
2020,GR,LU,25755015.7684255
2020,GR,LV,27484305.4132584
2020,GR,MT,59810412.6230603
2020,GR,MX,209073085.321524
2020,GR,NL,385815272.343114
2020,GR,NO,98838211.6901069
2020,GR,PL,362525352.750871
2020,GR,PT,83541363.7504017
2020,GR,RO,474097505.812203
2020,GR,RU,342384530.283675
2020,GR,SE,267734670.0527
2020,GR,SI,55621890.4068869
2020,GR,SK,64355416.3808481
2020,GR,TR,619720802.171647
2020,GR,TW,1194831430.5838
2020,GR,US,4342244912.76143
2020,GR,WA,2072787467.45514
2020,GR,WE,1181145425.08167
2020,GR,WF,1132634324.31004
2020,GR,WL,535688305.825268
2020,GR,WM,2274850528.98086
2020,GR,ZA,71593487.837777
2020,HR,AT,219957050.351921
2020,HR,AU,20985165.8851199
2020,HR,BE,68367117.6764981
2020,HR,BG,93065641.9796941
2020,HR,BR,15855001.3730053
2020,HR,CA,33971941.8454994
2020,HR,CH,113801956.548708
2020,HR,CN,160275335.136479
2020,HR,CY,6996263.30794958
2020,HR,CZ,47570234.5171585
2020,HR,DE,562539126.339536
2020,HR,DK,20545725.8759539
2020,HR,EE,3630825.54223622
2020,HR,ES,106748159.530695
2020,HR,FI,16545382.4073023
2020,HR,FR,172006829.512203
2020,HR,GB,142769618.557657
2020,HR,GR,37190640.1701868
2020,HR,HR,15802453466.3265
2020,HR,HU,702291013.056783
2020,HR,ID,5980597.05528953
2020,HR,IE,32094156.1288216
2020,HR,IN,32756844.3010182
2020,HR,IT,519205073.015657
2020,HR,JP,50734223.4238696
2020,HR,KR,25991255.2273552
2020,HR,LT,9359433.49848383
2020,HR,LU,6981217.70060645
2020,HR,LV,4768072.09069232
2020,HR,MT,10807447.148677
2020,HR,MX,18264713.9128816
2020,HR,NL,61004930.9186537
2020,HR,NO,26157051.1720378
2020,HR,PL,82565257.7747349
2020,HR,PT,15445393.6907285
2020,HR,RO,139389585.18469
2020,HR,RU,111604460.324758
2020,HR,SE,54442693.1689548
2020,HR,SI,178948057.264852
2020,HR,SK,41872365.8829042
2020,HR,TR,91151091.6393194
2020,HR,TW,13676281.457399
2020,HR,US,242126772.857594
2020,HR,WA,134933225.184014
2020,HR,WE,1194128350.1185
2020,HR,WF,70652287.2419341
2020,HR,WL,42441681.6405032
2020,HR,WM,225274537.111138
2020,HR,ZA,5832120.70636741
2020,HU,AT,1770448136.87986
2020,HU,AU,85857081.2167368
2020,HU,BE,275674505.38125
2020,HU,BG,264592249.473081
2020,HU,BR,119995891.798405
2020,HU,CA,171261598.771504
2020,HU,CH,399142570.594513
2020,HU,CN,1187802520.94344
2020,HU,CY,22771735.2317889
2020,HU,CZ,437374645.86264
2020,HU,DE,4246063040.82973
2020,HU,DK,152909466.879565
2020,HU,EE,29001870.8997192
2020,HU,ES,503658198.805623
2020,HU,FI,104425984.12022
2020,HU,FR,1078792082.55293
2020,HU,GB,1003013862.93091
2020,HU,GR,305665835.544844
2020,HU,HR,867993656.964788
2020,HU,HU,34388574355.0416
2020,HU,ID,29938825.4112209
2020,HU,IE,198174497.132562
2020,HU,IN,163298515.838046
2020,HU,IT,1701257571.19792
2020,HU,JP,328942828.913574
2020,HU,KR,218364908.022729
2020,HU,LT,54857301.8509743
2020,HU,LU,50495646.644978
2020,HU,LV,34339632.5504876
2020,HU,MT,13472523.7779307
2020,HU,MX,155123203.355074
2020,HU,NL,488916570.450078
2020,HU,NO,129763136.944839
2020,HU,PL,808138070.334842
2020,HU,PT,85855487.8430536
2020,HU,RO,2508750799.95395
2020,HU,RU,617246377.090583
2020,HU,SE,314660411.35162
2020,HU,SI,182486548.904086
2020,HU,SK,663037118.085516
2020,HU,TR,638965442.999865
2020,HU,TW,99224729.6173981
2020,HU,US,1319339929.06864
2020,HU,WA,785627370.666696
2020,HU,WE,2469791765.09852
2020,HU,WF,293023692.0278
2020,HU,WL,206085908.575164
2020,HU,WM,1440212712.77413
2020,HU,ZA,41377922.0327745
2020,ID,AT,246174477.426856
2020,ID,AU,2465270382.71324
2020,ID,BE,582463142.885368
2020,ID,BG,77438297.5976578
2020,ID,BR,1273747792.38426
2020,ID,CA,1564097056.7114
2020,ID,CH,695173174.267416
2020,ID,CN,78703947937.4282
2020,ID,CY,28446003.724212
2020,ID,CZ,221612153.442802
2020,ID,DE,2948386303.72329
2020,ID,DK,241675067.931438
2020,ID,EE,57048838.9398541
2020,ID,ES,1009663270.17823
2020,ID,FI,153760775.76919
2020,ID,FR,1598162242.72245
2020,ID,GB,2167659020.47833
2020,ID,GR,226278087.929449
2020,ID,HR,57854268.4507015
2020,ID,HU,142791354.83967
2020,ID,ID,696131997693.171
2020,ID,IE,470735809.849983
2020,ID,IN,21042096627.7391
2020,ID,IT,1439571225.1616
2020,ID,JP,18736122391.0057
2020,ID,KR,7949945837.58283
2020,ID,LT,35507555.2093477
2020,ID,LU,77297846.2814791
2020,ID,LV,48386013.2485969
2020,ID,MT,23529765.823818
2020,ID,MX,1479541314.18774
2020,ID,NL,1266753413.72963
2020,ID,NO,249807252.667154
2020,ID,PL,596227626.588054
2020,ID,PT,150123808.723772
2020,ID,RO,235354818.073579
2020,ID,RU,1544131758.40588
2020,ID,SE,321414326.829951
2020,ID,SI,65586912.6095729
2020,ID,SK,99821094.8333796
2020,ID,TR,1620784848.24547
2020,ID,TW,670087259.149471
2020,ID,US,19241052785.8183
2020,ID,WA,64661048282.1089
2020,ID,WE,617241221.107878
2020,ID,WF,3903080671.03543
2020,ID,WL,2795088631.11905
2020,ID,WM,11628829909.1394
2020,ID,ZA,440788485.95383
2020,IE,AT,135607752.301443
2020,IE,AU,617895176.552562
2020,IE,BE,613136371.551163
2020,IE,BG,37123069.0750007
2020,IE,BR,115735565.050181
2020,IE,CA,674154617.99403
2020,IE,CH,1080329027.89007
2020,IE,CN,1662227503.8792
2020,IE,CY,17060757.839968
2020,IE,CZ,133873773.37958
2020,IE,DE,2103284871.38077
2020,IE,DK,207469519.158263
2020,IE,EE,17983889.9025789
2020,IE,ES,1628781999.69059
2020,IE,FI,110797228.149739
2020,IE,FR,2261223810.77577
2020,IE,GB,11229761698.5017
2020,IE,GR,210275675.060188
2020,IE,HR,19390403.2092108
2020,IE,HU,70627252.866223
2020,IE,ID,54643944.4464744
2020,IE,IE,27871772160.0781
2020,IE,IN,335538663.559156
2020,IE,IT,1731027583.80288
2020,IE,JP,644828011.547365
2020,IE,KR,187156146.419616
2020,IE,LT,24818504.6624051
2020,IE,LU,64399165.8647697
2020,IE,LV,28194975.2228498
2020,IE,MT,23660634.9606779
2020,IE,MX,196787887.647791
2020,IE,NL,1017224174.3374
2020,IE,NO,221017441.533497
2020,IE,PL,231031337.098045
2020,IE,PT,212550386.696184
2020,IE,RO,79616483.8074509
2020,IE,RU,247243108.434288
2020,IE,SE,400328058.105492
2020,IE,SI,18741880.1676881
2020,IE,SK,64134299.1756047
2020,IE,TR,704129173.771411
2020,IE,TW,199660473.702248
2020,IE,US,3183563471.67126
2020,IE,WA,1322760496.95337
2020,IE,WE,213090691.958731
2020,IE,WF,1030831865.18557
2020,IE,WL,566979591.645444
2020,IE,WM,1170726003.47765
2020,IE,ZA,101344480.206072
2020,IN,AT,1243749308.58249
2020,IN,AU,5343888444.77515
2020,IN,BE,3684940411.41534
2020,IN,BG,335571892.551889
2020,IN,BR,5930549066.09555
2020,IN,CA,5920945390.04738
2020,IN,CH,2443728250.67649
2020,IN,CN,48987098972.6151
2020,IN,CY,149018141.927585
2020,IN,CZ,844751871.140368
2020,IN,DE,15041438920.8453
2020,IN,DK,1499157371.60956
2020,IN,EE,145292017.767259
2020,IN,ES,4402608703.24009
2020,IN,FI,857256932.679195
2020,IN,FR,10517914145.4048
2020,IN,GB,13317630471.6669
2020,IN,GR,989659551.300809
2020,IN,HR,224239972.101195
2020,IN,HU,631363969.752048
2020,IN,ID,6385724972.49655
2020,IN,IE,1831679885.79829
2020,IN,IN,2728333637552.18
2020,IN,IT,6640455392.8652
2020,IN,JP,9281517288.03892
2020,IN,KR,7103807598.78139
2020,IN,LT,166537163.70429
2020,IN,LU,449392865.772201
2020,IN,LV,152428191.391224
2020,IN,MT,160090219.453496
2020,IN,MX,6122363389.88083
2020,IN,NL,5694502300.12746
2020,IN,NO,1043559071.18951
2020,IN,PL,2598790511.03591
2020,IN,PT,1214680144.04544
2020,IN,RO,914920518.591436
2020,IN,RU,5053042967.93367
2020,IN,SE,1616782433.93863
2020,IN,SI,264593738.697003
2020,IN,SK,360835638.658514
2020,IN,TR,6574886351.2631
2020,IN,TW,1695561058.37429
2020,IN,US,79057201922.7979
2020,IN,WA,117018767567.22
2020,IN,WE,2611660238.07339
2020,IN,WF,30200497079.4344
2020,IN,WL,13360772721.3873
2020,IN,WM,116871529215.181
2020,IN,ZA,3458154439.20093
2020,IT,AT,1255485666.58576
2020,IT,AU,515237755.867325
2020,IT,BE,1229821349.41743
2020,IT,BG,395867757.180113
2020,IT,BR,783217863.072251
2020,IT,CA,1159660588.29228
2020,IT,CH,2590564166.7324
2020,IT,CN,4849705315.09169
2020,IT,CY,95000831.9133181
2020,IT,CZ,511276629.233709
2020,IT,DE,8020793112.66968
2020,IT,DK,388684318.37618
2020,IT,EE,61915218.6023181
2020,IT,ES,2343462861.22046
2020,IT,FI,247163051.755868
2020,IT,FR,6044909041.47073
2020,IT,GB,3503876226.20187
2020,IT,GR,753217502.310329
2020,IT,HR,438281331.282168
2020,IT,HU,451502293.972838
2020,IT,ID,194356094.030196
2020,IT,IE,829153768.85545
2020,IT,IN,868099780.051294
2020,IT,IT,278396885334.71
2020,IT,JP,1441495195.85168
2020,IT,KR,1011586831.7712
2020,IT,LT,99693382.072072
2020,IT,LU,125983468.011604
2020,IT,LV,68487586.7562427
2020,IT,MT,160321393.72458
2020,IT,MX,569038228.941718
2020,IT,NL,1198635612.24869
2020,IT,NO,499312255.727815
2020,IT,PL,1244745845.03241
2020,IT,PT,460395259.906701
2020,IT,RO,897797395.705548
2020,IT,RU,1087513358.69832
2020,IT,SE,762163719.814871
2020,IT,SI,300136442.169524
2020,IT,SK,307072877.727513
2020,IT,TR,1454186962.56483
2020,IT,TW,360562937.073514
2020,IT,US,7530879616.60509
2020,IT,WA,3614310215.28058
2020,IT,WE,1584988001.66592
2020,IT,WF,2500998839.1596
2020,IT,WL,1360865230.23326
2020,IT,WM,5156419020.49665
2020,IT,ZA,207224242.404679
2020,JP,AT,304160663.101587
2020,JP,AU,2499169794.31966
2020,JP,BE,849803210.517848
2020,JP,BG,58867957.5321189
2020,JP,BR,1421136863.29869
2020,JP,CA,2341098054.71073
2020,JP,CH,1021454427.87751
2020,JP,CN,54296788337.7482
2020,JP,CY,32932798.1468756
2020,JP,CZ,235800030.985798
2020,JP,DE,4606163024.02727
2020,JP,DK,361882860.877694
2020,JP,EE,48814271.7184002
2020,JP,ES,706206520.350503
2020,JP,FI,210813571.507203
2020,JP,FR,2575265862.65527
2020,JP,GB,2764597710.71671
2020,JP,GR,203720302.872905
2020,JP,HR,42081977.3850139
2020,JP,HU,205533454.751469
2020,JP,ID,3163412918.25594
2020,JP,IE,704254656.298796
2020,JP,IN,4661170196.70442
2020,JP,IT,1264481765.67074
2020,JP,JP,925867950214.394
2020,JP,KR,12323068940.9193
2020,JP,LT,35534200.6000734
2020,JP,LU,143803847.593541
2020,JP,LV,27382178.9133239
2020,JP,MT,25622073.7949642
2020,JP,MX,2717183284.14608
2020,JP,NL,1310596857.11198
2020,JP,NO,448514293.898185
2020,JP,PL,674085958.165299
2020,JP,PT,147482990.695558
2020,JP,RO,166305274.015374
2020,JP,RU,1527253341.73758
2020,JP,SE,459456900.557686
2020,JP,SI,59512813.4187702
2020,JP,SK,80252290.3338289
2020,JP,TR,992456649.284161
2020,JP,TW,9768750148.74556
2020,JP,US,26820060483.2812
2020,JP,WA,36740751830.0974
2020,JP,WE,562317631.453091
2020,JP,WF,2790668784.69118
2020,JP,WL,4341431573.47197
2020,JP,WM,9215074406.28447
2020,JP,ZA,407478603.547434
2020,KR,AT,323006370.888921
2020,KR,AU,2534047779.02411
2020,KR,BE,617328161.00895
2020,KR,BG,116269207.289668
2020,KR,BR,1569181352.51051
2020,KR,CA,2672285811.19587
2020,KR,CH,545555235.694914
2020,KR,CN,48613611125.3118
2020,KR,CY,31599173.4815798
2020,KR,CZ,373589946.437202
2020,KR,DE,4518195473.00352
2020,KR,DK,388099159.071497
2020,KR,EE,46596443.202923
2020,KR,ES,1039072166.48716
2020,KR,FI,181504046.775426
2020,KR,FR,2849827907.49453
2020,KR,GB,2255114191.52993
2020,KR,GR,489615000.915042
2020,KR,HR,64565639.8782608
2020,KR,HU,364975527.4675
2020,KR,ID,2855772063.38434
2020,KR,IE,769639751.672742
2020,KR,IN,6379126377.53055
2020,KR,IT,1816559447.15435
2020,KR,JP,17607262009.4192
2020,KR,KR,467723405970.454
2020,KR,LT,50827940.3950545
2020,KR,LU,116098866.565504
2020,KR,LV,34854402.4147408
2020,KR,MT,140352686.12818
2020,KR,MX,3227991049.99166
2020,KR,NL,1164746344.96036
2020,KR,NO,477236478.081063
2020,KR,PL,926702320.641222
2020,KR,PT,246809897.091196
2020,KR,RO,260314189.83273
2020,KR,RU,2525173536.45442
2020,KR,SE,494607327.551556
2020,KR,SI,162947019.409044
2020,KR,SK,223896619.974412
2020,KR,TR,2554215904.94159
2020,KR,TW,1309680252.54749
2020,KR,US,24888092564.835
2020,KR,WA,33650799653.4315
2020,KR,WE,677136149.869225
2020,KR,WF,3794938722.38967
2020,KR,WL,5164012021.02313
2020,KR,WM,9906950917.13106
2020,KR,ZA,331041908.695907
2020,LT,AT,190429541.084269
2020,LT,AU,55605761.309258
2020,LT,BE,147952096.720581
2020,LT,BG,24577651.3136061
2020,LT,BR,32381715.4979845
2020,LT,CA,82255453.3731866
2020,LT,CH,257657242.961146
2020,LT,CN,500317211.053983
2020,LT,CY,115149437.393975
2020,LT,CZ,58348591.5826292
2020,LT,DE,1178494376.05012
2020,LT,DK,234967835.726187
2020,LT,EE,282620875.89057
2020,LT,ES,244667474.255986
2020,LT,FI,108135661.767572
2020,LT,FR,447692360.69991
2020,LT,GB,411583047.316902
2020,LT,GR,45101007.6815398
2020,LT,HR,47697580.6968423
2020,LT,HU,50996274.5021736
2020,LT,ID,13153615.5158768
2020,LT,IE,76181981.8975272
2020,LT,IN,82719685.2996554
2020,LT,IT,307377622.288418
2020,LT,JP,72719699.7452304
2020,LT,KR,51580381.2021632
2020,LT,LT,12888111558.3876
2020,LT,LU,15214474.942191
2020,LT,LV,775320273.120725
2020,LT,MT,3927056.89075562
2020,LT,MX,26544747.4159265
2020,LT,NL,340595510.326782
2020,LT,NO,214465418.698365
2020,LT,PL,621540411.623307
2020,LT,PT,27423071.6785256
2020,LT,RO,65152987.9128468
2020,LT,RU,1138796760.17368
2020,LT,SE,219291305.851491
2020,LT,SI,40461357.1055219
2020,LT,SK,48103774.8625513
2020,LT,TR,97109478.1823046
2020,LT,TW,35953678.0336295
2020,LT,US,555712573.909059
2020,LT,WA,409696739.41027
2020,LT,WE,1146739580.79391
2020,LT,WF,447410828.886985
2020,LT,WL,157687657.123721
2020,LT,WM,749688548.072833
2020,LT,ZA,18398958.5168062
2020,LU,AT,31016454.1218345
2020,LU,AU,18388152.5838778
2020,LU,BE,206099954.217388
2020,LU,BG,4699332.40398137
2020,LU,BR,17292948.8170936
2020,LU,CA,106339113.643884
2020,LU,CH,329089644.506963
2020,LU,CN,222378125.042847
2020,LU,CY,5861189.19445764
2020,LU,CZ,16151256.6809085
2020,LU,DE,593722832.95175
2020,LU,DK,29212679.1955161
2020,LU,EE,2435886.52549868
2020,LU,ES,85030524.6984347
2020,LU,FI,19621343.9451258
2020,LU,FR,503202670.299957
2020,LU,GB,293631374.533653
2020,LU,GR,12373266.721717
2020,LU,HR,3807297.14527392
2020,LU,HU,13757689.7653486
2020,LU,ID,8727018.15017261
2020,LU,IE,116297133.984367
2020,LU,IN,40190573.2192923
2020,LU,IT,156769323.540209
2020,LU,JP,54874367.2303912
2020,LU,KR,22405376.1474945
2020,LU,LT,2872618.84615237
2020,LU,LU,1798165568.88851
2020,LU,LV,4160344.12129731
2020,LU,MT,1492848.57036589
2020,LU,MX,22163686.2993868
2020,LU,NL,200714046.841218
2020,LU,NO,19510398.6126177
2020,LU,PL,42058427.2417519
2020,LU,PT,15823300.9255818
2020,LU,RO,14666745.4613071
2020,LU,RU,34862708.0018377
2020,LU,SE,52842101.7157007
2020,LU,SI,6947494.98655089
2020,LU,SK,6739506.83112505
2020,LU,TR,34000580.0381851
2020,LU,TW,76570210.7024207
2020,LU,US,281696309.606069
2020,LU,WA,227690892.114575
2020,LU,WE,24440960.0215993
2020,LU,WF,62243913.3432211
2020,LU,WL,61699867.7928284
2020,LU,WM,151302307.791914
2020,LU,ZA,16249239.0331681
2020,LV,AT,43606884.0016419
2020,LV,AU,16864395.5254267
2020,LV,BE,53393933.0401521
2020,LV,BG,19943779.8529229
2020,LV,BR,13074751.743559
2020,LV,CA,28760238.3331908
2020,LV,CH,163004300.488595
2020,LV,CN,208680096.660863
2020,LV,CY,12659265.1053023
2020,LV,CZ,29313889.1046346
2020,LV,DE,420075016.378876
2020,LV,DK,112388849.890489
2020,LV,EE,336543489.627014
2020,LV,ES,96739871.5296734
2020,LV,FI,144446302.59254
2020,LV,FR,124675775.184987
2020,LV,GB,286484831.163421
2020,LV,GR,20583909.6845936
2020,LV,HR,20685072.3030738
2020,LV,HU,27909633.5126857
2020,LV,ID,6318252.17648694
2020,LV,IE,54627306.1603911
2020,LV,IN,35424231.9825033
2020,LV,IT,91447386.1429498
2020,LV,JP,37466961.7811333
2020,LV,KR,29416209.4918413
2020,LV,LT,570071674.957843
2020,LV,LU,7109360.23121574
2020,LV,LV,7361646747.55544
2020,LV,MT,2078155.95940167
2020,LV,MX,10215626.5890436
2020,LV,NL,156042342.133862
2020,LV,NO,97732314.9055232
2020,LV,PL,163571818.803232
2020,LV,PT,16958484.4007707
2020,LV,RO,32924206.0735785
2020,LV,RU,317990593.379542
2020,LV,SE,329022914.205485
2020,LV,SI,12589349.6707508
2020,LV,SK,22459347.0934351
2020,LV,TR,134117278.553099
2020,LV,TW,19019745.1051322
2020,LV,US,221578370.65423
2020,LV,WA,242140754.494098
2020,LV,WE,189053935.201418
2020,LV,WF,273009272.569344
2020,LV,WL,52247346.0549221
2020,LV,WM,304059382.936051
2020,LV,ZA,15446681.5105345
2020,MT,AT,30886700.7847318
2020,MT,AU,11677662.2363561
2020,MT,BE,28055283.7237543
2020,MT,BG,97573329.2297259
2020,MT,BR,6585764.62629623
2020,MT,CA,7040140.58851694
2020,MT,CH,28258560.3727965
2020,MT,CN,44604332.9414751
2020,MT,CY,9463897.72188933
2020,MT,CZ,16608116.8095685
2020,MT,DE,218727000.889318
2020,MT,DK,21281098.6942189
2020,MT,EE,7557781.57162586
2020,MT,ES,89331530.1354658
2020,MT,FI,8502392.74484911
2020,MT,FR,258203221.241285
2020,MT,GB,200441495.914868
2020,MT,GR,33392721.2108354
2020,MT,HR,12433222.626175
2020,MT,HU,14196809.2480038
2020,MT,ID,2045099.05793266
2020,MT,IE,20715513.6989409
2020,MT,IN,10574394.7571107
2020,MT,IT,233322548.114025
2020,MT,JP,21902532.4331651
2020,MT,KR,7879059.78280296
2020,MT,LT,32111489.2974559
2020,MT,LU,3375541.93628885
2020,MT,LV,7142192.61303247
2020,MT,MT,715323983.333122
2020,MT,MX,4461898.1453219
2020,MT,NL,26023731.0436503
2020,MT,NO,54880653.5953632
2020,MT,PL,40608960.8035015
2020,MT,PT,5556322.43702841
2020,MT,RO,41067997.7541943
2020,MT,RU,19024536.0965073
2020,MT,SE,61883518.7457638
2020,MT,SI,2717387.36211178
2020,MT,SK,4065394.32549651
2020,MT,TR,40720544.1025076
2020,MT,TW,7582124.07100104
2020,MT,US,76259072.4565176
2020,MT,WA,29203765.0402745
2020,MT,WE,28956898.6029184
2020,MT,WF,44563417.6914247
2020,MT,WL,16130646.2483574
2020,MT,WM,49098362.9791543
2020,MT,ZA,4721609.9619944
2020,MX,AT,155383004.153631
2020,MX,AU,693225908.724897
2020,MX,BE,445940468.068523
2020,MX,BG,22171247.0213327
2020,MX,BR,2275892605.44224
2020,MX,CA,7025506679.6372
2020,MX,CH,397022334.988081
2020,MX,CN,11041294948.0096
2020,MX,CY,17962708.323747
2020,MX,CZ,144294343.830828
2020,MX,DE,2919660103.55271
2020,MX,DK,155932612.370619
2020,MX,EE,14866628.4779905
2020,MX,ES,1801356630.06936
2020,MX,FI,89066699.2931936
2020,MX,FR,2317168645.74472
2020,MX,GB,2233424054.32862
2020,MX,GR,69073342.4973737
2020,MX,HR,19431074.2491508
2020,MX,HU,100033996.690794
2020,MX,ID,319376502.816664
2020,MX,IE,455333309.869272
2020,MX,IN,6648335342.52638
2020,MX,IT,688087261.950284
2020,MX,JP,4868743995.10413
2020,MX,KR,5763335750.2838
2020,MX,LT,15938485.8370409
2020,MX,LU,70522096.8739003
2020,MX,LV,15446168.5369723
2020,MX,MT,13261827.3869894
2020,MX,MX,369963034366.757
2020,MX,NL,1142390886.96946
2020,MX,NO,196547151.065437
2020,MX,PL,258532578.870771
2020,MX,PT,118033415.94931
2020,MX,RO,80226975.0588002
2020,MX,RU,508504723.014904
2020,MX,SE,187305136.940347
2020,MX,SI,23034026.9654795
2020,MX,SK,37515167.7349402
2020,MX,TR,684616206.356521
2020,MX,TW,213230247.246671
2020,MX,US,127791666053.873
2020,MX,WA,6374183757.47625
2020,MX,WE,382863513.981288
2020,MX,WF,1370551625.70865
2020,MX,WL,15295078316.8333
2020,MX,WM,3240778717.09515
2020,MX,ZA,161911840.490947
2020,NL,AT,793228467.946602
2020,NL,AU,702350325.443544
2020,NL,BE,7862304260.82349
2020,NL,BG,176969706.860346
2020,NL,BR,750876416.793444
2020,NL,CA,834533129.364167
2020,NL,CH,1901946851.78692
2020,NL,CN,5403469911.58013
2020,NL,CY,56755586.5852475
2020,NL,CZ,432525339.053746
2020,NL,DE,16090778047.3054
2020,NL,DK,795350615.403631
2020,NL,EE,92534386.4974149
2020,NL,ES,2113733354.17492
2020,NL,FI,715926762.008307
2020,NL,FR,6162087651.71841
2020,NL,GB,6089489079.78698
2020,NL,GR,636917135.825939
2020,NL,HR,137953849.620188
2020,NL,HU,386204479.246249
2020,NL,ID,314696435.470765
2020,NL,IE,1789131343.18275
2020,NL,IN,975599778.91839
2020,NL,IT,2806971580.95602
2020,NL,JP,1526988784.72553
2020,NL,KR,920126308.544854
2020,NL,LT,137800034.453453
2020,NL,LU,606202919.195737
2020,NL,LV,75046688.7952415
2020,NL,MT,33589359.7342523
2020,NL,MX,557719863.362177
2020,NL,NL,86448379381.1857
2020,NL,NO,835903627.182396
2020,NL,PL,1384391394.15689
2020,NL,PT,467759504.26498
2020,NL,RO,441826380.355202
2020,NL,RU,1161387500.73757
2020,NL,SE,1404087384.57764
2020,NL,SI,93981815.9334549
2020,NL,SK,191784735.984692
2020,NL,TR,938096504.629422
2020,NL,TW,247613291.176699
2020,NL,US,5702214575.05573
2020,NL,WA,3840504084.4832
2020,NL,WE,704226485.540774
2020,NL,WF,2301561771.72809
2020,NL,WL,1392612909.87001
2020,NL,WM,4171026643.64997
2020,NL,ZA,280372809.496459
2020,NO,AT,145917323.733334
2020,NO,AU,130806973.098461
2020,NO,BE,848589678.879053
2020,NO,BG,21370526.177528
2020,NO,BR,245027790.70653
2020,NO,CA,323201651.805392
2020,NO,CH,247497366.536191
2020,NO,CN,2664186314.40935
2020,NO,CY,23754902.0231976
2020,NO,CZ,103767582.234815
2020,NO,DE,2853830951.2113
2020,NO,DK,841807563.261954
2020,NO,EE,53023791.151836
2020,NO,ES,527685421.038795
2020,NO,FI,383769098.433781
2020,NO,FR,1699083275.72194
2020,NO,GB,2439942512.57526
2020,NO,GR,75594640.3012026
2020,NO,HR,19801456.3514674
2020,NO,HU,53886934.8718035
2020,NO,ID,81746664.3190229
2020,NO,IE,492375687.869093
2020,NO,IN,284686521.408596
2020,NO,IT,758036686.723119
2020,NO,JP,380804106.746637
2020,NO,KR,367563243.451389
2020,NO,LT,150809150.534262
2020,NO,LU,53055802.9371888
2020,NO,LV,38768358.1552301
2020,NO,MT,16483149.8600615
2020,NO,MX,153583173.680096
2020,NO,NL,914323501.59319
2020,NO,NO,38979764968.3866
2020,NO,PL,412629375.575864
2020,NO,PT,121174346.493992
2020,NO,RO,63279890.9571304
2020,NO,RU,294590865.401266
2020,NO,SE,1878506478.03419
2020,NO,SI,14808764.6097004
2020,NO,SK,35898944.9541591
2020,NO,TR,360491343.49955
2020,NO,TW,136464609.228469
2020,NO,US,2825100475.0485
2020,NO,WA,1158257368.11275
2020,NO,WE,329035673.196429
2020,NO,WF,683125611.397301
2020,NO,WL,352089134.72554
2020,NO,WM,688999252.83001
2020,NO,ZA,53149987.1032983
2020,PL,AT,2559434786.78481
2020,PL,AU,490537876.237793
2020,PL,BE,1944392866.95505
2020,PL,BG,676472149.09573
2020,PL,BR,487121444.125569
2020,PL,CA,974824856.945399
2020,PL,CH,2672907990.74367
2020,PL,CN,5821836815.85398
2020,PL,CY,111227375.126117
2020,PL,CZ,5472444669.88254
2020,PL,DE,28547920001.1043
2020,PL,DK,1661971949.09139
2020,PL,EE,533380341.786133
2020,PL,ES,2689345261.44845
2020,PL,FI,865361408.075698
2020,PL,FR,7186157711.86916
2020,PL,GB,7655492789.86466
2020,PL,GR,705351945.41221
2020,PL,HR,456790004.532701
2020,PL,HU,2152811946.24246
2020,PL,ID,227870645.866861
2020,PL,IE,1588388554.13332
2020,PL,IN,896153524.154922
2020,PL,IT,4234285286.14647
2020,PL,JP,962881607.14614
2020,PL,KR,885020918.610241
2020,PL,LT,1428792006.52436
2020,PL,LU,312772326.472333
2020,PL,LV,629376674.888032
2020,PL,MT,31390036.48454
2020,PL,MX,571377281.63247
2020,PL,NL,4227869229.62746
2020,PL,NO,1515196804.07872
2020,PL,PL,223151344920.43
2020,PL,PT,553768020.81521
2020,PL,RO,2564144216.94401
2020,PL,RU,3544178343.25556
2020,PL,SE,2794306116.15224
2020,PL,SI,319983604.282122
2020,PL,SK,3363115312.91558
2020,PL,TR,1604035689.70267
2020,PL,TW,262017123.164848
2020,PL,US,6446315750.98506
2020,PL,WA,4260537433.34732
2020,PL,WE,5393155165.08456
2020,PL,WF,2860280595.43773
2020,PL,WL,1452484082.15978
2020,PL,WM,7069481299.74905
2020,PL,ZA,508119559.823945
2020,PT,AT,88098972.9760171
2020,PT,AU,60606761.3968363
2020,PT,BE,302265609.574242
2020,PT,BG,19455334.5029042
2020,PT,BR,537397045.457412
2020,PT,CA,160553065.818594
2020,PT,CH,305513479.830698
2020,PT,CN,710928677.006069
2020,PT,CY,8071764.96231582
2020,PT,CZ,50202556.9063562
2020,PT,DE,1114356707.34097
2020,PT,DK,72049733.8437592
2020,PT,EE,7890738.87336725
2020,PT,ES,2931009901.6606
2020,PT,FI,62635975.8609034
2020,PT,FR,1768123898.57608
2020,PT,GB,1320655355.79473
2020,PT,GR,47482551.8958079
2020,PT,HR,12059410.8021702
2020,PT,HU,37381031.0149608
2020,PT,ID,16250405.8755163
2020,PT,IE,303839500.153946
2020,PT,IN,109634045.183997
2020,PT,IT,626824949.50665
2020,PT,JP,116369110.879406
2020,PT,KR,83170407.1058422
2020,PT,LT,11994059.7145809
2020,PT,LU,26864616.1807508
2020,PT,LV,7618113.99912789
2020,PT,MT,7146576.47758844
2020,PT,MX,89009394.4308059
2020,PT,NL,394338623.496521
2020,PT,NO,87349158.9411979
2020,PT,PL,148154864.535415
2020,PT,PT,37398351473.038
2020,PT,RO,61114857.1564283
2020,PT,RU,110323535.583494
2020,PT,SE,160103057.149978
2020,PT,SI,9445693.1153472
2020,PT,SK,26607309.7179392
2020,PT,TR,128192002.720839
2020,PT,TW,29386828.5708312
2020,PT,US,1426994586.57334
2020,PT,WA,338013690.996537
2020,PT,WE,209144643.36369
2020,PT,WF,1255198970.04149
2020,PT,WL,339767180.463363
2020,PT,WM,1280861563.93999
2020,PT,ZA,44765355.9230268
2020,RO,AT,538642431.81771
2020,RO,AU,87772297.1893107
2020,RO,BE,315281745.983369
2020,RO,BG,1351040688.43078
2020,RO,BR,140333747.22085
2020,RO,CA,292699181.423348
2020,RO,CH,410297467.194179
2020,RO,CN,1352907134.83348
2020,RO,CY,85857023.4039063
2020,RO,CZ,320161019.256051
2020,RO,DE,3109351976.72631
2020,RO,DK,141084239.223136
2020,RO,EE,20928312.5898617
2020,RO,ES,722029438.976074
2020,RO,FI,99728581.8835838
2020,RO,FR,1622129355.12616
2020,RO,GB,1029135991.7216
2020,RO,GR,488496983.652726
2020,RO,HR,261197613.882149
2020,RO,HU,1035865432.67526
2020,RO,ID,71935006.7111977
2020,RO,IE,211102122.721636
2020,RO,IN,280986647.768161
2020,RO,IT,1524488699.46297
2020,RO,JP,264257229.476155
2020,RO,KR,307312164.397827
2020,RO,LT,39625736.6336454
2020,RO,LU,56807291.713148
2020,RO,LV,20720595.5441024
2020,RO,MT,6745371.36361887
2020,RO,MX,166666574.365621
2020,RO,NL,636055301.068523
2020,RO,NO,212543973.737816
2020,RO,PL,649566493.672475
2020,RO,PT,172971448.042024
2020,RO,RO,65783102560.2629
2020,RO,RU,559440046.174385
2020,RO,SE,250927466.050718
2020,RO,SI,80383624.5446616
2020,RO,SK,275985407.192196
2020,RO,TR,1558943841.58906
2020,RO,TW,44185779.2326727
2020,RO,US,1414061865.69618
2020,RO,WA,1108388947.18972
2020,RO,WE,1858380405.85643
2020,RO,WF,1003352429.64178
2020,RO,WL,273832639.909197
2020,RO,WM,4205851441.96017
2020,RO,ZA,62768584.897832
2020,RU,AT,2777004661.11591
2020,RU,AU,3670482065.86225
2020,RU,BE,4602213583.91735
2020,RU,BG,3884550234.29396
2020,RU,BR,4678269142.42713
2020,RU,CA,3640327547.11224
2020,RU,CH,5131718668.04197
2020,RU,CN,143426628915.187
2020,RU,CY,707271747.60897
2020,RU,CZ,6931300449.40715
2020,RU,DE,22771293385.5819
2020,RU,DK,1837684312.49347
2020,RU,EE,2902127693.079
2020,RU,ES,4323214552.29115
2020,RU,FI,4951188304.92895
2020,RU,FR,10248777116.3837
2020,RU,GB,11905528639.3337
2020,RU,GR,4659220582.20734
2020,RU,HR,947196164.761787
2020,RU,HU,5983864870.4162
2020,RU,ID,4959583676.41129
2020,RU,IE,2738525130.52485
2020,RU,IN,16894703032.0463
2020,RU,IT,29176645656.3692
2020,RU,JP,18500913617.4819
2020,RU,KR,15827035878.1586
2020,RU,LT,2342278218.32834
2020,RU,LU,585984906.955903
2020,RU,LV,2656319067.11182
2020,RU,MT,1641078905.89499
2020,RU,MX,5612165987.67677
2020,RU,NL,10304100662.6356
2020,RU,NO,2108818629.01928
2020,RU,PL,10317558182.7574
2020,RU,PT,980438459.912918
2020,RU,RO,4747262610.68179
2020,RU,RU,1337486247543.25
2020,RU,SE,3159992059.67236
2020,RU,SI,687407308.856413
2020,RU,SK,8875609665.78107
2020,RU,TR,27695433572.4199
2020,RU,TW,3432020281.87525
2020,RU,US,37541503197.7108
2020,RU,WA,93494795920.3462
2020,RU,WE,64131298744.6655
2020,RU,WF,20825589264.7537
2020,RU,WL,9652873885.09286
2020,RU,WM,52987785442.6677
2020,RU,ZA,1141039567.4534
2020,SE,AT,190011137.289556
2020,SE,AU,113437955.732493
2020,SE,BE,295079498.548472
2020,SE,BG,28982708.0209529
2020,SE,BR,170727869.844059
2020,SE,CA,221232742.33321
2020,SE,CH,474773772.766836
2020,SE,CN,1994591868.65408
2020,SE,CY,8669848.19266791
2020,SE,CZ,100423451.707648
2020,SE,DE,1634938857.59609
2020,SE,DK,795179024.943976
2020,SE,EE,104739108.62272
2020,SE,ES,400231095.943022
2020,SE,FI,1029373814.76343
2020,SE,FR,918399613.725994
2020,SE,GB,975286582.57997
2020,SE,GR,58963372.9049359
2020,SE,HR,19307053.1310834
2020,SE,HU,98162029.1564004
2020,SE,ID,58939144.7153404
2020,SE,IE,255675774.715946
2020,SE,IN,332797964.740551
2020,SE,IT,379918012.218627
2020,SE,JP,310761176.874923
2020,SE,KR,194581703.454604
2020,SE,LT,82837875.3866219
2020,SE,LU,42560773.2314615
2020,SE,LV,50615293.3678866
2020,SE,MT,19865537.7565819
2020,SE,MX,128594331.554406
2020,SE,NL,554905875.994485
2020,SE,NO,1704176602.88782
2020,SE,PL,604000795.924739
2020,SE,PT,126794899.922628
2020,SE,RO,78557333.3957524
2020,SE,RU,261524805.508467
2020,SE,SE,27317826119.938
2020,SE,SI,17002621.8235541
2020,SE,SK,53518954.781694
2020,SE,TR,234431686.773851
2020,SE,TW,190544683.606274
2020,SE,US,1724749900.08798
2020,SE,WA,826497222.094158
2020,SE,WE,180503851.527526
2020,SE,WF,424156835.512913
2020,SE,WL,478006690.369954
2020,SE,WM,1223644475.86324
2020,SE,ZA,63576750.0514973
2020,SI,AT,441280326.425162
2020,SI,AU,16422274.6718061
2020,SI,BE,52467143.8587915
2020,SI,BG,38790002.9450835
2020,SI,BR,18692843.2030497
2020,SI,CA,30103094.7670693
2020,SI,CH,135500251.983913
2020,SI,CN,203316348.869028
2020,SI,CY,5249550.44676519
2020,SI,CZ,53739095.3500283
2020,SI,DE,660206809.9484
2020,SI,DK,27274277.8067007
2020,SI,EE,4702063.935794
2020,SI,ES,72576207.3274271
2020,SI,FI,16947685.7335639
2020,SI,FR,248910354.698384
2020,SI,GB,133986106.015519
2020,SI,GR,222485903.106547
2020,SI,HR,1291073046.95517
2020,SI,HU,89649389.8404241
2020,SI,ID,6282008.81857626
2020,SI,IE,29286369.7447043
2020,SI,IN,58852537.8350118
2020,SI,IT,726842325.366144
2020,SI,JP,34865295.432837
2020,SI,KR,27863935.840557
2020,SI,LT,7217425.75778485
2020,SI,LU,9256994.8939339
2020,SI,LV,4087841.90678746
2020,SI,MT,4485794.53641627
2020,SI,MX,20311143.1073879
2020,SI,NL,77263158.8462136
2020,SI,NO,22998818.5959996
2020,SI,PL,93771745.5545537
2020,SI,PT,17317759.7643643
2020,SI,RO,80723958.7580502
2020,SI,RU,105379355.87235
2020,SI,SE,47865970.9551123
2020,SI,SI,8916955386.00166
2020,SI,SK,44965206.9357539
2020,SI,TR,67007788.0951848
2020,SI,TW,10049337.2196053
2020,SI,US,219551741.017472
2020,SI,WA,141539194.828759
2020,SI,WE,433572286.83454
2020,SI,WF,73622338.9275664
2020,SI,WL,39433058.7803662
2020,SI,WM,202941383.413786
2020,SI,ZA,6932170.49673482
2020,SK,AT,1001991749.30264
2020,SK,AU,43428540.7328863
2020,SK,BE,179342155.333293
2020,SK,BG,92425806.2695227
2020,SK,BR,44193133.7725421
2020,SK,CA,78457326.1072452
2020,SK,CH,198440016.688002
2020,SK,CN,715075329.854981
2020,SK,CY,10588031.4197211
2020,SK,CZ,1228303897.23255
2020,SK,DE,2242809675.18944
2020,SK,DK,92405630.8601257
2020,SK,EE,19855903.5655183
2020,SK,ES,203863379.387898
2020,SK,FI,58513394.5935599
2020,SK,FR,694742380.991067
2020,SK,GB,470530069.503113
2020,SK,GR,61754427.2031701
2020,SK,HR,130966359.975869
2020,SK,HU,1295946223.42742
2020,SK,ID,17284356.3210771
2020,SK,IE,110723034.811359
2020,SK,IN,65681965.9016452
2020,SK,IT,477499450.580997
2020,SK,JP,96628827.4834127
2020,SK,KR,87394877.3101312
2020,SK,LT,38479311.731529
2020,SK,LU,26321185.234935
2020,SK,LV,18125459.6997603
2020,SK,MT,4896301.67034681
2020,SK,MX,61600468.7455142
2020,SK,NL,242932486.305936
2020,SK,NO,76581171.6681622
2020,SK,PL,1024851038.93086
2020,SK,PT,40466056.2981125
2020,SK,RO,325514494.585339
2020,SK,RU,474409015.825327
2020,SK,SE,149804165.191339
2020,SK,SI,59915709.3689561
2020,SK,SK,20368652394.2606
2020,SK,TR,241393799.641219
2020,SK,TW,27406929.2675884
2020,SK,US,649788991.452125
2020,SK,WA,308424421.460992
2020,SK,WE,715021820.666961
2020,SK,WF,140425998.891825
2020,SK,WL,96142764.522811
2020,SK,WM,434152822.06323
2020,SK,ZA,21842855.267775
2020,TR,AT,749126375.964082
2020,TR,AU,600637783.649686
2020,TR,BE,1260961429.64443
2020,TR,BG,1647537117.47008
2020,TR,BR,937457761.766733
2020,TR,CA,1190316385.87371
2020,TR,CH,978913529.43796
2020,TR,CN,8467424602.36738
2020,TR,CY,427132911.926847
2020,TR,CZ,402465267.658118
2020,TR,DE,8556884724.02687
2020,TR,DK,490921261.280773
2020,TR,EE,69075404.1247925
2020,TR,ES,2363892374.43416
2020,TR,FI,231529575.76295
2020,TR,FR,3680484737.34277
2020,TR,GB,5943920907.7893
2020,TR,GR,1213516357.16437
2020,TR,HR,161777411.009273
2020,TR,HU,350633957.640685
2020,TR,ID,404069654.600066
2020,TR,IE,1026084520.33311
2020,TR,IN,2238784107.15438
2020,TR,IT,4259479155.82695
2020,TR,JP,1320690871.86131
2020,TR,KR,1065168776.85371
2020,TR,LT,100015223.578789
2020,TR,LU,165669720.986307
2020,TR,LV,63908202.3313682
2020,TR,MT,87218503.6800751
2020,TR,MX,540358233.923485
2020,TR,NL,1774961230.81944
2020,TR,NO,355947766.377033
2020,TR,PL,1175579064.72331
2020,TR,PT,397850757.174854
2020,TR,RO,1794341225.33106
2020,TR,RU,4284452578.28572
2020,TR,SE,755274646.419776
2020,TR,SI,246267066.025459
2020,TR,SK,229679291.43221
2020,TR,TR,405397479446.482
2020,TR,TW,203038685.033193
2020,TR,US,13074699169.4664
2020,TR,WA,9103422482.0087
2020,TR,WE,4149750610.1125
2020,TR,WF,17477329246.3888
2020,TR,WL,5723800464.99849
2020,TR,WM,39559405032.8015
2020,TR,ZA,333024282.689185
2020,TW,AT,703993897.388165
2020,TW,AU,475584821.490839
2020,TW,BE,888487096.466407
2020,TW,BG,38098516.5410569
2020,TW,BR,302752958.614786
2020,TW,CA,501665506.197604
2020,TW,CH,489853663.661149
2020,TW,CN,3195924806.26964
2020,TW,CY,41363867.0681013
2020,TW,CZ,4917814507.94318
2020,TW,DE,11649456880.7587
2020,TW,DK,1472923721.20015
2020,TW,EE,153286846.000084
2020,TW,ES,331451136.886908
2020,TW,FI,1852326516.94521
2020,TW,FR,11272533339.6822
2020,TW,GB,2991059263.50255
2020,TW,GR,274893085.474588
2020,TW,HR,63943781.4051155
2020,TW,HU,249464814.857284
2020,TW,ID,215008555.828664
2020,TW,IE,491498834.7641
2020,TW,IN,651749772.962741
2020,TW,IT,2220338442.88934
2020,TW,JP,10862756595.7877
2020,TW,KR,547270268.104652
2020,TW,LT,52728092.0091489
2020,TW,LU,97704867.906937
2020,TW,LV,95294371.926132
2020,TW,MT,20592194.6104417
2020,TW,MX,446293073.363039
2020,TW,NL,440651661.568487
2020,TW,NO,261050811.790969
2020,TW,PL,854713091.352973
2020,TW,PT,109145148.218606
2020,TW,RO,134385682.755534
2020,TW,RU,3992153683.8844
2020,TW,SE,1627855205.88546
2020,TW,SI,36699154.1583032
2020,TW,SK,220200615.920625
2020,TW,TR,285887352.827009
2020,TW,TW,210415240664.423
2020,TW,US,13947035856.7835
2020,TW,WA,24505188925.963
2020,TW,WE,753911603.530379
2020,TW,WF,400757214.850117
2020,TW,WL,594588746.706837
2020,TW,WM,1408656182.12062
2020,TW,ZA,96794850.8720478
2020,US,AT,1596767641.99048
2020,US,AU,5515190213.88697
2020,US,BE,4911778315.81449
2020,US,BG,242801571.28072
2020,US,BR,22628533854.3088
2020,US,CA,66543033816.539
2020,US,CH,4825106514.42525
2020,US,CN,95412097271.0606
2020,US,CY,112728221.316765
2020,US,CZ,1068572821.25685
2020,US,DE,22794240240.9848
2020,US,DK,1895875659.86008
2020,US,EE,155328972.629523
2020,US,ES,6357780718.45693
2020,US,FI,1091626910.19476
2020,US,FR,13443663723.5568
2020,US,GB,17838533156.449
2020,US,GR,1106926618.10666
2020,US,HR,450545849.535119
2020,US,HU,907462548.647335
2020,US,ID,4940167831.90909
2020,US,IE,8669701463.46646
2020,US,IN,19267925585.1602
2020,US,IT,7138792501.02594
2020,US,JP,45999909241.2862
2020,US,KR,29516036443.9924
2020,US,LT,196213998.25435
2020,US,LU,592130112.551002
2020,US,LV,128516427.362613
2020,US,MT,144182279.429826
2020,US,MX,76830582076.444
2020,US,NL,8708733711.00932
2020,US,NO,2025400286.59789
2020,US,PL,2210377468.01463
2020,US,PT,1232532795.84477
2020,US,RO,738724404.24401
2020,US,RU,3343321792.81047
2020,US,SE,2751156577.85425
2020,US,SI,224797057.609197
2020,US,SK,354095977.025511
2020,US,TR,5887654685.42549
2020,US,TW,7410698778.01714
2020,US,US,4759757512929.72
2020,US,WA,55903244192.5392
2020,US,WE,4289344843.75234
2020,US,WF,14347454318.7776
2020,US,WL,76731120703.9322
2020,US,WM,28123026500.1733
2020,US,ZA,1498981323.695
2020,WA,AT,3208667665.83662
2020,WA,AU,43409574330.572
2020,WA,BE,6075781310.36429
2020,WA,BG,818667923.137921
2020,WA,BR,5982613538.05686
2020,WA,CA,12756415171.921
2020,WA,CH,10083499872.5648
2020,WA,CN,363848638675.481
2020,WA,CY,315733939.914629
2020,WA,CZ,2782667522.78179
2020,WA,DE,32671724596.0978
2020,WA,DK,3535942627.86716
2020,WA,EE,384679818.674089
2020,WA,ES,7942176396.42393
2020,WA,FI,1667782332.18163
2020,WA,FR,17225344995.8647
2020,WA,GB,23889167321.9848
2020,WA,GR,2899215309.21715
2020,WA,HR,969247318.977467
2020,WA,HU,1737679495.83425
2020,WA,ID,38344219943.139
2020,WA,IE,3369488847.51938
2020,WA,IN,49989014687.8961
2020,WA,IT,21243513781.3522
2020,WA,JP,77152739830.5066
2020,WA,KR,30392519931.7829
2020,WA,LT,463430648.730402
2020,WA,LU,667493885.464013
2020,WA,LV,516627378.393219
2020,WA,MT,195544427.234085
2020,WA,MX,7970591163.25616
2020,WA,NL,16384218987.0462
2020,WA,NO,2377913542.95292
2020,WA,PL,4792437473.04097
2020,WA,PT,1109666090.04115
2020,WA,RO,2602466744.98801
2020,WA,RU,20820226307.1229
2020,WA,SE,3641192656.18293
2020,WA,SI,438540005.225849
2020,WA,SK,760277655.58126
2020,WA,TR,19064766436.7558
2020,WA,TW,14107713684.8571
2020,WA,US,187064351899.741
2020,WA,WA,2143697384585.65
2020,WA,WE,7101191851.33033
2020,WA,WF,25421514018.8704
2020,WA,WL,19062389089.0626
2020,WA,WM,60569104715.2924
2020,WA,ZA,4747823050.19802
2020,WE,AT,2128759052.06994
2020,WE,AU,619668052.408768
2020,WE,BE,1312829448.68921
2020,WE,BG,2941930247.10977
2020,WE,BR,1577936499.00832
2020,WE,CA,981688193.366099
2020,WE,CH,3815978691.9291
2020,WE,CN,18871822388.9243
2020,WE,CY,166248843.423053
2020,WE,CZ,2669971869.93961
2020,WE,DE,13136209462.6335
2020,WE,DK,941526933.347581
2020,WE,EE,388039211.904721
2020,WE,ES,2373772495.19316
2020,WE,FI,405411554.351975
2020,WE,FR,4140636549.97663
2020,WE,GB,5755982096.76093
2020,WE,GR,3734150177.23879
2020,WE,HR,5846211071.19837
2020,WE,HU,5520410774.503
2020,WE,ID,1499915816.9885
2020,WE,IE,1008885466.2902
2020,WE,IN,3465138443.44764
2020,WE,IT,6879722969.97145
2020,WE,JP,1730893188.50307
2020,WE,KR,1477661963.53771
2020,WE,LT,1818096453.3514
2020,WE,LU,229153506.132748
2020,WE,LV,595314997.205292
2020,WE,MT,91429487.2467476
2020,WE,MX,666601675.121165
2020,WE,NL,3454671504.13738
2020,WE,NO,949065599.048333
2020,WE,PL,6106344234.61891
2020,WE,PT,436969811.867462
2020,WE,RO,5168291846.93933
2020,WE,RU,26229339190.5641
2020,WE,SE,1081822433.2792
2020,WE,SI,1865673977.22712
2020,WE,SK,1035267623.73453
2020,WE,TR,5289160439.14799
2020,WE,TW,873451777.307107
2020,WE,US,8595531029.56798
2020,WE,WA,14583630348.6707
2020,WE,WE,236912281671.707
2020,WE,WF,5342796547.95509
2020,WE,WL,2778273107.52251
2020,WE,WM,19622037201.108
2020,WE,ZA,239942345.541345
2020,WF,AT,1009106767.66679
2020,WF,AU,2081987842.63773
2020,WF,BE,2852349304.99129
2020,WF,BG,223168721.641909
2020,WF,BR,5634101239.53973
2020,WF,CA,2288011860.92642
2020,WF,CH,1862274698.98315
2020,WF,CN,55106928776.0433
2020,WF,CY,92803260.1246574
2020,WF,CZ,681429439.819921
2020,WF,DE,9474063042.64061
2020,WF,DK,624582494.625603
2020,WF,EE,102233454.739561
2020,WF,ES,12789460934.2852
2020,WF,FI,270801987.449856
2020,WF,FR,18202372871.2937
2020,WF,GB,6731154547.72926
2020,WF,GR,842999507.316051
2020,WF,HR,154896957.023264
2020,WF,HU,419220228.634885
2020,WF,ID,2424118980.09458
2020,WF,IE,1269342036.22716
2020,WF,IN,32186725697.6492
2020,WF,IT,11506048224.8038
2020,WF,JP,5591465734.91345
2020,WF,KR,6925505178.07514
2020,WF,LT,133629796.945215
2020,WF,LU,281599718.352543
2020,WF,LV,56473652.3972104
2020,WF,MT,113405448.625543
2020,WF,MX,1545780443.89999
2020,WF,NL,4895717821.09597
2020,WF,NO,1141446803.56217
2020,WF,PL,3671699003.39998
2020,WF,PT,2069921203.0759
2020,WF,RO,557785852.414606
2020,WF,RU,2118731640.98893
2020,WF,SE,928088185.990812
2020,WF,SI,158996218.607854
2020,WF,SK,1103325895.42937
2020,WF,TR,4682403174.0991
2020,WF,TW,446225575.106996
2020,WF,US,22177584340.3952
2020,WF,WA,25704841991.8526
2020,WF,WE,1809005903.87851
2020,WF,WF,1876470795479.1
2020,WF,WL,4711064748.83262
2020,WF,WM,25818714761.7421
2020,WF,ZA,9494756139.53833
2020,WL,AT,794478351.616774
2020,WL,AU,1078573949.34594
2020,WL,BE,1675239930.7881
2020,WL,BG,131172330.356936
2020,WL,BR,39597522474.561
2020,WL,CA,4596171129.93169
2020,WL,CH,1505263880.81133
2020,WL,CN,104666585560.486
2020,WL,CY,152200424.934588
2020,WL,CZ,401459052.492789
2020,WL,DE,9536331090.71753
2020,WL,DK,762770293.112531
2020,WL,EE,76084008.8706393
2020,WL,ES,4259970427.6636
2020,WL,FI,350255022.512156
2020,WL,FR,4158485451.10052
2020,WL,GB,4599379968.75536
2020,WL,GR,512055445.712305
2020,WL,HR,88816867.4972739
2020,WL,HU,183282804.568497
2020,WL,ID,1356867511.93929
2020,WL,IE,1424476581.81022
2020,WL,IN,8038585107.75065
2020,WL,IT,4102297536.08813
2020,WL,JP,6374620801.04516
2020,WL,KR,4601072094.25897
2020,WL,LT,92510489.1589848
2020,WL,LU,252858144.899012
2020,WL,LV,42141062.4718588
2020,WL,MT,87151739.1731105
2020,WL,MX,8022878851.97417
2020,WL,NL,6418113961.12115
2020,WL,NO,800044599.912382
2020,WL,PL,967458172.850014
2020,WL,PT,844377908.85833
2020,WL,RO,266084874.97269
2020,WL,RU,7986472109.84208
2020,WL,SE,813182423.360679
2020,WL,SI,118097716.11384
2020,WL,SK,163430403.039556
2020,WL,TR,7444450602.36146
2020,WL,TW,1417917753.77247
2020,WL,US,65370250892.4089
2020,WL,WA,16751152372.8622
2020,WL,WE,1093175948.00366
2020,WL,WF,8243909309.60783
2020,WL,WL,828653315263.45
2020,WL,WM,29837200610.0183
2020,WL,ZA,643710499.886518
2020,WM,AT,1726672481.03339
2020,WM,AU,11978382806.3618
2020,WM,BE,9294444029.6732
2020,WM,BG,719522779.955347
2020,WM,BR,8942380037.73582
2020,WM,CA,7312976732.62019
2020,WM,CH,36162647992.4055
2020,WM,CN,176724044286.085
2020,WM,CY,1340499657.07033
2020,WM,CZ,1222709689.35708
2020,WM,DE,19436707393.0299
2020,WM,DK,2326302801.91862
2020,WM,EE,175629854.791973
2020,WM,ES,10314240123.9289
2020,WM,FI,768983853.74667
2020,WM,FR,22056417395.0459
2020,WM,GB,24769578977.1661
2020,WM,GR,3731995001.27879
2020,WM,HR,306063331.361845
2020,WM,HU,769003356.829524
2020,WM,ID,14667910147.1698
2020,WM,IE,2714405006.49217
2020,WM,IN,99075994965.1678
2020,WM,IT,14473564902.5262
2020,WM,JP,48423986897.8169
2020,WM,KR,34276618016.0361
2020,WM,LT,265238905.613679
2020,WM,LU,1044624695.32713
2020,WM,LV,165730127.657497
2020,WM,MT,1022723833.10551
2020,WM,MX,4551833010.80473
2020,WM,NL,10438652407.0538
2020,WM,NO,1389443502.94366
2020,WM,PL,2948615498.57677
2020,WM,PT,1175040145.28801
2020,WM,RO,1656021842.64136
2020,WM,RU,9151978954.25777
2020,WM,SE,2631969775.39602
2020,WM,SI,636109098.226107
2020,WM,SK,424487917.829515
2020,WM,TR,15700746416.8806
2020,WM,TW,2566607360.19961
2020,WM,US,150762116429.283
2020,WM,WA,195234505365.036
2020,WM,WE,4392378398.04878
2020,WM,WF,80377214132.5139
2020,WM,WL,11567543735.0242
2020,WM,WM,1720370853651.78
2020,WM,ZA,8297151212.82035
2020,ZA,AT,444152459.558727
2020,ZA,AU,1039809036.4941
2020,ZA,BE,1076060894.19013
2020,ZA,BG,74710683.4343356
2020,ZA,BR,1292748784.37024
2020,ZA,CA,954337912.718031
2020,ZA,CH,688764754.755789
2020,ZA,CN,21722919305.9026
2020,ZA,CY,27050362.5067785
2020,ZA,CZ,209159120.134177
2020,ZA,DE,4529592171.49871
2020,ZA,DK,214512638.436454
2020,ZA,EE,34314144.4213417
2020,ZA,ES,1292109226.18198
2020,ZA,FI,144916133.021526
2020,ZA,FR,2188436170.61784
2020,ZA,GB,3962054010.97569
2020,ZA,GR,245662521.586837
2020,ZA,HR,35453810.6159031
2020,ZA,HU,120066379.644148
2020,ZA,ID,681985031.763145
2020,ZA,IE,636939405.850483
2020,ZA,IN,16065750351.6058
2020,ZA,IT,1176588612.28135
2020,ZA,JP,2219074351.40441
2020,ZA,KR,1310090782.18754
2020,ZA,LT,31189682.1615041
2020,ZA,LU,282067748.323384
2020,ZA,LV,21769305.3510951
2020,ZA,MT,14756549.178694
2020,ZA,MX,629257785.146696
2020,ZA,NL,1746297986.75962
2020,ZA,NO,237280350.780793
2020,ZA,PL,559485073.528451
2020,ZA,PT,387229221.570129
2020,ZA,RO,140859254.845761
2020,ZA,RU,925923783.573798
2020,ZA,SE,412309674.086016
2020,ZA,SI,60724736.2562943
2020,ZA,SK,76791863.6283638
2020,ZA,TR,1332895005.80082
2020,ZA,TW,191144765.296336
2020,ZA,US,10995166573.1537
2020,ZA,WA,15205063590.8193
2020,ZA,WE,439715559.280126
2020,ZA,WF,63707799274.8868
2020,ZA,WL,1412446039.18724
2020,ZA,WM,10216792211.8746
2020,ZA,ZA,303623398832.398
2021,AT,AT,48591095515.3806
2021,AT,AU,133663948.57747
2021,AT,BE,324198231.774717
2021,AT,BG,39495958.6332797
2021,AT,BR,160976904.782668
2021,AT,CA,217416409.627652
2021,AT,CH,1123684905.72798
2021,AT,CN,1595677973.5467
2021,AT,CY,1890073.08349393
2021,AT,CZ,394469984.506172
2021,AT,DE,6419728245.60117
2021,AT,DK,120215073.789722
2021,AT,EE,9550910.087362
2021,AT,ES,367247538.719659
2021,AT,FI,75400010.0471223
2021,AT,FR,953967452.336219
2021,AT,GB,654886662.374867
2021,AT,GR,92967470.7602321
2021,AT,HR,35574726.1634424
2021,AT,HU,1066979876.79991
2021,AT,ID,49972100.3651936
2021,AT,IE,165890417.682421
2021,AT,IN,284994292.977066
2021,AT,IT,1542698790.44736
2021,AT,JP,295410610.921406
2021,AT,KR,244534211.537572
2021,AT,LT,20842578.2408715
2021,AT,LU,50223892.8427413
2021,AT,LV,2754655.6857957
2021,AT,MT,2087505.97932059
2021,AT,MX,197159150.518237
2021,AT,NL,437272287.370914
2021,AT,NO,80497592.0929784
2021,AT,PL,484063251.973852
2021,AT,PT,58180988.6091709
2021,AT,RO,246113059.406082
2021,AT,RU,323071053.355596
2021,AT,SE,230430064.181761
2021,AT,SI,202543659.019381
2021,AT,SK,207997979.704683
2021,AT,TR,236795367.608397
2021,AT,TW,121503720.625837
2021,AT,US,1779799281.30474
2021,AT,WA,819070111.894001
2021,AT,WE,500114198.322738
2021,AT,WF,270147164.131842
2021,AT,WL,295484350.801808
2021,AT,WM,860415491.557869
2021,AT,ZA,49212265.2486917
2021,AU,AT,364675037.891162
2021,AU,AU,331110985433.825
2021,AU,BE,836823066.044097
2021,AU,BG,137778653.622165
2021,AU,BR,1462084199.66622
2021,AU,CA,1472390977.7782
2021,AU,CH,583189154.561764
2021,AU,CN,57681755592.5139
2021,AU,CY,43947093.3684846
2021,AU,CZ,362371632.307101
2021,AU,DE,2943599452.15464
2021,AU,DK,351610544.447226
2021,AU,EE,88980311.2751304
2021,AU,ES,819612843.399962
2021,AU,FI,252810941.866729
2021,AU,FR,1625893974.22587
2021,AU,GB,3103994897.44622
2021,AU,GR,248212216.256382
2021,AU,HR,114063138.928505
2021,AU,HU,250012600.633175
2021,AU,ID,13205044941.7647
2021,AU,IE,608422849.78665
2021,AU,IN,17963055273.0308
2021,AU,IT,1439702396.20193
2021,AU,JP,23375723142.345
2021,AU,KR,14914681651.8176
2021,AU,LT,109738048.876497
2021,AU,LU,133125277.457396
2021,AU,LV,67517176.651144
2021,AU,MT,49806828.9085179
2021,AU,MX,1081274741.17844
2021,AU,NL,1298344837.56741
2021,AU,NO,281173003.664544
2021,AU,PL,649536720.385788
2021,AU,PT,230195573.869817
2021,AU,RO,262442981.578856
2021,AU,RU,1134093593.99041
2021,AU,SE,493523021.178976
2021,AU,SI,117740605.232728
2021,AU,SK,195346851.195872
2021,AU,TR,1278677714.15078
2021,AU,TW,865394290.481611
2021,AU,US,17910166197.0371
2021,AU,WA,40001144856.7203
2021,AU,WE,646283843.514564
2021,AU,WF,2362498583.66054
2021,AU,WL,2367053110.23144
2021,AU,WM,12121880071.3033
2021,AU,ZA,528355329.918936
2021,BE,AT,504140889.9784
2021,BE,AU,350302572.401399
2021,BE,BE,51767720130.4218
2021,BE,BG,120360121.492107
2021,BE,BR,444594194.520194
2021,BE,CA,558473826.632583
2021,BE,CH,861510204.292617
2021,BE,CN,2843941362.33043
2021,BE,CY,23182170.7417644
2021,BE,CZ,390881368.900243
2021,BE,DE,7389842342.77976
2021,BE,DK,368172890.457515
2021,BE,EE,62263834.2674323
2021,BE,ES,1371320858.2373
2021,BE,FI,283999432.68076
2021,BE,FR,8932062016.15546
2021,BE,GB,4605094672.07403
2021,BE,GR,271066343.334269
2021,BE,HR,77691425.006125
2021,BE,HU,280963375.418064
2021,BE,ID,217271654.572152
2021,BE,IE,770556593.159172
2021,BE,IN,910835951.182664
2021,BE,IT,1730616845.37754
2021,BE,JP,835270615.487596
2021,BE,KR,457331781.885213
2021,BE,LT,93942686.8060817
2021,BE,LU,522734257.505061
2021,BE,LV,38585173.5654389
2021,BE,MT,27884426.71964
2021,BE,MX,386580107.501463
2021,BE,NL,4472734211.03719
2021,BE,NO,289833671.787154
2021,BE,PL,945321063.187722
2021,BE,PT,319078290.180304
2021,BE,RO,304942551.596392
2021,BE,RU,559578467.661807
2021,BE,SE,730720026.619195
2021,BE,SI,77586449.736885
2021,BE,SK,158166557.493038
2021,BE,TR,644160232.12569
2021,BE,TW,484040265.499006
2021,BE,US,3686810674.19332
2021,BE,WA,2103155835.23928
2021,BE,WE,606672874.658756
2021,BE,WF,1450425835.03001
2021,BE,WL,914165488.461494
2021,BE,WM,2405640663.71287
2021,BE,ZA,208533561.777173
2021,BG,AT,244425729.096067
2021,BG,AU,76905386.0406589
2021,BG,BE,498141304.475858
2021,BG,BG,22915738791.3249
2021,BG,BR,89973870.3418981
2021,BG,CA,125127710.741725
2021,BG,CH,167105814.377603
2021,BG,CN,1565643501.41078
2021,BG,CY,6667146.73901405
2021,BG,CZ,625064060.561491
2021,BG,DE,1907910627.08002
2021,BG,DK,728511517.434958
2021,BG,EE,11047093.5504162
2021,BG,ES,525577201.130711
2021,BG,FI,53994134.3105082
2021,BG,FR,817445438.117836
2021,BG,GB,595796885.917652
2021,BG,GR,838618095.36429
2021,BG,HR,54368738.9787935
2021,BG,HU,216689557.554787
2021,BG,ID,68799959.6909366
2021,BG,IE,120336798.776943
2021,BG,IN,205683436.751629
2021,BG,IT,2049380025.19339
2021,BG,JP,171526032.474347
2021,BG,KR,382045371.786197
2021,BG,LT,25244221.6574205
2021,BG,LU,74522600.704824
2021,BG,LV,6237445.84894155
2021,BG,MT,4123935.23312547
2021,BG,MX,109622190.913932
2021,BG,NL,418407847.983318
2021,BG,NO,72463007.6734036
2021,BG,PL,368108941.434549
2021,BG,PT,90363817.8050434
2021,BG,RO,2482529324.2722
2021,BG,RU,375203502.029909
2021,BG,SE,169982570.970365
2021,BG,SI,162065255.038066
2021,BG,SK,82841631.8431041
2021,BG,TR,880809023.208844
2021,BG,TW,89336356.9971191
2021,BG,US,920519894.706746
2021,BG,WA,1058647139.18529
2021,BG,WE,2630146725.82207
2021,BG,WF,695919463.202081
2021,BG,WL,217906899.414639
2021,BG,WM,1355818363.4864
2021,BG,ZA,36672909.4803382
2021,BR,AT,443986363.047415
2021,BR,AU,1374410083.6212
2021,BR,BE,2409858840.32658
2021,BR,BG,77643244.6708539
2021,BR,BR,698112010554.904
2021,BR,CA,2659485730.53863
2021,BR,CH,1081747058.65507
2021,BR,CN,147161948819.12
2021,BR,CY,15500058.3646563
2021,BR,CZ,294778075.927478
2021,BR,DE,5872452693.30605
2021,BR,DK,366995259.49396
2021,BR,EE,26286976.0383428
2021,BR,ES,2564084174.24911
2021,BR,FI,288784565.313572
2021,BR,FR,2456442441.45355
2021,BR,GB,3415089433.2041
2021,BR,GR,302363449.310595
2021,BR,HR,29165181.4689627
2021,BR,HU,193619734.476249
2021,BR,ID,1961600116.74704
2021,BR,IE,935278713.397786
2021,BR,IN,4477358714.00445
2021,BR,IT,3499713727.35431
2021,BR,JP,5992663129.66077
2021,BR,KR,4088399613.83384
2021,BR,LT,45409379.5941217
2021,BR,LU,287449820.793888
2021,BR,LV,15669280.8585448
2021,BR,MT,12302731.2192331
2021,BR,MX,4127455670.93205
2021,BR,NL,3824717334.72314
2021,BR,NO,490384390.420607
2021,BR,PL,823374111.029731
2021,BR,PT,728171338.710626
2021,BR,RO,247908631.503304
2021,BR,RU,2861684524.79046
2021,BR,SE,687585047.515042
2021,BR,SI,47168870.1138874
2021,BR,SK,147260178.251998
2021,BR,TR,1817595257.56879
2021,BR,TW,1001871411.74404
2021,BR,US,42706541701.4191
2021,BR,WA,41790221987.269
2021,BR,WE,1502367410.56813
2021,BR,WF,5020154025.94769
2021,BR,WL,42378254858.9323
2021,BR,WM,39318547199.1899
2021,BR,ZA,472195302.124866
2021,CA,AT,338848305.244326
2021,CA,AU,932375749.21388
2021,CA,BE,1324438893.84048
2021,CA,BG,115028502.72482
2021,CA,BR,4510929982.84153
2021,CA,CA,326264876751.917
2021,CA,CH,694487018.140717
2021,CA,CN,25816415407.5234
2021,CA,CY,15195115.9969139
2021,CA,CZ,300460334.685961
2021,CA,DE,3539545762.30524
2021,CA,DK,358754321.59044
2021,CA,EE,53589795.9984328
2021,CA,ES,1712159635.70451
2021,CA,FI,266366926.566367
2021,CA,FR,3141435615.36847
2021,CA,GB,3463568132.27671
2021,CA,GR,274220039.610676
2021,CA,HR,62553253.4984985
2021,CA,HU,232131442.095281
2021,CA,ID,1209493659.59596
2021,CA,IE,1284795574.69971
2021,CA,IN,3726053678.25373
2021,CA,IT,1510015497.05421
2021,CA,JP,10951773566.5581
2021,CA,KR,4396216581.64991
2021,CA,LT,69184750.5945917
2021,CA,LU,210889149.432617
2021,CA,LV,21016829.7903381
2021,CA,MT,15260756.3354803
2021,CA,MX,16988636642.9888
2021,CA,NL,1695169961.92208
2021,CA,NO,476921881.587043
2021,CA,PL,533302258.68629
2021,CA,PT,323410182.283015
2021,CA,RO,321173615.546606
2021,CA,RU,776183634.653152
2021,CA,SE,822987085.455801
2021,CA,SI,72304167.5593479
2021,CA,SK,157794373.720897
2021,CA,TR,1042431378.84325
2021,CA,TW,1269472447.59705
2021,CA,US,204324967730.788
2021,CA,WA,11446591875.6367
2021,CA,WE,893396880.623385
2021,CA,WF,3352539856.83563
2021,CA,WL,19632210204.1279
2021,CA,WM,6880135823.89565
2021,CA,ZA,274190454.959682
2021,CH,AT,694088154.8753
2021,CH,AU,415477136.732049
2021,CH,BE,785379911.201756
2021,CH,BG,66257228.8648651
2021,CH,BR,324773038.411661
2021,CH,CA,652986201.258942
2021,CH,CH,37267553343.0277
2021,CH,CN,2187291050.62279
2021,CH,CY,36304336.1253218
2021,CH,CZ,215312941.28925
2021,CH,DE,4150411289.76052
2021,CH,DK,406894655.677156
2021,CH,EE,43478908.8710007
2021,CH,ES,817694277.839228
2021,CH,FI,248695010.555308
2021,CH,FR,2979780842.75938
2021,CH,GB,1380494243.85389
2021,CH,GR,200913971.359873
2021,CH,HR,69303429.8827688
2021,CH,HU,157715627.65098
2021,CH,ID,141555850.109989
2021,CH,IE,574518191.408156
2021,CH,IN,504945489.111734
2021,CH,IT,2639054554.53293
2021,CH,JP,1080704820.28947
2021,CH,KR,399419669.69229
2021,CH,LT,43539598.0203602
2021,CH,LU,158555262.329696
2021,CH,LV,30127609.889556
2021,CH,MT,22797688.0159684
2021,CH,MX,309082184.710949
2021,CH,NL,1034657157.4242
2021,CH,NO,198969639.242876
2021,CH,PL,362726416.336193
2021,CH,PT,223027603.264481
2021,CH,RO,162812001.637415
2021,CH,RU,559660604.740227
2021,CH,SE,321411385.473074
2021,CH,SI,110024373.761728
2021,CH,SK,89690296.6602502
2021,CH,TR,243039413.660531
2021,CH,TW,455570029.65889
2021,CH,US,8372427800.95071
2021,CH,WA,1590959166.42883
2021,CH,WE,498958305.178738
2021,CH,WF,527620985.568073
2021,CH,WL,570798971.137049
2021,CH,WM,1924730496.30457
2021,CH,ZA,170866518.00337
2021,CN,AT,7893499129.64784
2021,CN,AU,52859113592.5469
2021,CN,BE,20930916715.7709
2021,CN,BG,1124087922.37097
2021,CN,BR,51184823694.2805
2021,CN,CA,52778470082.4217
2021,CN,CH,12568401201.2557
2021,CN,CN,10458459499149.9
2021,CN,CY,214922397.097221
2021,CN,CZ,6708681043.63383
2021,CN,DE,112602287874.103
2021,CN,DK,7588668651.10425
2021,CN,EE,336258217.236162
2021,CN,ES,29261621612.4343
2021,CN,FI,3810160977.17819
2021,CN,FR,46687372303.971
2021,CN,GB,74527456549.5696
2021,CN,GR,4841666131.57462
2021,CN,HR,538657375.932558
2021,CN,HU,4434306116.65716
2021,CN,ID,42560217090.1058
2021,CN,IE,13300644575.7741
2021,CN,IN,122132836270.692
2021,CN,IT,33892496775.7782
2021,CN,JP,143162759030.116
2021,CN,KR,123806858904.099
2021,CN,LT,645514923.775553
2021,CN,LU,3240861646.21098
2021,CN,LV,238759821.59353
2021,CN,MT,214418374.401137
2021,CN,MX,61794359245.8308
2021,CN,NL,38666744759.9649
2021,CN,NO,5683220762.01749
2021,CN,PL,21551131140.2208
2021,CN,PT,3729235781.45682
2021,CN,RO,4764624005.24856
2021,CN,RU,44738061841.069
2021,CN,SE,10137729119.2894
2021,CN,SI,675996366.347002
2021,CN,SK,2417238671.78079
2021,CN,TR,28084702043.8352
2021,CN,TW,10808275825.6531
2021,CN,US,497363044681.661
2021,CN,WA,883210115963.281
2021,CN,WE,21186398691.699
2021,CN,WF,106689436096.765
2021,CN,WL,159710723461.375
2021,CN,WM,248498299179.816
2021,CN,ZA,8395707007.74165
2021,CY,AT,47246000.5653174
2021,CY,AU,47980659.9685564
2021,CY,BE,54091236.422393
2021,CY,BG,33615033.7742242
2021,CY,BR,35951970.6136967
2021,CY,CA,40120072.5014764
2021,CY,CH,60167071.6245472
2021,CY,CN,215279822.31295
2021,CY,CY,8097488471.25741
2021,CY,CZ,31823439.686692
2021,CY,DE,494108950.308415
2021,CY,DK,29320973.5682507
2021,CY,EE,12840992.3787857
2021,CY,ES,57337412.7569974
2021,CY,FI,27971911.6062926
2021,CY,FR,123801549.534459
2021,CY,GB,440113814.017225
2021,CY,GR,160451996.796336
2021,CY,HR,13423021.2655876
2021,CY,HU,49586147.8716927
2021,CY,ID,26120883.9199358
2021,CY,IE,48834151.0694673
2021,CY,IN,77205695.9856003
2021,CY,IT,96179060.8166531
2021,CY,JP,58391750.2393455
2021,CY,KR,43122610.0372898
2021,CY,LT,11867420.0232531
2021,CY,LU,15985946.0023793
2021,CY,LV,9187411.17897838
2021,CY,MT,7357662.79401686
2021,CY,MX,38806632.5240109
2021,CY,NL,75377676.6685469
2021,CY,NO,30713962.0621689
2021,CY,PL,58194292.5369126
2021,CY,PT,24986145.3027532
2021,CY,RO,57141889.9398637
2021,CY,RU,447866335.295587
2021,CY,SE,64220200.4437629
2021,CY,SI,11279630.5066578
2021,CY,SK,19614480.3651567
2021,CY,TR,78833247.0799627
2021,CY,TW,81341492.0899311
2021,CY,US,221488067.844318
2021,CY,WA,253946176.685594
2021,CY,WE,65726358.0665306
2021,CY,WF,94740445.9692081
2021,CY,WL,89929211.8017066
2021,CY,WM,568253182.890515
2021,CY,ZA,22570421.0676159
2021,CZ,AT,2191291513.04074
2021,CZ,AU,229149198.66126
2021,CZ,BE,902069676.179446
2021,CZ,BG,84870544.2603279
2021,CZ,BR,224155751.132878
2021,CZ,CA,299076947.121926
2021,CZ,CH,913474582.118574
2021,CZ,CN,2714711287.82791
2021,CZ,CY,3262133.4804488
2021,CZ,CZ,55496216554.8195
2021,CZ,DE,15341661213.2945
2021,CZ,DK,370528540.816063
2021,CZ,EE,16545330.6098744
2021,CZ,ES,989199015.823465
2021,CZ,FI,172101312.055898
2021,CZ,FR,2386556507.76436
2021,CZ,GB,3051791745.97283
2021,CZ,GR,126436030.313117
2021,CZ,HR,20819375.8739421
2021,CZ,HU,762857550.567398
2021,CZ,ID,78549903.0226587
2021,CZ,IE,520826959.703417
2021,CZ,IN,454485397.068246
2021,CZ,IT,4465548026.94611
2021,CZ,JP,486673647.349179
2021,CZ,KR,341236414.647734
2021,CZ,LT,47336084.1345693
2021,CZ,LU,119965768.283517
2021,CZ,LV,6129780.29624667
2021,CZ,MT,4682306.04364896
2021,CZ,MX,288574457.256531
2021,CZ,NL,991352969.899329
2021,CZ,NO,211464738.969901
2021,CZ,PL,2318494685.4543
2021,CZ,PT,124221424.545157
2021,CZ,RO,497854399.69289
2021,CZ,RU,946459051.527743
2021,CZ,SE,637182818.689404
2021,CZ,SI,41885011.259467
2021,CZ,SK,4721290998.7813
2021,CZ,TR,522666671.63425
2021,CZ,TW,163270976.266364
2021,CZ,US,2626152257.19116
2021,CZ,WA,1269245289.45177
2021,CZ,WE,2231003162.46337
2021,CZ,WF,477905890.12315
2021,CZ,WL,477697185.097638
2021,CZ,WM,1618176158.65548
2021,CZ,ZA,96337818.7889608
2021,DE,AT,12438067570.9604
2021,DE,AU,2395112563.04334
2021,DE,BE,10891907645.4492
2021,DE,BG,451687572.658768
2021,DE,BR,2711884952.66325
2021,DE,CA,3204126403.22858
2021,DE,CH,14522372367.8321
2021,DE,CN,30742742051.9061
2021,DE,CY,40205685.145143
2021,DE,CZ,5780208859.15991
2021,DE,DE,483273188648.03
2021,DE,DK,4533369808.27305
2021,DE,EE,198095369.706841
2021,DE,ES,7159521335.79341
2021,DE,FI,1638836980.00113
2021,DE,FR,23814222851.5492
2021,DE,GB,13595669527.9098
2021,DE,GR,1235447897.30413
2021,DE,HR,285799929.588993
2021,DE,HU,2786972134.80766
2021,DE,ID,826179854.185109
2021,DE,IE,3750053885.22219
2021,DE,IN,5247281701.13972
2021,DE,IT,17439592579.7832
2021,DE,JP,4666592920.34105
2021,DE,KR,3575216800.93773
2021,DE,LT,400602762.904731
2021,DE,LU,1636769564.98364
2021,DE,LV,62671009.5538541
2021,DE,MT,50796153.8651097
2021,DE,MX,3352557724.64621
2021,DE,NL,14652897490.0813
2021,DE,NO,1882167887.20673
2021,DE,PL,12141559452.912
2021,DE,PT,1298100904.88978
2021,DE,RO,2216467934.45372
2021,DE,RU,4331694051.63941
2021,DE,SE,4370825730.57526
2021,DE,SI,440211526.534908
2021,DE,SK,1225501275.71329
2021,DE,TR,3656379575.46007
2021,DE,TW,2350982291.82194
2021,DE,US,27355991174.4906
2021,DE,WA,12762124896.0475
2021,DE,WE,3596886558.02516
2021,DE,WF,4901999791.93718
2021,DE,WL,5370880911.6459
2021,DE,WM,12371451743.993
2021,DE,ZA,1030637476.55575
2021,DK,AT,335522958.807178
2021,DK,AU,953357379.12856
2021,DK,BE,579591759.843685
2021,DK,BG,124011757.243675
2021,DK,BR,744088285.382496
2021,DK,CA,806826736.813666
2021,DK,CH,843804448.773664
2021,DK,CN,6082181071.84076
2021,DK,CY,73822124.375974
2021,DK,CZ,306292272.963427
2021,DK,DE,6826034294.78449
2021,DK,DK,25648163020.241
2021,DK,EE,108934228.592498
2021,DK,ES,1085732894.37172
2021,DK,FI,643611741.44928
2021,DK,FR,1532985772.17492
2021,DK,GB,2696491401.76116
2021,DK,GR,377819246.891718
2021,DK,HR,102064760.192997
2021,DK,HU,212946310.449214
2021,DK,ID,317454552.936265
2021,DK,IE,742808321.33998
2021,DK,IN,1591293471.49833
2021,DK,IT,1442052513.59943
2021,DK,JP,1481126843.44474
2021,DK,KR,606378926.797476
2021,DK,LT,99356337.1376095
2021,DK,LU,198517056.454556
2021,DK,LV,76349122.9629656
2021,DK,MT,43682847.0018252
2021,DK,MX,556520328.974658
2021,DK,NL,1384571074.74908
2021,DK,NO,1290886286.72479
2021,DK,PL,970853436.855635
2021,DK,PT,311540112.122229
2021,DK,RO,222996057.335901
2021,DK,RU,816203496.790474
2021,DK,SE,2367878776.02597
2021,DK,SI,88922987.6165184
2021,DK,SK,144003956.540599
2021,DK,TR,525585383.541466
2021,DK,TW,1662884793.35807
2021,DK,US,8550972868.83183
2021,DK,WA,2445116492.51509
2021,DK,WE,654624704.183518
2021,DK,WF,910379849.220007
2021,DK,WL,1207201529.13676
2021,DK,WM,2144603575.85712
2021,DK,ZA,300545890.462936
2021,EE,AT,42893958.1090649
2021,EE,AU,45080336.0243394
2021,EE,BE,81822807.922318
2021,EE,BG,18477025.0969463
2021,EE,BR,28435793.7140618
2021,EE,CA,49671786.6767261
2021,EE,CH,59742127.157038
2021,EE,CN,243100731.134834
2021,EE,CY,5733163.01950847
2021,EE,CZ,39014590.417177
2021,EE,DE,438424705.899961
2021,EE,DK,163138286.131886
2021,EE,EE,4361692364.16033
2021,EE,ES,69417366.7727737
2021,EE,FI,658801432.18873
2021,EE,FR,162505060.447298
2021,EE,GB,275010612.622748
2021,EE,GR,29636348.6579176
2021,EE,HR,10601973.9363028
2021,EE,HU,26298446.4061608
2021,EE,ID,20152105.2276285
2021,EE,IE,51630026.2683858
2021,EE,IN,64277634.0307283
2021,EE,IT,111880037.217087
2021,EE,JP,93643823.6149562
2021,EE,KR,60035255.2261396
2021,EE,LT,253274241.411081
2021,EE,LU,18427237.9899344
2021,EE,LV,1062367808.81812
2021,EE,MT,5595367.81439221
2021,EE,MX,27290643.0566973
2021,EE,NL,158670603.835457
2021,EE,NO,146796412.667205
2021,EE,PL,164286423.544491
2021,EE,PT,27819905.4699808
2021,EE,RO,32581246.5935172
2021,EE,RU,307542780.186823
2021,EE,SE,334634329.157348
2021,EE,SI,8558198.82893072
2021,EE,SK,19198904.8270073
2021,EE,TR,53016465.7208717
2021,EE,TW,45443583.4087016
2021,EE,US,244519215.062051
2021,EE,WA,227252139.682376
2021,EE,WE,146694736.90126
2021,EE,WF,211292683.348217
2021,EE,WL,62836783.0823447
2021,EE,WM,260457395.34361
2021,EE,ZA,14331053.856269
2021,ES,AT,539111042.795546
2021,ES,AU,539498764.715621
2021,ES,BE,1979670450.65673
2021,ES,BG,89660962.6975111
2021,ES,BR,1229348483.12724
2021,ES,CA,1041574372.60195
2021,ES,CH,1138285748.69089
2021,ES,CN,6671708293.11382
2021,ES,CY,10853997.1349492
2021,ES,CZ,409582718.483217
2021,ES,DE,7791412609.98918
2021,ES,DK,496262822.969645
2021,ES,EE,22512316.7354673
2021,ES,ES,198385058200.243
2021,ES,FI,327089886.305509
2021,ES,FR,12862233181.6789
2021,ES,GB,6632991333.1928
2021,ES,GR,451632545.324998
2021,ES,HR,23983036.3136166
2021,ES,HU,309687708.747264
2021,ES,ID,283049310.526755
2021,ES,IE,1702849049.73753
2021,ES,IN,1120144719.00815
2021,ES,IT,4394306655.63965
2021,ES,JP,1489964767.3282
2021,ES,KR,1043503620.15029
2021,ES,LT,52521103.683014
2021,ES,LU,209164111.186806
2021,ES,LV,13307308.8063524
2021,ES,MT,10648552.7145069
2021,ES,MX,1196941562.3301
2021,ES,NL,1835903680.44113
2021,ES,NO,458811741.159632
2021,ES,PL,1083528741.13758
2021,ES,PT,4109905448.99289
2021,ES,RO,403927813.03048
2021,ES,RU,892967516.39858
2021,ES,SE,917342103.516069
2021,ES,SI,41524622.2707548
2021,ES,SK,199789581.916747
2021,ES,TR,1073655363.4782
2021,ES,TW,1199637588.75921
2021,ES,US,6864841404.94367
2021,ES,WA,3224057987.46719
2021,ES,WE,1370002795.71276
2021,ES,WF,5994577832.99232
2021,ES,WL,3252863386.93467
2021,ES,WM,6140860470.6623
2021,ES,ZA,214745332.714349
2021,FI,AT,145848582.505023
2021,FI,AU,181660438.368984
2021,FI,BE,572046148.339733
2021,FI,BG,25223892.0650979
2021,FI,BR,160439544.540754
2021,FI,CA,204511844.141003
2021,FI,CH,175378206.685559
2021,FI,CN,2616218802.91939
2021,FI,CY,2878075.99954289
2021,FI,CZ,95527861.0000057
2021,FI,DE,1910116382.06461
2021,FI,DK,234814084.670427
2021,FI,EE,169242573.108076
2021,FI,ES,331815827.308816
2021,FI,FI,31151451175.7901
2021,FI,FR,738923083.33872
2021,FI,GB,910136462.722999
2021,FI,GR,64874292.8099203
2021,FI,HR,10403740.4105338
2021,FI,HU,72037214.7313589
2021,FI,ID,77248458.1967965
2021,FI,IE,282678780.490038
2021,FI,IN,346053739.021046
2021,FI,IT,491844079.421491
2021,FI,JP,505609726.710851
2021,FI,KR,243989986.360542
2021,FI,LT,61021163.782865
2021,FI,LU,89180534.4916428
2021,FI,LV,8081072.80519308
2021,FI,MT,2801779.12115732
2021,FI,MX,169584962.305179
2021,FI,NL,662587198.210192
2021,FI,NO,253830615.489327
2021,FI,PL,352579901.418398
2021,FI,PT,65974071.5749248
2021,FI,RO,76468284.3658681
2021,FI,RU,846167505.344246
2021,FI,SE,1723189495.51792
2021,FI,SI,15303063.026687
2021,FI,SK,47344815.4321093
2021,FI,TR,257913880.654186
2021,FI,TW,271021026.257657
2021,FI,US,1925697320.96661
2021,FI,WA,998699066.390026
2021,FI,WE,251960666.557742
2021,FI,WF,334057520.671656
2021,FI,WL,454402238.305142
2021,FI,WM,981682930.272368
2021,FI,ZA,85392815.9566789
2021,FR,AT,832223504.226231
2021,FR,AU,724762760.295411
2021,FR,BE,5904576744.0633
2021,FR,BG,142453434.195958
2021,FR,BR,1006296368.77394
2021,FR,CA,1314777811.91754
2021,FR,CH,2809421146.61906
2021,FR,CN,13117016805.456
2021,FR,CY,18316556.6081928
2021,FR,CZ,553947287.519754
2021,FR,DE,12463799640.4521
2021,FR,DK,577741926.397264
2021,FR,EE,59229416.3180788
2021,FR,ES,6752148417.99536
2021,FR,FI,404909434.377646
2021,FR,FR,300213265142.279
2021,FR,GB,7027536496.49003
2021,FR,GR,772625826.285084
2021,FR,HR,63454210.0256126
2021,FR,HU,431613826.524731
2021,FR,ID,404190968.681753
2021,FR,IE,2847731887.50906
2021,FR,IN,1760168743.50353
2021,FR,IT,10147864123.7317
2021,FR,JP,1940338069.95986
2021,FR,KR,1242592306.73241
2021,FR,LT,93142981.6570868
2021,FR,LU,888153822.835037
2021,FR,LV,22817229.744815
2021,FR,MT,18339133.3490432
2021,FR,MX,1011185437.16391
2021,FR,NL,3429726822.32563
2021,FR,NO,413641900.651526
2021,FR,PL,1526412805.54841
2021,FR,PT,857695251.626709
2021,FR,RO,628373512.660575
2021,FR,RU,1205971026.09809
2021,FR,SE,1055837893.43298
2021,FR,SI,93631418.4043676
2021,FR,SK,241670465.069722
2021,FR,TR,1493280335.19926
2021,FR,TW,1718288591.12404
2021,FR,US,8859836421.41897
2021,FR,WA,6039304909.99885
2021,FR,WE,1001920631.36558
2021,FR,WF,5392675422.47063
2021,FR,WL,2044205765.41914
2021,FR,WM,5409386018.70047
2021,FR,ZA,292389302.65114
2021,GB,AT,699993609.1298
2021,GB,AU,2609581750.13751
2021,GB,BE,2995083518.61691
2021,GB,BG,209053453.464091
2021,GB,BR,1051096283.25138
2021,GB,CA,1906758066.22377
2021,GB,CH,1606528623.18506
2021,GB,CN,10176978173.9243
2021,GB,CY,67953737.8818459
2021,GB,CZ,571346955.043306
2021,GB,DE,8018140146.90869
2021,GB,DK,953415076.351008
2021,GB,EE,145606861.722695
2021,GB,ES,3238969390.07816
2021,GB,FI,616733183.620154
2021,GB,FR,10223918527.3166
2021,GB,GB,311336390696.133
2021,GB,GR,494155047.715172
2021,GB,HR,155262289.798202
2021,GB,HU,473992462.114438
2021,GB,ID,589616064.082495
2021,GB,IE,13022390942.5323
2021,GB,IN,2761977990.96335
2021,GB,IT,2860333866.38043
2021,GB,JP,2861808975.92737
2021,GB,KR,1532139245.50703
2021,GB,LT,200093655.514957
2021,GB,LU,503424635.585803
2021,GB,LV,107225778.607475
2021,GB,MT,106401681.853311
2021,GB,MX,984439155.194525
2021,GB,NL,5104714423.24023
2021,GB,NO,998043909.470884
2021,GB,PL,1289130204.99337
2021,GB,PT,677395758.780592
2021,GB,RO,488613370.896884
2021,GB,RU,1248723925.62789
2021,GB,SE,1591724635.08557
2021,GB,SI,164880302.298189
2021,GB,SK,320438219.561743
2021,GB,TR,1671763671.80255
2021,GB,TW,1660600256.5717
2021,GB,US,14364983422.8341
2021,GB,WA,6792459525.68653
2021,GB,WE,1124949782.33076
2021,GB,WF,3057855289.17509
2021,GB,WL,2499781765.8364
2021,GB,WM,8664452330.17547
2021,GB,ZA,625304907.697212
2021,GR,AT,540090880.168621
2021,GR,AU,829766376.335194
2021,GR,BE,787256776.935208
2021,GR,BG,617196007.040861
2021,GR,BR,836145193.213377
2021,GR,CA,1069351549.42651
2021,GR,CH,2575498390.19636
2021,GR,CN,7364114237.45941
2021,GR,CY,165533413.561576
2021,GR,CZ,289409913.034406
2021,GR,DE,7189096931.49349
2021,GR,DK,336623722.460626
2021,GR,EE,60077958.3349911
2021,GR,ES,1256835951.60103
2021,GR,FI,235899535.241558
2021,GR,FR,2802772795.55595
2021,GR,GB,4137116577.74455
2021,GR,GR,41888444774.9788
2021,GR,HR,103105173.354122
2021,GR,HU,276241249.481083
2021,GR,ID,358047789.843335
2021,GR,IE,710206710.160443
2021,GR,IN,1855686982.06633
2021,GR,IT,3861792500.87822
2021,GR,JP,1641225106.13872
2021,GR,KR,1363078657.56913
2021,GR,LT,69335313.3974141
2021,GR,LU,154457483.768523
2021,GR,LV,38103949.2122906
2021,GR,MT,32555456.3842758
2021,GR,MX,642509024.618557
2021,GR,NL,965938272.998185
2021,GR,NO,217038019.759317
2021,GR,PL,651856312.966693
2021,GR,PT,251906795.307604
2021,GR,RO,744987224.233317
2021,GR,RU,739543088.681878
2021,GR,SE,503215845.969745
2021,GR,SI,350153174.258424
2021,GR,SK,199780200.800193
2021,GR,TR,908410904.196354
2021,GR,TW,2450638453.49504
2021,GR,US,22752625659.2502
2021,GR,WA,6575079487.92844
2021,GR,WE,5478417426.7303
2021,GR,WF,1626974519.43442
2021,GR,WL,1369845182.59726
2021,GR,WM,3866210677.13497
2021,GR,ZA,166805640.961771
2021,HR,AT,257239857.225734
2021,HR,AU,47009691.1884893
2021,HR,BE,80126084.1880449
2021,HR,BG,23763206.9026077
2021,HR,BR,33859769.408939
2021,HR,CA,45831723.7115853
2021,HR,CH,123097414.874456
2021,HR,CN,239010462.210425
2021,HR,CY,869284.794721422
2021,HR,CZ,58264556.37589
2021,HR,DE,778733613.854139
2021,HR,DK,27971420.6156816
2021,HR,EE,4235970.80116615
2021,HR,ES,96468675.0242857
2021,HR,FI,20702449.2829669
2021,HR,FR,211775515.930388
2021,HR,GB,162090227.916746
2021,HR,GR,36646153.9480441
2021,HR,HR,14330538046.8997
2021,HR,HU,669955322.182582
2021,HR,ID,14927077.5128968
2021,HR,IE,47292576.2359452
2021,HR,IN,59887502.014063
2021,HR,IT,1010228569.04498
2021,HR,JP,78126043.7686764
2021,HR,KR,35976816.6153865
2021,HR,LT,7479397.7507854
2021,HR,LU,12703086.3267415
2021,HR,LV,1714644.52995894
2021,HR,MT,3532675.51803294
2021,HR,MX,33299558.5218484
2021,HR,NL,94208703.4788718
2021,HR,NO,21978001.9406957
2021,HR,PL,110401766.075585
2021,HR,PT,19705889.7951412
2021,HR,RO,99906924.2807936
2021,HR,RU,142196739.743543
2021,HR,SE,70103231.1333606
2021,HR,SI,259522605.267892
2021,HR,SK,37661921.0328413
2021,HR,TR,119302916.612309
2021,HR,TW,70132231.3289045
2021,HR,US,321153717.963977
2021,HR,WA,224452622.914728
2021,HR,WE,1765381075.06063
2021,HR,WF,76671207.7152391
2021,HR,WL,59561475.5129686
2021,HR,WM,253752745.545478
2021,HR,ZA,11608033.0566251
2021,HU,AT,1837417938.99065
2021,HU,AU,137238215.830819
2021,HU,BE,414078656.781522
2021,HU,BG,118087512.344792
2021,HU,BR,163239712.957145
2021,HU,CA,191220739.889702
2021,HU,CH,370134114.267365
2021,HU,CN,1507442976.79195
2021,HU,CY,2504633.08847165
2021,HU,CZ,481424841.603401
2021,HU,DE,4779924102.84098
2021,HU,DK,166095564.351081
2021,HU,EE,17970417.670075
2021,HU,ES,585573171.072881
2021,HU,FI,91868793.1948152
2021,HU,FR,1212344225.67242
2021,HU,GB,1024996562.41265
2021,HU,GR,149844219.330724
2021,HU,HR,365903708.335457
2021,HU,HU,35108206923.4314
2021,HU,ID,56551943.1478538
2021,HU,IE,248063331.725986
2021,HU,IN,263961647.343819
2021,HU,IT,1898307238.87225
2021,HU,JP,384667773.246442
2021,HU,KR,253748487.209382
2021,HU,LT,37532838.0562378
2021,HU,LU,54696711.110163
2021,HU,LV,4756532.77460908
2021,HU,MT,3326961.53926134
2021,HU,MX,207942792.807218
2021,HU,NL,574468593.035527
2021,HU,NO,98209620.6521834
2021,HU,PL,926714466.333139
2021,HU,PT,88146147.6393838
2021,HU,RO,1716908554.38016
2021,HU,RU,556690529.652603
2021,HU,SE,308935622.511071
2021,HU,SI,92704457.8169789
2021,HU,SK,499493680.862628
2021,HU,TR,459214526.935382
2021,HU,TW,174813142.769488
2021,HU,US,1539371987.58803
2021,HU,WA,866508151.434198
2021,HU,WE,2945367671.58729
2021,HU,WF,279720377.549876
2021,HU,WL,304251380.830171
2021,HU,WM,1389465509.61126
2021,HU,ZA,50643273.15312
2021,ID,AT,355539928.10301
2021,ID,AU,3209901294.64982
2021,ID,BE,1034253914.11939
2021,ID,BG,51562987.9159997
2021,ID,BR,1668762276.38816
2021,ID,CA,1974081983.99177
2021,ID,CH,917952059.288333
2021,ID,CN,101082260300.94
2021,ID,CY,18067958.5499716
2021,ID,CZ,276552027.743489
2021,ID,DE,4393726947.90786
2021,ID,DK,285511538.556857
2021,ID,EE,26932388.7720226
2021,ID,ES,1255257913.48211
2021,ID,FI,183117037.212637
2021,ID,FR,1895459852.1638
2021,ID,GB,2777541328.96889
2021,ID,GR,198479699.829723
2021,ID,HR,41484313.9307225
2021,ID,HU,184034273.862489
2021,ID,ID,641622285355.562
2021,ID,IE,698672154.051723
2021,ID,IN,15432706134.3936
2021,ID,IT,1820839929.35703
2021,ID,JP,14059139412.6368
2021,ID,KR,8609662940.51118
2021,ID,LT,34897667.0817215
2021,ID,LU,131149161.811895
2021,ID,LV,19065666.9050433
2021,ID,MT,39401220.1321289
2021,ID,MX,1865944974.98494
2021,ID,NL,1528907914.77523
2021,ID,NO,265016038.546833
2021,ID,PL,850522447.116342
2021,ID,PT,165929670.174216
2021,ID,RO,239526728.761134
2021,ID,RU,1573558983.48829
2021,ID,SE,448027481.016171
2021,ID,SI,36867710.8503443
2021,ID,SK,117537017.269555
2021,ID,TR,1538719141.97258
2021,ID,TW,1087109765.72801
2021,ID,US,28865577486.1616
2021,ID,WA,68903064165.7318
2021,ID,WE,818798190.478297
2021,ID,WF,3461525922.53998
2021,ID,WL,4524151403.5492
2021,ID,WM,12821739203.0846
2021,ID,ZA,336471789.10434
2021,IE,AT,181238128.790562
2021,IE,AU,330718333.508774
2021,IE,BE,626693649.907078
2021,IE,BG,81959276.7170854
2021,IE,BR,188754331.088577
2021,IE,CA,444924157.903594
2021,IE,CH,581704015.75055
2021,IE,CN,2286705469.88155
2021,IE,CY,58993182.7045749
2021,IE,CZ,174715362.528573
2021,IE,DE,2360245431.34074
2021,IE,DK,192768414.535181
2021,IE,EE,72105861.5688269
2021,IE,ES,1549454093.73488
2021,IE,FI,152206741.800361
2021,IE,FR,1846548434.20476
2021,IE,GB,18172892453.9855
2021,IE,GR,209422229.908914
2021,IE,HR,81536619.2207314
2021,IE,HU,139565947.072121
2021,IE,ID,155254841.024496
2021,IE,IE,22029889592.37
2021,IE,IN,411511806.09637
2021,IE,IT,1623594326.31102
2021,IE,JP,631016434.679474
2021,IE,KR,271251377.627984
2021,IE,LT,85119650.0998944
2021,IE,LU,102590310.135235
2021,IE,LV,66479772.9149006
2021,IE,MT,71726285.1110261
2021,IE,MX,363251157.13491
2021,IE,NL,862763044.272493
2021,IE,NO,238795542.07995
2021,IE,PL,280152978.521462
2021,IE,PT,252628002.296096
2021,IE,RO,135963888.245789
2021,IE,RU,402429363.583149
2021,IE,SE,391351610.38938
2021,IE,SI,74386692.2423896
2021,IE,SK,102439881.154602
2021,IE,TR,325598300.785586
2021,IE,TW,288258401.801463
2021,IE,US,3438932739.7011
2021,IE,WA,1847296611.27509
2021,IE,WE,432915443.465872
2021,IE,WF,1032739277.77741
2021,IE,WL,700822092.212761
2021,IE,WM,1642215133.82582
2021,IE,ZA,151410902.78582
2021,IN,AT,1730794581.75507
2021,IN,AU,8460607656.76745
2021,IN,BE,6770666391.73844
2021,IN,BG,406552188.233517
2021,IN,BR,7388827645.9213
2021,IN,CA,6507268998.25123
2021,IN,CH,2931187700.36698
2021,IN,CN,58999251401.2256
2021,IN,CY,62101276.4909438
2021,IN,CZ,1236167713.73526
2021,IN,DE,16742797461.1669
2021,IN,DK,1427246549.68678
2021,IN,EE,169766869.381456
2021,IN,ES,6171413127.01253
2021,IN,FI,1028000985.90329
2021,IN,FR,10495298691.0921
2021,IN,GB,16097836098.6677
2021,IN,GR,1165731193.45165
2021,IN,HR,193407250.63219
2021,IN,HU,903067126.238097
2021,IN,ID,7736211753.69736
2021,IN,IE,2919155655.93947
2021,IN,IN,2779665966812.4
2021,IN,IT,9069220843.22428
2021,IN,JP,11907256159.5642
2021,IN,KR,10060838115.7346
2021,IN,LT,251121338.539057
2021,IN,LU,970550769.018455
2021,IN,LV,68447759.0707182
2021,IN,MT,57073810.9281846
2021,IN,MX,6564972507.03185
2021,IN,NL,7074533967.4154
2021,IN,NO,1084314724.1808
2021,IN,PL,3390685547.48221
2021,IN,PT,1322325887.05978
2021,IN,RO,1263864740.02957
2021,IN,RU,5652189906.74204
2021,IN,SE,2025797995.66417
2021,IN,SI,246771671.462585
2021,IN,SK,651870811.784738
2021,IN,TR,7554826219.21021
2021,IN,TW,4210761237.13605
2021,IN,US,94872402867.8436
2021,IN,WA,142565218374.673
2021,IN,WE,3370690624.15634
2021,IN,WF,37420395376.7809
2021,IN,WL,16466168587.8329
2021,IN,WM,101793059457.847
2021,IN,ZA,2968859421.79712
2021,IT,AT,1439645689.9696
2021,IT,AU,689783475.9727
2021,IT,BE,1994076107.14511
2021,IT,BG,144907394.072597
2021,IT,BR,856065899.042006
2021,IT,CA,1203384048.63174
2021,IT,CH,2340957424.2909
2021,IT,CN,6244981154.13498
2021,IT,CY,8076324.04919255
2021,IT,CZ,664513791.230497
2021,IT,DE,11155647037.7133
2021,IT,DK,486573832.011497
2021,IT,EE,24036061.281129
2021,IT,ES,3416449271.26568
2021,IT,FI,255021639.683641
2021,IT,FR,8671054340.39331
2021,IT,GB,4121503171.92474
2021,IT,GR,586465627.480173
2021,IT,HR,24548834.1336286
2021,IT,HU,527160679.335602
2021,IT,ID,227924624.920549
2021,IT,IE,904200137.573917
2021,IT,IN,1263331682.16417
2021,IT,IT,293714444580.992
2021,IT,JP,1614501813.96453
2021,IT,KR,1104860537.22272
2021,IT,LT,59099771.4378916
2021,IT,LU,236093566.490203
2021,IT,LV,10322513.3664496
2021,IT,MT,8796464.28696392
2021,IT,MX,774666450.713804
2021,IT,NL,1658632337.20477
2021,IT,NO,320941666.269167
2021,IT,PL,1602454770.95171
2021,IT,PT,392554384.466164
2021,IT,RO,829231563.829858
2021,IT,RU,1161556393.63683
2021,IT,SE,909717414.154809
2021,IT,SI,101955178.311771
2021,IT,SK,252795514.666144
2021,IT,TR,1624105648.36503
2021,IT,TW,438539116.072422
2021,IT,US,9738050378.39218
2021,IT,WA,4849586599.46944
2021,IT,WE,1920009121.59226
2021,IT,WF,2632222134.03034
2021,IT,WL,1846126139.65614
2021,IT,WM,5877959577.77135
2021,IT,ZA,267124936.12794
2021,JP,AT,645156599.744035
2021,JP,AU,5367110519.40948
2021,JP,BE,1962463971.26574
2021,JP,BG,143095439.059288
2021,JP,BR,2351961909.11994
2021,JP,CA,3929411568.60042
2021,JP,CH,1230346044.7422
2021,JP,CN,93839458188.4831
2021,JP,CY,61680876.0570172
2021,JP,CZ,599532790.96552
2021,JP,DE,8404312602.75339
2021,JP,DK,498365188.531126
2021,JP,EE,78174378.2853063
2021,JP,ES,1826476366.71427
2021,JP,FI,472561553.655177
2021,JP,FR,3582854680.11985
2021,JP,GB,5016952232.32053
2021,JP,GR,488706008.225067
2021,JP,HR,100267985.95426
2021,JP,HU,463224119.533842
2021,JP,ID,4878622364.5559
2021,JP,IE,1624845035.5285
2021,JP,IN,10220033239.8682
2021,JP,IT,2726059908.1153
2021,JP,JP,806703064279.184
2021,JP,KR,17811274503.3302
2021,JP,LT,84033944.2109134
2021,JP,LU,363140494.840871
2021,JP,LV,58269671.499415
2021,JP,MT,46103204.1672658
2021,JP,MX,4973999445.51179
2021,JP,NL,2290781641.83255
2021,JP,NO,549031903.634213
2021,JP,PL,1147958734.93487
2021,JP,PT,473386556.310387
2021,JP,RO,400164853.727519
2021,JP,RU,3030955950.88993
2021,JP,SE,762116825.400564
2021,JP,SI,95885492.8743807
2021,JP,SK,243220141.925189
2021,JP,TR,1838100555.79834
2021,JP,TW,9503660062.66192
2021,JP,US,47476867495.0724
2021,JP,WA,62384745092.9808
2021,JP,WE,1236955135.90951
2021,JP,WF,4429117479.17201
2021,JP,WL,9125560221.18592
2021,JP,WM,14542991878.3032
2021,JP,ZA,661630588.404699
2021,KR,AT,783652699.65252
2021,KR,AU,5574956752.2216
2021,KR,BE,1783896531.67752
2021,KR,BG,311244653.989141
2021,KR,BR,2367301020.80788
2021,KR,CA,3110637447.9039
2021,KR,CH,1096694332.52978
2021,KR,CN,67835836994.2029
2021,KR,CY,38402229.9742946
2021,KR,CZ,995488057.837214
2021,KR,DE,6280366267.26892
2021,KR,DK,629887682.792083
2021,KR,EE,161999364.806291
2021,KR,ES,2138596861.184
2021,KR,FI,752738804.887704
2021,KR,FR,3538258117.86891
2021,KR,GB,3818223710.16467
2021,KR,GR,986336632.669018
2021,KR,HR,144230451.152225
2021,KR,HU,815558034.580625
2021,KR,ID,3718611855.33639
2021,KR,IE,2211772440.86711
2021,KR,IN,10898658886.6865
2021,KR,IT,2879750876.568
2021,KR,JP,17353685422.7018
2021,KR,KR,407989237472.677
2021,KR,LT,175060857.175976
2021,KR,LU,576996629.912655
2021,KR,LV,46208147.7085504
2021,KR,MT,29556323.8586828
2021,KR,MX,4596748271.31281
2021,KR,NL,2037840454.29102
2021,KR,NO,675208875.344048
2021,KR,PL,1493897233.05742
2021,KR,PT,801208646.941088
2021,KR,RO,661680596.370004
2021,KR,RU,3080645872.99639
2021,KR,SE,958232503.582311
2021,KR,SI,208435098.753998
2021,KR,SK,500322928.011935
2021,KR,TR,2936996434.55196
2021,KR,TW,4185875343.5372
2021,KR,US,34032211072.8314
2021,KR,WA,48242960850.9339
2021,KR,WE,1541878245.81632
2021,KR,WF,5167039277.09418
2021,KR,WL,7155418150.46786
2021,KR,WM,10031197467.5746
2021,KR,ZA,722483515.866359
2021,LT,AT,245195469.745153
2021,LT,AU,85977752.9416643
2021,LT,BE,207214976.713756
2021,LT,BG,31877074.0381224
2021,LT,BR,73005795.6232527
2021,LT,CA,179694452.802815
2021,LT,CH,202917192.445713
2021,LT,CN,489531391.703671
2021,LT,CY,59501254.0364643
2021,LT,CZ,101829877.194564
2021,LT,DE,1367734849.19441
2021,LT,DK,238578971.244803
2021,LT,EE,347240987.403197
2021,LT,ES,293209134.130614
2021,LT,FI,118828506.84413
2021,LT,FR,453241184.586083
2021,LT,GB,651975824.751269
2021,LT,GR,67462659.9953129
2021,LT,HR,147836867.159527
2021,LT,HU,95214552.1846277
2021,LT,ID,50239552.6668651
2021,LT,IE,120413444.060838
2021,LT,IN,128374560.285467
2021,LT,IT,391322933.397487
2021,LT,JP,122998840.486924
2021,LT,KR,90952526.7635025
2021,LT,LT,10365867258.8872
2021,LT,LU,50016937.6967833
2021,LT,LV,668787134.265664
2021,LT,MT,16437453.8810167
2021,LT,MX,74363756.3671859
2021,LT,NL,438993406.660973
2021,LT,NO,131598095.727634
2021,LT,PL,1316398228.92315
2021,LT,PT,52014066.6284321
2021,LT,RO,158137730.682555
2021,LT,RU,855930656.262186
2021,LT,SE,397549676.549129
2021,LT,SI,30089829.2798219
2021,LT,SK,51708414.8001337
2021,LT,TR,89969488.938492
2021,LT,TW,114417324.946068
2021,LT,US,1123671588.21624
2021,LT,WA,661614790.057209
2021,LT,WE,935489245.181274
2021,LT,WF,795784185.883489
2021,LT,WL,176892771.419906
2021,LT,WM,540163159.691344
2021,LT,ZA,52455982.2023368
2021,LU,AT,37629786.5094628
2021,LU,AU,30911612.1444205
2021,LU,BE,150142878.754538
2021,LU,BG,12292125.262276
2021,LU,BR,29977357.2127136
2021,LU,CA,112881344.250237
2021,LU,CH,173302982.510193
2021,LU,CN,273264432.49614
2021,LU,CY,9697421.75001537
2021,LU,CZ,25255745.9257697
2021,LU,DE,601148547.588274
2021,LU,DK,37658040.04476
2021,LU,EE,9817261.80705104
2021,LU,ES,89975593.5871958
2021,LU,FI,25129859.9407599
2021,LU,FR,554904004.913509
2021,LU,GB,288976490.398838
2021,LU,GR,21261656.3846402
2021,LU,HR,12107485.6235631
2021,LU,HU,24107145.2791065
2021,LU,ID,23667943.9649576
2021,LU,IE,103213006.551904
2021,LU,IN,65956842.2508215
2021,LU,IT,131188279.39704
2021,LU,JP,71894807.1435578
2021,LU,KR,38292607.2399151
2021,LU,LT,11811413.2016692
2021,LU,LU,1777360149.82428
2021,LU,LV,8996692.06385692
2021,LU,MT,6060463.74480273
2021,LU,MX,44260117.1764801
2021,LU,NL,201314781.998508
2021,LU,NO,22887144.6103196
2021,LU,PL,54668868.9572199
2021,LU,PT,23406258.6736803
2021,LU,RO,24771546.4536368
2021,LU,RU,44319267.3068446
2021,LU,SE,59935855.4486878
2021,LU,SI,11716404.0574445
2021,LU,SK,15616115.0303405
2021,LU,TR,38725118.6267146
2021,LU,TW,124482191.322417
2021,LU,US,272839566.349677
2021,LU,WA,237031996.736099
2021,LU,WE,41887917.048097
2021,LU,WF,68234086.49747
2021,LU,WL,74620890.2502374
2021,LU,WM,180075393.240011
2021,LU,ZA,25833620.7832018
2021,LV,AT,37486001.9432633
2021,LV,AU,21529618.1211288
2021,LV,BE,70779593.1304549
2021,LV,BG,9270715.89712204
2021,LV,BR,23655395.2242286
2021,LV,CA,33186035.9430292
2021,LV,CH,104341656.631592
2021,LV,CN,203173127.085077
2021,LV,CY,1380708.64854146
2021,LV,CZ,32742907.8517856
2021,LV,DE,525530900.333428
2021,LV,DK,146682486.800792
2021,LV,EE,123121472.488008
2021,LV,ES,112224225.239389
2021,LV,FI,130452513.839466
2021,LV,FR,172359137.518073
2021,LV,GB,437559173.085389
2021,LV,GR,16146475.5146579
2021,LV,HR,6383273.43372624
2021,LV,HU,43209386.5778157
2021,LV,ID,12010544.424
2021,LV,IE,77166208.7526078
2021,LV,IN,43640407.6490513
2021,LV,IT,93096111.6402209
2021,LV,JP,54536333.5166184
2021,LV,KR,50523409.0058405
2021,LV,LT,510023528.510858
2021,LV,LU,12432607.2353762
2021,LV,LV,7497480233.43273
2021,LV,MT,1235647.09363617
2021,LV,MX,21291158.4107519
2021,LV,NL,190554080.151835
2021,LV,NO,77464009.9396687
2021,LV,PL,153402903.510375
2021,LV,PT,17220324.2143531
2021,LV,RO,29428887.4684407
2021,LV,RU,298939977.562979
2021,LV,SE,374398108.330342
2021,LV,SI,7442736.09256284
2021,LV,SK,15384664.5391432
2021,LV,TR,44442605.7555072
2021,LV,TW,52691363.092112
2021,LV,US,232420172.168245
2021,LV,WA,244429108.469861
2021,LV,WE,161262670.347491
2021,LV,WF,410541724.642696
2021,LV,WL,47597466.0457907
2021,LV,WM,258294938.083957
2021,LV,ZA,24366352.5753892
2021,MT,AT,17196382.5076922
2021,MT,AU,19492608.1533425
2021,MT,BE,18068679.6269552
2021,MT,BG,29919346.1920118
2021,MT,BR,17199765.5483502
2021,MT,CA,20131161.5042127
2021,MT,CH,21493598.6891449
2021,MT,CN,82316811.8257594
2021,MT,CY,14505621.0236536
2021,MT,CZ,18579930.7363862
2021,MT,DE,86921898.9112338
2021,MT,DK,11759716.5889727
2021,MT,EE,10649135.9428643
2021,MT,ES,36124277.6800869
2021,MT,FI,17144619.8892515
2021,MT,FR,118570604.618327
2021,MT,GB,83052973.9012952
2021,MT,GR,21766498.3088466
2021,MT,HR,14045820.4438136
2021,MT,HU,11735636.4755367
2021,MT,ID,13106742.176727
2021,MT,IE,25944401.9159696
2021,MT,IN,26910732.3188981
2021,MT,IT,703149629.067021
2021,MT,JP,47457172.4869714
2021,MT,KR,16469353.2551708
2021,MT,LT,9120977.05416974
2021,MT,LU,11772994.6630008
2021,MT,LV,9546083.6839835
2021,MT,MT,662955367.937706
2021,MT,MX,18876859.3614553
2021,MT,NL,21353461.0540744
2021,MT,NO,14910875.6702354
2021,MT,PL,20618904.1540317
2021,MT,PT,17451166.8150377
2021,MT,RO,20899706.4254288
2021,MT,RU,21299153.5395794
2021,MT,SE,18294153.5736031
2021,MT,SI,10485492.1929544
2021,MT,SK,11962650.8770925
2021,MT,TR,19851230.382067
2021,MT,TW,33941486.0060528
2021,MT,US,78243539.653447
2021,MT,WA,45204294.6136915
2021,MT,WE,23892776.0789064
2021,MT,WF,28055563.6070062
2021,MT,WL,25921759.169556
2021,MT,WM,38521713.638926
2021,MT,ZA,13450601.4511106
2021,MX,AT,257969197.65308
2021,MX,AU,719935541.697091
2021,MX,BE,870081823.908101
2021,MX,BG,56298854.7464075
2021,MX,BR,3860876210.85625
2021,MX,CA,4593564250.83389
2021,MX,CH,343285231.514091
2021,MX,CN,18844344286.7881
2021,MX,CY,11789563.7034222
2021,MX,CZ,177202231.173159
2021,MX,DE,2378692686.98002
2021,MX,DK,189588487.630751
2021,MX,EE,33587554.4729306
2021,MX,ES,1124913081.46674
2021,MX,FI,132055048.548626
2021,MX,FR,1609594660.32496
2021,MX,GB,1461367240.17418
2021,MX,GR,143729490.173687
2021,MX,HR,38566808.383319
2021,MX,HU,135907637.347515
2021,MX,ID,395224265.463819
2021,MX,IE,588634673.355377
2021,MX,IN,6090504588.66672
2021,MX,IT,910285228.386373
2021,MX,JP,3742330656.49573
2021,MX,KR,4531691575.18347
2021,MX,LT,44162822.2025545
2021,MX,LU,150017559.707214
2021,MX,LV,19871933.5473672
2021,MX,MT,19345742.373869
2021,MX,MX,291695368935.966
2021,MX,NL,1691415751.19332
2021,MX,NO,194157229.62447
2021,MX,PL,365106448.917157
2021,MX,PT,205727760.095044
2021,MX,RO,141749272.783562
2021,MX,RU,597699710.599935
2021,MX,SE,249823498.266864
2021,MX,SI,43833577.3793723
2021,MX,SK,92883906.8681019
2021,MX,TR,596457450.42196
2021,MX,TW,483769781.536416
2021,MX,US,154396572735.682
2021,MX,WA,7681858235.9391
2021,MX,WE,353202521.704738
2021,MX,WF,1048935687.29514
2021,MX,WL,18873598950.8311
2021,MX,WM,2780931253.24546
2021,MX,ZA,172056509.732163
2021,NL,AT,1014081992.15831
2021,NL,AU,931396950.614285
2021,NL,BE,13512629543.9549
2021,NL,BG,170761607.700564
2021,NL,BR,701628799.304505
2021,NL,CA,912895404.647867
2021,NL,CH,1699250518.17594
2021,NL,CN,5915522700.40879
2021,NL,CY,47741476.671839
2021,NL,CZ,639603096.91418
2021,NL,DE,22055734233.346
2021,NL,DK,1699350833.39908
2021,NL,EE,103726337.178602
2021,NL,ES,2326373954.5031
2021,NL,FI,703752970.461799
2021,NL,FR,6883981204.58245
2021,NL,GB,12114516700.3739
2021,NL,GR,643629114.473537
2021,NL,HR,141413249.525969
2021,NL,HU,511262209.978429
2021,NL,ID,387043382.351257
2021,NL,IE,1821343848.21067
2021,NL,IN,1286163080.53765
2021,NL,IT,3005708120.41605
2021,NL,JP,1575525390.58005
2021,NL,KR,1071513906.12347
2021,NL,LT,175001053.488784
2021,NL,LU,2027839818.45687
2021,NL,LV,61675503.8439294
2021,NL,MT,40975057.0732166
2021,NL,MX,705585406.868212
2021,NL,NL,64936279389.3051
2021,NL,NO,833137264.394163
2021,NL,PL,1712017828.9208
2021,NL,PT,497484918.615272
2021,NL,RO,477565485.056765
2021,NL,RU,984850331.010274
2021,NL,SE,1489628224.18103
2021,NL,SI,127958605.945552
2021,NL,SK,265019701.668639
2021,NL,TR,788906058.994753
2021,NL,TW,642812228.260783
2021,NL,US,6314654985.86126
2021,NL,WA,4139879491.01537
2021,NL,WE,822755565.912626
2021,NL,WF,2087791895.89633
2021,NL,WL,2037725931.84056
2021,NL,WM,4874659094.68014
2021,NL,ZA,316972035.090389
2021,NO,AT,139336121.012235
2021,NO,AU,165081599.043073
2021,NO,BE,917602983.240432
2021,NO,BG,20447362.5026413
2021,NO,BR,194621307.126935
2021,NO,CA,285159912.427668
2021,NO,CH,197106389.429354
2021,NO,CN,3565497338.78335
2021,NO,CY,5045955.62934148
2021,NO,CZ,110880523.887038
2021,NO,DE,4291318899.33389
2021,NO,DK,747691241.679258
2021,NO,EE,24201589.4362767
2021,NO,ES,540202907.832718
2021,NO,FI,388456877.10333
2021,NO,FR,1789108264.55355
2021,NO,GB,4176498995.33345
2021,NO,GR,87929650.2276293
2021,NO,HR,16380021.2563814
2021,NO,HU,56465261.2789022
2021,NO,ID,95101166.5040321
2021,NO,IE,372082923.388268
2021,NO,IN,577330634.849937
2021,NO,IT,769081743.648891
2021,NO,JP,422896979.409308
2021,NO,KR,471873575.531799
2021,NO,LT,60807812.6924799
2021,NO,LU,86870405.965583
2021,NO,LV,10097080.06919
2021,NO,MT,5298523.98506319
2021,NO,MX,153439022.548239
2021,NO,NL,1297265386.36915
2021,NO,NO,34613332303.3658
2021,NO,PL,498781570.400326
2021,NO,PT,98857709.3422239
2021,NO,RO,61197307.2671461
2021,NO,RU,256713174.859613
2021,NO,SE,1622011813.22427
2021,NO,SI,15267447.0975055
2021,NO,SK,38556031.9560503
2021,NO,TR,321303463.545107
2021,NO,TW,160302829.887444
2021,NO,US,3671034287.01866
2021,NO,WA,1198283736.91408
2021,NO,WE,371023493.333242
2021,NO,WF,643927564.381177
2021,NO,WL,418858654.944609
2021,NO,WM,742657894.776257
2021,NO,ZA,52034088.7796123
2021,PL,AT,2880145270.35824
2021,PL,AU,740583544.397152
2021,PL,BE,3037407930.19858
2021,PL,BG,367537115.150844
2021,PL,BR,699635004.316158
2021,PL,CA,1083135636.99278
2021,PL,CH,2021667562.73154
2021,PL,CN,6952150876.29566
2021,PL,CY,15088045.8994326
2021,PL,CZ,5093013559.71349
2021,PL,DE,36745448481.3735
2021,PL,DK,1796410204.92147
2021,PL,EE,297840248.623623
2021,PL,ES,3544744056.64886
2021,PL,FI,897765135.68723
2021,PL,FR,8866873137.90415
2021,PL,GB,8646661436.21962
2021,PL,GR,609782847.86023
2021,PL,HR,198766416.384617
2021,PL,HU,2322308489.42306
2021,PL,ID,279832202.895071
2021,PL,IE,1799655595.2205
2021,PL,IN,1870688553.31627
2021,PL,IT,5769528284.77758
2021,PL,JP,1270863162.56834
2021,PL,KR,976617798.315308
2021,PL,LT,2049557342.15701
2021,PL,LU,515633338.152407
2021,PL,LV,157747106.815332
2021,PL,MT,19686235.3872872
2021,PL,MX,783799232.924819
2021,PL,NL,5114189773.31726
2021,PL,NO,1200953758.49339
2021,PL,PL,227707594557.309
2021,PL,PT,573341089.52431
2021,PL,RO,2364249161.74873
2021,PL,RU,4013373131.15105
2021,PL,SE,3464110558.20032
2021,PL,SI,213985218.328292
2021,PL,SK,4927561804.75293
2021,PL,TR,1814928670.92245
2021,PL,TW,472128046.262407
2021,PL,US,7425870792.90538
2021,PL,WA,5428514785.52358
2021,PL,WE,6220720517.00591
2021,PL,WF,3311489430.72896
2021,PL,WL,1723444251.76121
2021,PL,WM,6758224884.67606
2021,PL,ZA,383994014.870488
2021,PT,AT,99658728.8265525
2021,PT,AU,110239551.282504
2021,PT,BE,330962687.655881
2021,PT,BG,18591609.2154952
2021,PT,BR,363826998.855154
2021,PT,CA,177822486.538577
2021,PT,CH,266548628.873099
2021,PT,CN,860238449.393347
2021,PT,CY,2098163.24781863
2021,PT,CZ,68720239.3120468
2021,PT,DE,1223231055.24063
2021,PT,DK,93341036.9171004
2021,PT,EE,6579542.16761611
2021,PT,ES,3534371121.16662
2021,PT,FI,63416097.475381
2021,PT,FR,1788757030.36502
2021,PT,GB,1131441770.90602
2021,PT,GR,61740144.2381785
2021,PT,HR,4856070.9850836
2021,PT,HU,55462957.3699193
2021,PT,ID,49801425.8768168
2021,PT,IE,286696230.392148
2021,PT,IN,223662873.474583
2021,PT,IT,559500507.700367
2021,PT,JP,185226235.286273
2021,PT,KR,139286306.185402
2021,PT,LT,12005693.7495792
2021,PT,LU,45846744.8234807
2021,PT,LV,2598664.9764405
2021,PT,MT,2093494.87353108
2021,PT,MX,155280958.763658
2021,PT,NL,468054622.345835
2021,PT,NO,71594310.4871026
2021,PT,PL,174962241.905219
2021,PT,PT,34005129782.9723
2021,PT,RO,71580992.3028268
2021,PT,RU,130624930.9146
2021,PT,SE,172810323.695515
2021,PT,SI,9699137.07401139
2021,PT,SK,36322249.4817738
2021,PT,TR,170788742.124507
2021,PT,TW,225031751.231048
2021,PT,US,1457645125.92955
2021,PT,WA,471655481.671083
2021,PT,WE,241209926.463673
2021,PT,WF,999838396.972287
2021,PT,WL,340434844.014681
2021,PT,WM,1874558315.37772
2021,PT,ZA,53833139.2394678
2021,RO,AT,475984983.639831
2021,RO,AU,109870951.296742
2021,RO,BE,440163566.453923
2021,RO,BG,537885147.998584
2021,RO,BR,183120444.330954
2021,RO,CA,262643052.444879
2021,RO,CH,385218644.420837
2021,RO,CN,1449773804.57725
2021,RO,CY,3863436.088819
2021,RO,CZ,283600863.846174
2021,RO,DE,3369975962.10626
2021,RO,DK,145846020.384489
2021,RO,EE,15833063.5533961
2021,RO,ES,805788409.363639
2021,RO,FI,91548001.0420815
2021,RO,FR,1720640724.4809
2021,RO,GB,969477956.425046
2021,RO,GR,280192034.842277
2021,RO,HR,121622919.968091
2021,RO,HU,1681701747.01688
2021,RO,ID,61201190.6642683
2021,RO,IE,158783672.591408
2021,RO,IN,358871606.737088
2021,RO,IT,1759434343.34166
2021,RO,JP,337536333.272316
2021,RO,KR,346304377.513811
2021,RO,LT,31358020.3149977
2021,RO,LU,81815939.0397919
2021,RO,LV,7676245.69694587
2021,RO,MT,4977961.47674055
2021,RO,MX,149277585.094103
2021,RO,NL,733674202.868737
2021,RO,NO,192864902.898734
2021,RO,PL,661920565.311011
2021,RO,PT,167529790.014688
2021,RO,RO,70111011878.4066
2021,RO,RU,474866480.762898
2021,RO,SE,274987877.02773
2021,RO,SI,38868486.1418177
2021,RO,SK,192627577.199124
2021,RO,TR,1127906721.24472
2021,RO,TW,112230449.784408
2021,RO,US,1607468853.64459
2021,RO,WA,1048531087.46992
2021,RO,WE,2299190702.05469
2021,RO,WF,760331595.238109
2021,RO,WL,294893287.908287
2021,RO,WM,5184465694.48407
2021,RO,ZA,59752239.7452515
2021,RU,AT,2547193700.47827
2021,RU,AU,5085519352.25374
2021,RU,BE,8874106306.06772
2021,RU,BG,1887964202.16324
2021,RU,BR,13056133634.5386
2021,RU,CA,4766334329.40727
2021,RU,CH,4315052026.92644
2021,RU,CN,188558026234.007
2021,RU,CY,81532334.8618735
2021,RU,CZ,14391036169.8581
2021,RU,DE,24297389203.5091
2021,RU,DK,2574002817.13131
2021,RU,EE,361402051.612953
2021,RU,ES,6593081819.95489
2021,RU,FI,8371809295.99515
2021,RU,FR,12507547514.8668
2021,RU,GB,13137847143.8972
2021,RU,GR,5201438457.96731
2021,RU,HR,353533471.196679
2021,RU,HU,8282517268.25971
2021,RU,ID,4983272639.14852
2021,RU,IE,4533926191.81012
2021,RU,IN,19210357515.485
2021,RU,IT,63090732867.9532
2021,RU,JP,20707014146.5114
2021,RU,KR,21184955440.1598
2021,RU,LT,911233866.117945
2021,RU,LU,892444127.037409
2021,RU,LV,132546828.251062
2021,RU,MT,73784695.2459811
2021,RU,MX,10590521063.941
2021,RU,NL,10734805568.3296
2021,RU,NO,1558328541.95775
2021,RU,PL,8733085914.92939
2021,RU,PT,1218191786.52156
2021,RU,RO,4661724162.60045
2021,RU,RU,1265973183424.41
2021,RU,SE,3548807608.99554
2021,RU,SI,393997516.765346
2021,RU,SK,10027468496.9034
2021,RU,TR,23879982119.1097
2021,RU,TW,4068433114.91623
2021,RU,US,55435539102.417
2021,RU,WA,99792332770.9767
2021,RU,WE,45721032946.6386
2021,RU,WF,17988845994.8502
2021,RU,WL,17429973769.297
2021,RU,WM,46379555302.875
2021,RU,ZA,1145971972.41074
2021,SE,AT,198173098.867598
2021,SE,AU,184347343.373804
2021,SE,BE,501622110.730393
2021,SE,BG,31059132.2319934
2021,SE,BR,206407670.138624
2021,SE,CA,248860754.431173
2021,SE,CH,323378336.96176
2021,SE,CN,1813399425.32202
2021,SE,CY,3025258.98068849
2021,SE,CZ,141612958.366388
2021,SE,DE,2014058847.16877
2021,SE,DK,977661794.479209
2021,SE,EE,42161248.7125879
2021,SE,ES,569412782.849346
2021,SE,FI,815944057.121708
2021,SE,FR,1028363783.51252
2021,SE,GB,1298849955.77113
2021,SE,GR,76545398.7290778
2021,SE,HR,18322868.0838339
2021,SE,HU,99706653.3480861
2021,SE,ID,95486364.3195268
2021,SE,IE,280734911.146911
2021,SE,IN,381446872.137133
2021,SE,IT,553407858.076788
2021,SE,JP,341351358.051871
2021,SE,KR,237563716.594027
2021,SE,LT,64597119.4955738
2021,SE,LU,89935729.1590726
2021,SE,LV,9270463.67731313
2021,SE,MT,5633501.61936758
2021,SE,MX,174583398.024344
2021,SE,NL,734565659.977731
2021,SE,NO,1259055313.12496
2021,SE,PL,544616273.642029
2021,SE,PT,109406483.839691
2021,SE,RO,99067452.1101169
2021,SE,RU,297101946.197809
2021,SE,SE,28320547919.7149
2021,SE,SI,24512288.5595051
2021,SE,SK,64139390.8066938
2021,SE,TR,238050181.367795
2021,SE,TW,253552972.974841
2021,SE,US,2008180366.71531
2021,SE,WA,831494204.222486
2021,SE,WE,274031003.793998
2021,SE,WF,361979861.869253
2021,SE,WL,510029309.465529
2021,SE,WM,1065326234.07336
2021,SE,ZA,77379185.1625339
2021,SI,AT,640208289.061623
2021,SI,AU,27262695.5584848
2021,SI,BE,72231347.0255887
2021,SI,BG,15784909.879913
2021,SI,BR,28368890.9479356
2021,SI,CA,37888755.9179432
2021,SI,CH,117257617.751587
2021,SI,CN,247744965.220698
2021,SI,CY,1262366.28518721
2021,SI,CZ,62212470.9455702
2021,SI,DE,811029511.530209
2021,SI,DK,34886116.7241525
2021,SI,EE,2869610.38754465
2021,SI,ES,97590185.7642637
2021,SI,FI,17112842.8148163
2021,SI,FR,277444708.560995
2021,SI,GB,149516022.313091
2021,SI,GR,324256009.070301
2021,SI,HR,412940796.551153
2021,SI,HU,98033486.8849844
2021,SI,ID,11466582.409043
2021,SI,IE,32203468.5561659
2021,SI,IN,72165175.960404
2021,SI,IT,2365955745.29046
2021,SI,JP,47242446.3756804
2021,SI,KR,38959813.5789992
2021,SI,LT,5397027.10239637
2021,SI,LU,11369844.6694001
2021,SI,LV,1016796.84124676
2021,SI,MT,1314343.79848578
2021,SI,MX,30609235.1875492
2021,SI,NL,108147712.39963
2021,SI,NO,19408924.7840978
2021,SI,PL,99777775.1746005
2021,SI,PT,18207817.0137161
2021,SI,RO,59407358.6569654
2021,SI,RU,102225095.468049
2021,SI,SE,60254025.4641756
2021,SI,SI,7252158685.82353
2021,SI,SK,31623130.5889807
2021,SI,TR,61774791.8279467
2021,SI,TW,29647841.4164269
2021,SI,US,272643061.464101
2021,SI,WA,200690879.852046
2021,SI,WE,585833997.072189
2021,SI,WF,75944936.3603163
2021,SI,WL,54448907.4422398
2021,SI,WM,219728590.155725
2021,SI,ZA,10143923.5423201
2021,SK,AT,902911735.745958
2021,SK,AU,71369149.5141346
2021,SK,BE,241701618.729488
2021,SK,BG,30260154.0447602
2021,SK,BR,68292797.0380113
2021,SK,CA,103118421.133047
2021,SK,CH,198389507.758072
2021,SK,CN,993040060.528524
2021,SK,CY,994454.091787068
2021,SK,CZ,1083593034.59844
2021,SK,DE,2957939072.17967
2021,SK,DK,94560389.5054021
2021,SK,EE,7136595.52551024
2021,SK,ES,313126543.416646
2021,SK,FI,51828001.5111094
2021,SK,FR,972699930.476988
2021,SK,GB,571971313.121576
2021,SK,GR,52674629.5688595
2021,SK,HR,25366416.534797
2021,SK,HU,2202686752.28887
2021,SK,ID,24454032.3084266
2021,SK,IE,91970975.5050182
2021,SK,IN,105680770.064784
2021,SK,IT,633107796.135836
2021,SK,JP,130037683.811634
2021,SK,KR,114497851.856616
2021,SK,LT,19427729.6674061
2021,SK,LU,36404862.9577142
2021,SK,LV,1898785.94036147
2021,SK,MT,1245652.62713874
2021,SK,MX,90604100.7060171
2021,SK,NL,270321384.251673
2021,SK,NO,54498620.9330508
2021,SK,PL,1029855331.59235
2021,SK,PT,39053809.9852383
2021,SK,RO,238532647.809038
2021,SK,RU,369367976.175708
2021,SK,SE,184963994.654474
2021,SK,SI,24487691.9858264
2021,SK,SK,20779266502.988
2021,SK,TR,217945225.137179
2021,SK,TW,65997544.841578
2021,SK,US,840823397.750276
2021,SK,WA,345204712.005049
2021,SK,WE,909248779.306318
2021,SK,WF,146253344.219357
2021,SK,WL,145696546.654787
2021,SK,WM,506023195.444059
2021,SK,ZA,27272756.2673526
2021,TR,AT,798279184.925782
2021,TR,AU,991461938.29335
2021,TR,BE,1938394214.36027
2021,TR,BG,998319592.92653
2021,TR,BR,1681363502.95427
2021,TR,CA,1910861609.97343
2021,TR,CH,1060307882.72021
2021,TR,CN,9390819771.05029
2021,TR,CY,21341634.5486279
2021,TR,CZ,955916260.57879
2021,TR,DE,9297261914.94265
2021,TR,DK,695776414.566217
2021,TR,EE,34370245.3598583
2021,TR,ES,3492249423.39212
2021,TR,FI,333697172.190217
2021,TR,FR,4434378752.97296
2021,TR,GB,6212308887.60716
2021,TR,GR,1441145652.53797
2021,TR,HR,43246430.3389676
2021,TR,HU,446980515.622672
2021,TR,ID,584356711.60327
2021,TR,IE,1256841830.9883
2021,TR,IN,3742832300.2286
2021,TR,IT,5098015524.36808
2021,TR,JP,1815588717.92162
2021,TR,KR,1501595789.59124
2021,TR,LT,80886030.7945848
2021,TR,LU,256419225.707551
2021,TR,LV,20161589.1568632
2021,TR,MT,15340305.2137205
2021,TR,MX,998569489.484393
2021,TR,NL,2276093040.6774
2021,TR,NO,401174759.422296
2021,TR,PL,1592559034.96866
2021,TR,PT,459240315.507754
2021,TR,RO,1731427832.90153
2021,TR,RU,4341481644.36625
2021,TR,SE,891705278.057731
2021,TR,SI,81725848.9738194
2021,TR,SK,289420407.084395
2021,TR,TR,364742984642.746
2021,TR,TW,1591126549.46447
2021,TR,US,18091157121.6725
2021,TR,WA,12096217648.6518
2021,TR,WE,4991791597.78314
2021,TR,WF,14372952087.5495
2021,TR,WL,7642910815.05169
2021,TR,WM,44348184873.0406
2021,TR,ZA,431541688.462965
2021,TW,AT,1187666897.53489
2021,TW,AU,1374769439.98762
2021,TW,BE,1122074423.29573
2021,TW,BG,838470098.354106
2021,TW,BR,1271358719.86235
2021,TW,CA,1394773992.92306
2021,TW,CH,1246445018.28206
2021,TW,CN,4879045075.65564
2021,TW,CY,809405550.096565
2021,TW,CZ,3573208928.6095
2021,TW,DE,9527491150.22489
2021,TW,DK,1276625768.80537
2021,TW,EE,783590690.233058
2021,TW,ES,1304486929.58513
2021,TW,FI,1588870888.593
2021,TW,FR,7192235515.90426
2021,TW,GB,3467107913.96323
2021,TW,GR,1124908730.87634
2021,TW,HR,899272785.141826
2021,TW,HU,939412968.973714
2021,TW,ID,1131890801.98078
2021,TW,IE,1145577096.0082
2021,TW,IN,1801841364.15487
2021,TW,IT,2660014314.02822
2021,TW,JP,8550244714.64214
2021,TW,KR,1340942610.63801
2021,TW,LT,738682415.482676
2021,TW,LU,740439130.224823
2021,TW,LV,770448819.644667
2021,TW,MT,592161246.636383
2021,TW,MX,1365970556.49985
2021,TW,NL,1259711491.44597
2021,TW,NO,1079891569.66028
2021,TW,PL,1248745066.89036
2021,TW,PT,956509891.450554
2021,TW,RO,1035648904.82915
2021,TW,RU,2515529593.82377
2021,TW,SE,1322061047.27057
2021,TW,SI,765148286.283753
2021,TW,SK,858680011.646911
2021,TW,TR,1198708037.09971
2021,TW,TW,215915419049.453
2021,TW,US,12473554315.4002
2021,TW,WA,13976360008.4311
2021,TW,WE,1284073901.78874
2021,TW,WF,1492585133.67016
2021,TW,WL,1529874604.77143
2021,TW,WM,2017039646.10209
2021,TW,ZA,929840983.4896
2021,US,AT,2502679861.30694
2021,US,AU,7845194471.40416
2021,US,BE,7974577530.82526
2021,US,BG,653650100.101678
2021,US,BR,27294499403.523
2021,US,CA,99492198397.2202
2021,US,CH,5254598747.02754
2021,US,CN,167741050307.679
2021,US,CY,92823301.2242912
2021,US,CZ,1936056386.18415
2021,US,DE,26424325872.987
2021,US,DK,2547643179.35313
2021,US,EE,302835609.850974
2021,US,ES,8365230634.66384
2021,US,FI,1654434291.23914
2021,US,FR,14909931669.2529
2021,US,GB,22384075902.8157
2021,US,GR,1613330495.24931
2021,US,HR,334028511.137968
2021,US,HU,1636134968.61677
2021,US,ID,5641247181.32681
2021,US,IE,10837927492.886
2021,US,IN,29850679013.5376
2021,US,IT,8812754145.32361
2021,US,JP,54347723945.9032
2021,US,KR,39542801072.9254
2021,US,LT,490393549.159342
2021,US,LU,1008391065.03294
2021,US,LV,116591142.784829
2021,US,MT,89681771.5055885
2021,US,MX,122713016834.715
2021,US,NL,11402762564.6339
2021,US,NO,2390437106.33091
2021,US,PL,4004866635.53828
2021,US,PT,1827646821.51794
2021,US,RO,1658987429.994
2021,US,RU,5183900223.18361
2021,US,SE,3660432669.43551
2021,US,SI,409570934.388185
2021,US,SK,1135338621.00807
2021,US,TR,6332625114.07321
2021,US,TW,10221740077.6248
2021,US,US,4795837387836.84
2021,US,WA,72918076544.7871
2021,US,WE,6548689944.9568
2021,US,WF,16754692273.8418
2021,US,WL,114371491094.36
2021,US,WM,39008000964.1909
2021,US,ZA,1959383175.14544
2021,WA,AT,4859819157.64927
2021,WA,AU,51187755099.3869
2021,WA,BE,8228653138.18387
2021,WA,BG,1157235542.29937
2021,WA,BR,8041539539.92229
2021,WA,CA,14719539246.4271
2021,WA,CH,8982295420.58355
2021,WA,CN,411903533173.535
2021,WA,CY,511478618.144835
2021,WA,CZ,3584521487.52687
2021,WA,DE,39120747094.3866
2021,WA,DK,3995748525.70097
2021,WA,EE,519260557.429057
2021,WA,ES,10531803189.6529
2021,WA,FI,2202668861.45217
2021,WA,FR,20651672738.1147
2021,WA,GB,29817893531.409
2021,WA,GR,3610233030.79665
2021,WA,HR,1342560455.25241
2021,WA,HU,2088884144.96696
2021,WA,ID,37918847612.055
2021,WA,IE,4479701819.58793
2021,WA,IN,66308286719.4274
2021,WA,IT,43155304476.7847
2021,WA,JP,76758741892.3992
2021,WA,KR,39556050159.4988
2021,WA,LT,625498640.670925
2021,WA,LU,1586439860.82502
2021,WA,LV,489337853.793561
2021,WA,MT,441910224.705892
2021,WA,MX,9649088191.64088
2021,WA,NL,20368718033.3023
2021,WA,NO,2599366568.10688
2021,WA,PL,5916606125.48267
2021,WA,PT,1852623383.94741
2021,WA,RO,3163177864.14528
2021,WA,RU,24496587740.6596
2021,WA,SE,4581897405.57948
2021,WA,SI,646314496.130173
2021,WA,SK,1214882288.95435
2021,WA,TR,22000471667.9241
2021,WA,TW,10583420416.3503
2021,WA,US,225615568633.228
2021,WA,WA,2032432963606.27
2021,WA,WE,9115753012.36982
2021,WA,WF,27801064555.5255
2021,WA,WL,24300192345.7333
2021,WA,WM,66989660768.3226
2021,WA,ZA,4698278237.08191
2021,WE,AT,1715135059.0857
2021,WE,AU,718053815.005278
2021,WE,BE,1629959097.16566
2021,WE,BG,1030176642.33122
2021,WE,BR,1608541703.73864
2021,WE,CA,1043644895.9305
2021,WE,CH,3253231553.74361
2021,WE,CN,15615571968.108
2021,WE,CY,57584040.5661996
2021,WE,CZ,3279156759.4084
2021,WE,DE,12789387267.8962
2021,WE,DK,770573242.433661
2021,WE,EE,271671299.225848
2021,WE,ES,2630450403.05224
2021,WE,FI,394316890.811856
2021,WE,FR,4061952292.42911
2021,WE,GB,3976886461.26729
2021,WE,GR,3152994574.86426
2021,WE,HR,3511307529.4156
2021,WE,HU,4019446377.02929
2021,WE,ID,776906598.50099
2021,WE,IE,1012773049.95451
2021,WE,IN,2980597735.97632
2021,WE,IT,14551294938.539
2021,WE,JP,1782058440.0383
2021,WE,KR,1478250193.9226
2021,WE,LT,601061565.595982
2021,WE,LU,340545214.056877
2021,WE,LV,195903821.464309
2021,WE,MT,69703416.1868138
2021,WE,MX,935909749.879199
2021,WE,NL,2471317501.9682
2021,WE,NO,574650171.909808
2021,WE,PL,5842279870.60189
2021,WE,PT,439820090.242759
2021,WE,RO,3922800282.02729
2021,WE,RU,22213216635.5063
2021,WE,SE,1029019363.63234
2021,WE,SI,1028201331.27748
2021,WE,SK,1235031338.79492
2021,WE,TR,4249611163.06056
2021,WE,TW,1348079926.56773
2021,WE,US,8807251960.63699
2021,WE,WA,12646206587.5881
2021,WE,WE,256164256688.699
2021,WE,WF,4251414634.76334
2021,WE,WL,3812049665.44793
2021,WE,WM,14076696952.5219
2021,WE,ZA,267108872.186068
2021,WF,AT,1203076560.56129
2021,WF,AU,3223295531.14635
2021,WF,BE,3820157331.31689
2021,WF,BG,243355701.771916
2021,WF,BR,6144172258.16739
2021,WF,CA,2863190668.1672
2021,WF,CH,1975523332.85998
2021,WF,CN,90921853846.4026
2021,WF,CY,30929911.9916102
2021,WF,CZ,746646239.903954
2021,WF,DE,10312346174.3988
2021,WF,DK,860371739.010533
2021,WF,EE,111277259.869387
2021,WF,ES,15049295861.5507
2021,WF,FI,465632283.435481
2021,WF,FR,19188660752.9542
2021,WF,GB,7939821012.91363
2021,WF,GR,804905269.234485
2021,WF,HR,106451309.451653
2021,WF,HU,508214391.623307
2021,WF,ID,3935183221.44572
2021,WF,IE,1724696983.2706
2021,WF,IN,38022514706.4552
2021,WF,IT,16566257363.9433
2021,WF,JP,6784020772.12905
2021,WF,KR,12174525531.6273
2021,WF,LT,138195886.335591
2021,WF,LU,502329242.961338
2021,WF,LV,30532329.3593939
2021,WF,MT,23198863.8697867
2021,WF,MX,2487918299.50165
2021,WF,NL,5461254634.61343
2021,WF,NO,852227649.992883
2021,WF,PL,1949349065.4195
2021,WF,PT,1333435704.17739
2021,WF,RO,746410453.417102
2021,WF,RU,2087601409.9282
2021,WF,SE,1056698054.23713
2021,WF,SI,145108398.572904
2021,WF,SK,410718389.917893
2021,WF,TR,4217505900.69557
2021,WF,TW,2074094576.42069
2021,WF,US,27330018449.5019
2021,WF,WA,28721106918.9642
2021,WF,WE,2253011263.87521
2021,WF,WF,1885379397161.95
2021,WF,WL,6746585353.70736
2021,WF,WM,26891879190.7035
2021,WF,ZA,4872998127.68166
2021,WL,AT,985151621.114655
2021,WL,AU,1806593746.73959
2021,WL,BE,2446839152.4353
2021,WL,BG,139672513.92809
2021,WL,BR,50881266122.5681
2021,WL,CA,4542403913.03807
2021,WL,CH,1455761111.23391
2021,WL,CN,116913571336.756
2021,WL,CY,33038404.1011573
2021,WL,CZ,509118513.713265
2021,WL,DE,10302323496.4859
2021,WL,DK,783800027.000944
2021,WL,EE,74138228.1047091
2021,WL,ES,4573547828.59028
2021,WL,FI,384016704.140152
2021,WL,FR,4571605049.91562
2021,WL,GB,5833705954.58674
2021,WL,GR,447362914.195805
2021,WL,HR,97085956.7097765
2021,WL,HU,276530390.225269
2021,WL,ID,1588628759.9868
2021,WL,IE,1812210623.36987
2021,WL,IN,7846427310.56727
2021,WL,IT,4063881201.58844
2021,WL,JP,7953486227.52171
2021,WL,KR,6263982048.96488
2021,WL,LT,93452816.5456777
2021,WL,LU,453351101.86312
2021,WL,LV,40234459.6954339
2021,WL,MT,45366299.2964829
2021,WL,MX,8638937243.53408
2021,WL,NL,8881812091.19725
2021,WL,NO,743610175.356877
2021,WL,PL,1183964842.34813
2021,WL,PT,999696462.101298
2021,WL,RO,351975868.756603
2021,WL,RU,8485128282.34275
2021,WL,SE,757549219.023059
2021,WL,SI,128463691.621991
2021,WL,SK,224328822.229652
2021,WL,TR,5328681922.85597
2021,WL,TW,1788993373.34211
2021,WL,US,74257311205.2182
2021,WL,WA,18524792985.9281
2021,WL,WE,1301803691.86417
2021,WL,WF,8668166809.15581
2021,WL,WL,836274437883.605
2021,WL,WM,30950007037.9902
2021,WL,ZA,716333747.015435
2021,WM,AT,2006159416.55612
2021,WM,AU,16234186626.219
2021,WM,BE,10107444191.6719
2021,WM,BG,585084929.739219
2021,WM,BR,18536269916.1903
2021,WM,CA,8450047806.94343
2021,WM,CH,21498989848.6867
2021,WM,CN,260002460721.844
2021,WM,CY,487317798.529293
2021,WM,CZ,1359474909.38286
2021,WM,DE,21384362279.8361
2021,WM,DK,1983053974.84162
2021,WM,EE,241278573.097286
2021,WM,ES,9084086440.326
2021,WM,FI,932763682.432849
2021,WM,FR,23154376058.9586
2021,WM,GB,32453851775.885
2021,WM,GR,2832972966.05503
2021,WM,HR,322907610.722358
2021,WM,HU,908316328.701552
2021,WM,ID,14065369111.0086
2021,WM,IE,3367660695.87283
2021,WM,IN,131994062586.748
2021,WM,IT,18011627747.4896
2021,WM,JP,60993448834.9149
2021,WM,KR,45536926702.8765
2021,WM,LT,290105102.562122
2021,WM,LU,2134599058.83844
2021,WM,LV,185368491.20104
2021,WM,MT,131051788.989666
2021,WM,MX,6552790149.37404
2021,WM,NL,10926525857.48
2021,WM,NO,1191072405.23336
2021,WM,PL,3794217746.30056
2021,WM,PT,1258936561.88174
2021,WM,RO,1578807152.35649
2021,WM,RU,9897862950.86358
2021,WM,SE,2109707721.9093
2021,WM,SI,452476927.000702
2021,WM,SK,565092912.007605
2021,WM,TR,17049290251.0633
2021,WM,TW,2997165909.35256
2021,WM,US,185192150465.098
2021,WM,WA,207868504230.552
2021,WM,WE,4916954450.72971
2021,WM,WF,90266263149.6492
2021,WM,WL,17782242871.8749
2021,WM,WM,1667354697652.26
2021,WM,ZA,6218251498.47421
2021,ZA,AT,385368424.154657
2021,ZA,AU,992427966.079222
2021,ZA,BE,1795165063.50893
2021,ZA,BG,69212954.5622891
2021,ZA,BR,808624980.173295
2021,ZA,CA,795885566.420587
2021,ZA,CH,506449635.665151
2021,ZA,CN,15529814904.5734
2021,ZA,CY,6495081.40606869
2021,ZA,CZ,269049016.031615
2021,ZA,DE,5309793010.77021
2021,ZA,DK,227433140.827204
2021,ZA,EE,34416930.8293571
2021,ZA,ES,1378732555.17469
2021,ZA,FI,154806880.38298
2021,ZA,FR,1993194113.50525
2021,ZA,GB,3478002222.59734
2021,ZA,GR,192489502.780538
2021,ZA,HR,40213426.3859528
2021,ZA,HU,188220563.748338
2021,ZA,ID,447519822.251457
2021,ZA,IE,705870395.755461
2021,ZA,IN,9221896111.93321
2021,ZA,IT,1335611704.34862
2021,ZA,JP,2123104841.59274
2021,ZA,KR,1637752656.31398
2021,ZA,LT,43251633.5349648
2021,ZA,LU,187704853.076979
2021,ZA,LV,13651693.4456878
2021,ZA,MT,14045278.5911596
2021,ZA,MX,613735484.265016
2021,ZA,NL,1704984417.51559
2021,ZA,NO,197049043.384239
2021,ZA,PL,476696874.873699
2021,ZA,PT,301324844.519503
2021,ZA,RO,157306824.16112
2021,ZA,RU,755420296.864994
2021,ZA,SE,320831720.436962
2021,ZA,SI,48411608.5039728
2021,ZA,SK,96041965.8548287
2021,ZA,TR,621266421.758932
2021,ZA,TW,438615368.556434
2021,ZA,US,8549959750.58351
2021,ZA,WA,11648765973.8826
2021,ZA,WE,387631905.847059
2021,ZA,WF,62229402256.6427
2021,ZA,WL,1540042296.21839
2021,ZA,WM,6945250415.04275
2021,ZA,ZA,303471777180.319
2022,AT,AT,43080792378.6414
2022,AT,AU,125672557.357195
2022,AT,BE,339544824.620949
2022,AT,BG,48288489.2339999
2022,AT,BR,190502112.269516
2022,AT,CA,249988438.820446
2022,AT,CH,1110043988.68645
2022,AT,CN,1597874984.26119
2022,AT,CY,2904180.53402487
2022,AT,CZ,420785381.546857
2022,AT,DE,7028394796.45476
2022,AT,DK,137201487.851919
2022,AT,EE,9715139.70993935
2022,AT,ES,437710581.888615
2022,AT,FI,82638599.3626064
2022,AT,FR,1074883105.34671
2022,AT,GB,767710111.705278
2022,AT,GR,102454118.970355
2022,AT,HR,53783310.5772328
2022,AT,HU,1153895242.38536
2022,AT,ID,65458165.3899745
2022,AT,IE,190945142.230459
2022,AT,IN,333866565.045391
2022,AT,IT,1824325435.9053
2022,AT,JP,301137147.781754
2022,AT,KR,268805134.576724
2022,AT,LT,29061054.7881426
2022,AT,LU,48661015.8075584
2022,AT,LV,4374219.79416613
2022,AT,MT,2318090.65574356
2022,AT,MX,242062283.907929
2022,AT,NL,480939133.233767
2022,AT,NO,83044206.0480069
2022,AT,PL,529403372.897898
2022,AT,PT,65655142.4263677
2022,AT,RO,275148485.045174
2022,AT,RU,264203920.862617
2022,AT,SE,241614234.201328
2022,AT,SI,230754399.103276
2022,AT,SK,212330401.433585
2022,AT,TR,358371407.357645
2022,AT,TW,134318732.116473
2022,AT,US,2185363258.70924
2022,AT,WA,816717346.193656
2022,AT,WE,436578284.179594
2022,AT,WF,288198098.095661
2022,AT,WL,319261512.336118
2022,AT,WM,944473191.247041
2022,AT,ZA,59661075.1909772
2022,AU,AT,548387380.076124
2022,AU,AU,262228051741.521
2022,AU,BE,1238234636.00256
2022,AU,BG,239658666.459478
2022,AU,BR,2104495707.75935
2022,AU,CA,1871730876.62681
2022,AU,CH,783923738.505857
2022,AU,CN,58246031906.3215
2022,AU,CY,67696075.4056438
2022,AU,CZ,533535655.596208
2022,AU,DE,4287050992.17035
2022,AU,DK,516476082.63834
2022,AU,EE,144214758.100906
2022,AU,ES,1235633846.84115
2022,AU,FI,397330827.405741
2022,AU,FR,2643845092.63323
2022,AU,GB,4416143088.69312
2022,AU,GR,409230307.504539
2022,AU,HR,208688948.770187
2022,AU,HU,427989622.357346
2022,AU,ID,17339636058.4149
2022,AU,IE,938232406.06626
2022,AU,IN,33471043727.68
2022,AU,IT,2206387149.69124
2022,AU,JP,31173734819.429
2022,AU,KR,18820771123.5523
2022,AU,LT,206656161.522693
2022,AU,LU,158574590.707209
2022,AU,LV,118721678.227119
2022,AU,MT,75802986.719668
2022,AU,MX,1632938220.10471
2022,AU,NL,2774259899.44519
2022,AU,NO,413701772.864971
2022,AU,PL,1023229435.61338
2022,AU,PT,378301365.235269
2022,AU,RO,424314140.624411
2022,AU,RU,1225804731.18432
2022,AU,SE,805683673.136523
2022,AU,SI,210376907.825084
2022,AU,SK,323124070.742859
2022,AU,TR,2410211236.43093
2022,AU,TW,1376154545.0808
2022,AU,US,23245489800.0012
2022,AU,WA,50156529054.8295
2022,AU,WE,832836949.996036
2022,AU,WF,3136679328.79684
2022,AU,WL,3457329118.66513
2022,AU,WM,15113385699.2775
2022,AU,ZA,800225878.058012
2022,BE,AT,454173425.975674
2022,BE,AU,281749990.780665
2022,BE,BE,49326280772.9363
2022,BE,BG,112730114.480225
2022,BE,BR,408437438.755586
2022,BE,CA,496132724.4849
2022,BE,CH,767922455.848197
2022,BE,CN,2265736508.11381
2022,BE,CY,16548788.2390803
2022,BE,CZ,334760341.323699
2022,BE,DE,7001408553.44335
2022,BE,DK,345748873.349122
2022,BE,EE,50373315.5562556
2022,BE,ES,1324892348.88548
2022,BE,FI,252270119.439692
2022,BE,FR,8473641925.321
2022,BE,GB,4731609847.2391
2022,BE,GR,260646185.782093
2022,BE,HR,69700440.9365648
2022,BE,HU,273660699.603116
2022,BE,ID,237311247.0828
2022,BE,IE,740614891.637602
2022,BE,IN,904480063.348568
2022,BE,IT,1717961796.51036
2022,BE,JP,715238704.369029
2022,BE,KR,401349851.943075
2022,BE,LT,92354590.6644418
2022,BE,LU,410711281.907837
2022,BE,LV,36800261.9280806
2022,BE,MT,18453354.6034311
2022,BE,MX,359888808.053049
2022,BE,NL,4182485054.565
2022,BE,NO,245264084.524563
2022,BE,PL,857958817.603213
2022,BE,PT,267322984.537631
2022,BE,RO,273966566.220835
2022,BE,RU,403143159.546292
2022,BE,SE,613320045.203913
2022,BE,SI,69142802.9660204
2022,BE,SK,137449263.199111
2022,BE,TR,667577570.423578
2022,BE,TW,457527733.763673
2022,BE,US,3514835245.02129
2022,BE,WA,1792625008.42739
2022,BE,WE,460795309.174982
2022,BE,WF,1307571205.75394
2022,BE,WL,802407126.418561
2022,BE,WM,2234859975.25552
2022,BE,ZA,192475911.269935
2022,BG,AT,352525514.168015
2022,BG,AU,95980539.4875007
2022,BG,BE,580657318.934253
2022,BG,BG,21841434830.3154
2022,BG,BR,125251695.916487
2022,BG,CA,168395976.576648
2022,BG,CH,216225727.12293
2022,BG,CN,1809080492.28824
2022,BG,CY,15275522.6733222
2022,BG,CZ,648169954.751751
2022,BG,DE,2657459459.38214
2022,BG,DK,706711701.035765
2022,BG,EE,15158972.7702313
2022,BG,ES,666102999.101684
2022,BG,FI,75950992.4258055
2022,BG,FR,1099468087.189
2022,BG,GB,828575265.539542
2022,BG,GR,1013331227.35447
2022,BG,HR,98172960.7791531
2022,BG,HU,275254032.460255
2022,BG,ID,89083100.6599113
2022,BG,IE,166786391.251085
2022,BG,IN,283659983.001111
2022,BG,IT,2408390786.2304
2022,BG,JP,221684326.847447
2022,BG,KR,403834552.594757
2022,BG,LT,40698064.8033415
2022,BG,LU,94282006.4187308
2022,BG,LV,11430317.5807984
2022,BG,MT,5736464.0207768
2022,BG,MX,142650921.105746
2022,BG,NL,541255596.015693
2022,BG,NO,89394670.5178649
2022,BG,PL,495574178.576259
2022,BG,PT,113001183.80832
2022,BG,RO,2594797167.01506
2022,BG,RU,414835288.365878
2022,BG,SE,223459198.363296
2022,BG,SI,182014234.070506
2022,BG,SK,108424811.513169
2022,BG,TR,1441977055.57082
2022,BG,TW,133992828.314575
2022,BG,US,1278917592.14945
2022,BG,WA,1219358367.24462
2022,BG,WE,2588452929.74854
2022,BG,WF,842008100.330014
2022,BG,WL,269648676.61771
2022,BG,WM,1712810397.74653
2022,BG,ZA,56691336.0951386
2022,BR,AT,456957012.582634
2022,BR,AU,1371583079.23265
2022,BR,BE,2022498424.55472
2022,BR,BG,89992596.8391172
2022,BR,BR,731502579454.749
2022,BR,CA,3030239494.13292
2022,BR,CH,1076967928.81089
2022,BR,CN,121489632830.951
2022,BR,CY,19454898.6828332
2022,BR,CZ,320535253.190973
2022,BR,DE,5835392421.01065
2022,BR,DK,373804109.947485
2022,BR,EE,34373128.9199849
2022,BR,ES,3147483075.93582
2022,BR,FI,286037747.637556
2022,BR,FR,2672740586.90781
2022,BR,GB,3904910460.38526
2022,BR,GR,301623543.501186
2022,BR,HR,50773868.4124544
2022,BR,HU,217020431.310702
2022,BR,ID,2457466645.25331
2022,BR,IE,980141158.22609
2022,BR,IN,5362424025.31042
2022,BR,IT,3939896251.78152
2022,BR,JP,5783866729.31824
2022,BR,KR,4113138969.20571
2022,BR,LT,67299870.981699
2022,BR,LU,218958992.477023
2022,BR,LV,19022109.4437609
2022,BR,MT,13569007.7151562
2022,BR,MX,4756822133.07697
2022,BR,NL,4217376182.355
2022,BR,NO,424792163.665969
2022,BR,PL,855119469.522695
2022,BR,PT,902421637.159312
2022,BR,RO,244952241.051843
2022,BR,RU,2253174262.84524
2022,BR,SE,686408483.725615
2022,BR,SI,63207142.6806782
2022,BR,SK,147610057.030232
2022,BR,TR,2751219196.25964
2022,BR,TW,988737547.372952
2022,BR,US,44446545389.9284
2022,BR,WA,37249883652.3148
2022,BR,WE,1206541014.54905
2022,BR,WF,5306826693.95609
2022,BR,WL,41543754788.8206
2022,BR,WM,39413337063.2369
2022,BR,ZA,625972559.885636
2022,CA,AT,478902408.450329
2022,CA,AU,1115448240.9352
2022,CA,BE,1611935467.42719
2022,CA,BG,159074695.29732
2022,CA,BR,5524155279.40386
2022,CA,CA,289440777570.208
2022,CA,CH,806312855.724208
2022,CA,CN,26869575731.2989
2022,CA,CY,19831736.9950574
2022,CA,CZ,381506092.55467
2022,CA,DE,4744414354.58473
2022,CA,DK,404363632.507255
2022,CA,EE,72240451.103112
2022,CA,ES,2228816642.28445
2022,CA,FI,412237627.414285
2022,CA,FR,3799573025.29097
2022,CA,GB,4396520649.30459
2022,CA,GR,362487118.174304
2022,CA,HR,124227569.56999
2022,CA,HU,306029664.264266
2022,CA,ID,1606601737.12594
2022,CA,IE,1409713997.88511
2022,CA,IN,4465891729.89925
2022,CA,IT,2004413303.01032
2022,CA,JP,11756389387.9308
2022,CA,KR,4749562888.10585
2022,CA,LT,120310725.113792
2022,CA,LU,218401771.344851
2022,CA,LV,29804742.5037541
2022,CA,MT,18749466.3337342
2022,CA,MX,20425290220.283
2022,CA,NL,2069004548.8137
2022,CA,NO,481722693.157189
2022,CA,PL,728637271.332599
2022,CA,PT,406776699.076885
2022,CA,RO,411450075.688096
2022,CA,RU,795279679.925029
2022,CA,SE,1057911408.71017
2022,CA,SI,115477583.523266
2022,CA,SK,198864026.375023
2022,CA,TR,1442980894.41315
2022,CA,TW,1576049486.87158
2022,CA,US,243143760420.997
2022,CA,WA,11975715377.4881
2022,CA,WE,924759032.592768
2022,CA,WF,3813910828.12103
2022,CA,WL,21154893994.1631
2022,CA,WM,7679614206.41448
2022,CA,ZA,390322534.185834
2022,CH,AT,641244714.52268
2022,CH,AU,352081482.59411
2022,CH,BE,726604099.880565
2022,CH,BG,66166922.9669435
2022,CH,BR,329957133.770643
2022,CH,CA,597035429.278659
2022,CH,CH,35297978666.225
2022,CH,CN,1824208481.67183
2022,CH,CY,41093259.9235587
2022,CH,CZ,202458840.829663
2022,CH,DE,4118368278.11867
2022,CH,DK,509996379.223633
2022,CH,EE,45497352.1390461
2022,CH,ES,815753394.40387
2022,CH,FI,250038760.904086
2022,CH,FR,3140178938.98527
2022,CH,GB,1488166506.27109
2022,CH,GR,207774096.77197
2022,CH,HR,60866555.7230016
2022,CH,HU,151817596.05737
2022,CH,ID,151260540.219982
2022,CH,IE,563552571.377853
2022,CH,IN,555272413.286678
2022,CH,IT,2825870874.10589
2022,CH,JP,1080718809.53419
2022,CH,KR,343131324.852698
2022,CH,LT,50854187.4992348
2022,CH,LU,128994708.874705
2022,CH,LV,36945443.6926574
2022,CH,MT,20964820.2860632
2022,CH,MX,299532796.231373
2022,CH,NL,866485249.061718
2022,CH,NO,186473684.604901
2022,CH,PL,352811250.95975
2022,CH,PT,206405288.585429
2022,CH,RO,162514610.307517
2022,CH,RU,486995013.408126
2022,CH,SE,328449339.77375
2022,CH,SI,98124194.9900332
2022,CH,SK,85312672.0369157
2022,CH,TR,287838746.686047
2022,CH,TW,443757243.821692
2022,CH,US,8461907758.68159
2022,CH,WA,1410466722.06505
2022,CH,WE,476365997.795741
2022,CH,WF,694032300.641743
2022,CH,WL,568336601.36565
2022,CH,WM,2052678232.40589
2022,CH,ZA,175571822.020141
2022,CN,AT,8207754215.55706
2022,CN,AU,49629938170.7562
2022,CN,BE,21988430051.8598
2022,CN,BG,1290748012.43468
2022,CN,BR,58603672773.1087
2022,CN,CA,56753196631.5738
2022,CN,CH,12997031706.3038
2022,CN,CN,10274974447523
2022,CN,CY,262931334.882276
2022,CN,CZ,7729028898.12706
2022,CN,DE,123610191455.078
2022,CN,DK,8021391775.11881
2022,CN,EE,360029849.093286
2022,CN,ES,33844639715.6044
2022,CN,FI,4059955758.33316
2022,CN,FR,50015271254.8318
2022,CN,GB,84541931647.3431
2022,CN,GR,5407125194.19859
2022,CN,HR,687425726.017913
2022,CN,HU,5437214605.76533
2022,CN,ID,56261479222.1092
2022,CN,IE,16089696519.1573
2022,CN,IN,140989813352.341
2022,CN,IT,39529565782.0032
2022,CN,JP,140354142284.292
2022,CN,KR,126989089513.324
2022,CN,LT,894700960.14877
2022,CN,LU,2283559763.34937
2022,CN,LV,287881767.19233
2022,CN,MT,261973582.614151
2022,CN,MX,67950050247.9155
2022,CN,NL,39859217317.2211
2022,CN,NO,5245609833.58627
2022,CN,PL,24365671467.0162
2022,CN,PT,3933385913.81735
2022,CN,RO,4996180519.8261
2022,CN,RU,34109869432.4417
2022,CN,SE,10514588306.2086
2022,CN,SI,647956185.665563
2022,CN,SK,2334748711.23204
2022,CN,TR,36704570538.0869
2022,CN,TW,13143917069.5302
2022,CN,US,571942752508.988
2022,CN,WA,904203339474.275
2022,CN,WE,18506147928.5734
2022,CN,WF,111440553906.221
2022,CN,WL,167553232973.134
2022,CN,WM,275678666650.477
2022,CN,ZA,9388077692.75941
2022,CY,AT,53739565.7088807
2022,CY,AU,55387922.8390857
2022,CY,BE,65531464.8402408
2022,CY,BG,35988216.9126194
2022,CY,BR,47661209.7996597
2022,CY,CA,52568512.3345562
2022,CY,CH,72803993.2439405
2022,CY,CN,244650661.457295
2022,CY,CY,7433713097.66918
2022,CY,CZ,39071035.2969849
2022,CY,DE,620288401.354086
2022,CY,DK,35850154.98842
2022,CY,EE,16461222.2837744
2022,CY,ES,80254128.1644152
2022,CY,FI,36871912.0112546
2022,CY,FR,179214438.891454
2022,CY,GB,577538130.006463
2022,CY,GR,177853447.922878
2022,CY,HR,15583707.3315173
2022,CY,HU,65567885.1222798
2022,CY,ID,35962919.2881218
2022,CY,IE,57738092.5593331
2022,CY,IN,103053904.977817
2022,CY,IT,137907994.245922
2022,CY,JP,75644281.6600952
2022,CY,KR,50776136.2616035
2022,CY,LT,17885084.3075927
2022,CY,LU,15726334.0206826
2022,CY,LV,13756944.7581268
2022,CY,MT,8698567.57317872
2022,CY,MX,50254322.9539801
2022,CY,NL,110336925.648831
2022,CY,NO,35899304.2544695
2022,CY,PL,71557352.9325749
2022,CY,PT,28442134.7790666
2022,CY,RO,68859985.0317562
2022,CY,RU,448892599.524635
2022,CY,SE,70162546.6260603
2022,CY,SI,14524941.3354882
2022,CY,SK,23896490.410043
2022,CY,TR,109147630.674599
2022,CY,TW,109789297.981179
2022,CY,US,308941969.366309
2022,CY,WA,212913713.084397
2022,CY,WE,61671996.8445046
2022,CY,WF,110189640.23952
2022,CY,WL,104612965.060076
2022,CY,WM,615838924.972706
2022,CY,ZA,31788087.2330119
2022,CZ,AT,2768547823.60617
2022,CZ,AU,200917853.793664
2022,CZ,BE,809709867.238732
2022,CZ,BG,110443757.183705
2022,CZ,BR,245454712.045071
2022,CZ,CA,315259118.682396
2022,CZ,CH,1094022932.69771
2022,CZ,CN,2382481631.49938
2022,CZ,CY,4984070.69760417
2022,CZ,CZ,39874619090.8925
2022,CZ,DE,20151698021.1754
2022,CZ,DK,383922400.110205
2022,CZ,EE,15043350.1687972
2022,CZ,ES,1046524859.45331
2022,CZ,FI,169685470.215502
2022,CZ,FR,2477233402.48166
2022,CZ,GB,4492352886.67952
2022,CZ,GR,163100672.914746
2022,CZ,HR,42119992.9246471
2022,CZ,HU,884791010.610885
2022,CZ,ID,108252568.364135
2022,CZ,IE,700231091.107751
2022,CZ,IN,476042347.253188
2022,CZ,IT,7813840493.30106
2022,CZ,JP,486175054.469398
2022,CZ,KR,349302681.435654
2022,CZ,LT,64186360.5436248
2022,CZ,LU,101424103.073852
2022,CZ,LV,9765025.96861972
2022,CZ,MT,4687594.86160739
2022,CZ,MX,312571078.119778
2022,CZ,NL,1026714764.27473
2022,CZ,NO,193393126.981308
2022,CZ,PL,2467803691.63412
2022,CZ,PT,137710735.044553
2022,CZ,RO,476398971.481921
2022,CZ,RU,703666528.003875
2022,CZ,SE,559700180.018793
2022,CZ,SI,61750600.2010693
2022,CZ,SK,7294696484.6712
2022,CZ,TR,678202017.882684
2022,CZ,TW,244017550.081027
2022,CZ,US,2808466211.29027
2022,CZ,WA,1269238444.25106
2022,CZ,WE,3107452223.63159
2022,CZ,WF,494414896.51902
2022,CZ,WL,503014328.531641
2022,CZ,WM,1694942880.71782
2022,CZ,ZA,113337866.042693
2022,DE,AT,13393650989.6995
2022,DE,AU,2155414545.82622
2022,DE,BE,11481655817.3902
2022,DE,BG,460986691.303763
2022,DE,BR,2754089776.23732
2022,DE,CA,3246820741.06139
2022,DE,CH,15845942461.6791
2022,DE,CN,27120944718.8489
2022,DE,CY,48700478.389
2022,DE,CZ,6338163568.72309
2022,DE,DE,467254538675.864
2022,DE,DK,5137541557.78605
2022,DE,EE,164018948.511135
2022,DE,ES,7475480745.569
2022,DE,FI,1602153989.76126
2022,DE,FR,24769051055.9793
2022,DE,GB,14950576561.1671
2022,DE,GR,1252549906.24513
2022,DE,HR,309952878.888281
2022,DE,HU,3108377397.37858
2022,DE,ID,938302541.465235
2022,DE,IE,5349130139.20482
2022,DE,IN,5769112852.31481
2022,DE,IT,21267633183.8891
2022,DE,JP,4351559580.04261
2022,DE,KR,3384322918.7933
2022,DE,LT,458225007.371888
2022,DE,LU,1419014332.03323
2022,DE,LV,72513817.5134581
2022,DE,MT,37761236.7282052
2022,DE,MX,3425067261.97777
2022,DE,NL,14676337467.7137
2022,DE,NO,1813004300.55195
2022,DE,PL,13367002818.712
2022,DE,PT,1285580608.40489
2022,DE,RO,2178909333.87877
2022,DE,RU,3435309017.66451
2022,DE,SE,4255221886.69652
2022,DE,SI,472772550.330698
2022,DE,SK,1160830975.2549
2022,DE,TR,4454356308.89574
2022,DE,TW,2609385894.06076
2022,DE,US,28189135431.9123
2022,DE,WA,11771811462.8787
2022,DE,WE,2972154800.21047
2022,DE,WF,4699514626.43941
2022,DE,WL,5351047278.53517
2022,DE,WM,12688465244.0782
2022,DE,ZA,1085495530.05408
2022,DK,AT,353099576.26417
2022,DK,AU,955977908.529947
2022,DK,BE,633078550.174859
2022,DK,BG,127768300.938581
2022,DK,BR,760444996.650368
2022,DK,CA,830508040.602868
2022,DK,CH,900765813.970939
2022,DK,CN,5313713996.61157
2022,DK,CY,105146064.227303
2022,DK,CZ,306525803.985114
2022,DK,DE,6854091873.38944
2022,DK,DK,22511038919.8059
2022,DK,EE,122975663.716652
2022,DK,ES,1249620396.06856
2022,DK,FI,693738409.757193
2022,DK,FR,1765689815.79127
2022,DK,GB,3226363666.16195
2022,DK,GR,409739232.830809
2022,DK,HR,92641727.804011
2022,DK,HU,233655091.712558
2022,DK,ID,335383379.980392
2022,DK,IE,701175025.573202
2022,DK,IN,1617813595.6886
2022,DK,IT,1802549822.86881
2022,DK,JP,1581711430.91207
2022,DK,KR,552126053.990454
2022,DK,LT,132161129.194815
2022,DK,LU,133011714.040816
2022,DK,LV,107578298.456617
2022,DK,MT,49543965.7692127
2022,DK,MX,581616496.512475
2022,DK,NL,1529619846.39968
2022,DK,NO,1333612736.05242
2022,DK,PL,1147670423.28496
2022,DK,PT,275594010.162756
2022,DK,RO,245753089.9787
2022,DK,RU,788415189.943226
2022,DK,SE,2747623667.97265
2022,DK,SI,89771386.6814697
2022,DK,SK,144332841.675428
2022,DK,TR,635281936.430472
2022,DK,TW,1513288355.3354
2022,DK,US,9016439556.69764
2022,DK,WA,2109391511.12828
2022,DK,WE,623106747.292974
2022,DK,WF,958075167.203949
2022,DK,WL,1154825838.55836
2022,DK,WM,2107987182.57628
2022,DK,ZA,325895377.181734
2022,EE,AT,45098588.6441288
2022,EE,AU,42786922.5325996
2022,EE,BE,73191322.7969212
2022,EE,BG,15944220.3190333
2022,EE,BR,33440590.77709
2022,EE,CA,47487142.9943215
2022,EE,CH,68340801.8684599
2022,EE,CN,195611295.177455
2022,EE,CY,6336529.38671272
2022,EE,CZ,38290488.7292924
2022,EE,DE,471646176.957438
2022,EE,DK,155899344.445238
2022,EE,EE,5087871936.37078
2022,EE,ES,78168077.3566225
2022,EE,FI,573966959.893992
2022,EE,FR,167156778.329529
2022,EE,GB,313981986.858187
2022,EE,GR,24632052.2574268
2022,EE,HR,10892174.5200295
2022,EE,HU,25573139.4912885
2022,EE,ID,27126840.5588452
2022,EE,IE,52857429.3206947
2022,EE,IN,65009604.2116133
2022,EE,IT,102936557.613745
2022,EE,JP,90722937.0162828
2022,EE,KR,56818005.4470226
2022,EE,LT,215209467.290459
2022,EE,LU,14544504.4949557
2022,EE,LV,1743791096.5171
2022,EE,MT,4522211.91144764
2022,EE,MX,30713426.9451688
2022,EE,NL,148824604.488704
2022,EE,NO,125275926.801681
2022,EE,PL,135274754.328166
2022,EE,PT,24502602.0273386
2022,EE,RO,31147744.09062
2022,EE,RU,243158327.706268
2022,EE,SE,297922972.277511
2022,EE,SI,9297430.45186325
2022,EE,SK,19047670.42828
2022,EE,TR,69453403.3515798
2022,EE,TW,56672969.137702
2022,EE,US,272342825.908704
2022,EE,WA,197390213.397331
2022,EE,WE,125966008.109254
2022,EE,WF,177172225.854402
2022,EE,WL,63874476.0433906
2022,EE,WM,215409059.114267
2022,EE,ZA,18205961.7644243
2022,ES,AT,585768365.746413
2022,ES,AU,533006808.614357
2022,ES,BE,1814007378.20333
2022,ES,BG,131498267.639569
2022,ES,BR,1264792390.93708
2022,ES,CA,1142383639.44753
2022,ES,CH,1140028839.73708
2022,ES,CN,5786146908.09301
2022,ES,CY,13945639.2913647
2022,ES,CZ,507866998.451446
2022,ES,DE,8334651150.02849
2022,ES,DK,553293751.947192
2022,ES,EE,25520545.6113478
2022,ES,ES,194501977712.707
2022,ES,FI,380765003.089264
2022,ES,FR,14786911716.0535
2022,ES,GB,7540917085.16503
2022,ES,GR,581869223.602763
2022,ES,HR,50603684.8802779
2022,ES,HU,395455928.626124
2022,ES,ID,430213829.798951
2022,ES,IE,1784426621.42602
2022,ES,IN,1280473172.18413
2022,ES,IT,5199257155.3254
2022,ES,JP,1430594662.05711
2022,ES,KR,1108750125.13187
2022,ES,LT,107870184.297857
2022,ES,LU,175885417.517946
2022,ES,LV,17054319.6430483
2022,ES,MT,11160192.4759227
2022,ES,MX,1261191154.30596
2022,ES,NL,2001287731.85871
2022,ES,NO,451315821.628492
2022,ES,PL,1254878059.52316
2022,ES,PT,5225180500.20842
2022,ES,RO,458147022.410272
2022,ES,RU,668014638.942402
2022,ES,SE,969726460.050456
2022,ES,SI,64435730.9691452
2022,ES,SK,232612785.784584
2022,ES,TR,1468307376.04375
2022,ES,TW,1517157785.15676
2022,ES,US,7867024269.99993
2022,ES,WA,3111482829.84114
2022,ES,WE,1162340157.84472
2022,ES,WF,5641928667.7802
2022,ES,WL,3234548771.68797
2022,ES,WM,6532258720.96797
2022,ES,ZA,292020338.266044
2022,FI,AT,143680377.202102
2022,FI,AU,159779086.716285
2022,FI,BE,552055407.910863
2022,FI,BG,27991843.469735
2022,FI,BR,171574666.538831
2022,FI,CA,206481460.648194
2022,FI,CH,166209487.129867
2022,FI,CN,1943388232.98659
2022,FI,CY,3177292.47172237
2022,FI,CZ,98629123.0491859
2022,FI,DE,1910387501.04542
2022,FI,DK,244948629.971631
2022,FI,EE,139795437.830264
2022,FI,ES,322369250.877552
2022,FI,FI,29871629996.1573
2022,FI,FR,738307550.904634
2022,FI,GB,945572275.330183
2022,FI,GR,66862791.4860206
2022,FI,HR,14458046.7900408
2022,FI,HU,77853507.5640765
2022,FI,ID,93643229.7805187
2022,FI,IE,294563274.322276
2022,FI,IN,346838610.047572
2022,FI,IT,533946995.586732
2022,FI,JP,535923969.854362
2022,FI,KR,232860117.509128
2022,FI,LT,79426322.1724001
2022,FI,LU,66215518.8570344
2022,FI,LV,8661382.61579627
2022,FI,MT,2336105.05472522
2022,FI,MX,167306405.56475
2022,FI,NL,615572688.864874
2022,FI,NO,248809923.684822
2022,FI,PL,339070652.921287
2022,FI,PT,68899378.9163885
2022,FI,RO,77486772.9395815
2022,FI,RU,620434773.472385
2022,FI,SE,1575478992.15712
2022,FI,SI,17091607.4857998
2022,FI,SK,46580930.4882502
2022,FI,TR,286560242.587842
2022,FI,TW,283081487.32541
2022,FI,US,1921555081.59267
2022,FI,WA,900616581.705612
2022,FI,WE,203311542.400373
2022,FI,WF,321590215.830252
2022,FI,WL,421818618.192309
2022,FI,WM,1038186437.45951
2022,FI,ZA,88134760.2581083
2022,FR,AT,868452009.468081
2022,FR,AU,792745422.502793
2022,FR,BE,5839500919.86658
2022,FR,BG,173409866.913096
2022,FR,BR,1337920012.72673
2022,FR,CA,1642826096.46749
2022,FR,CH,3028692758.35274
2022,FR,CN,13070930889.3733
2022,FR,CY,29105849.3816363
2022,FR,CZ,617077713.607472
2022,FR,DE,13410523547.602
2022,FR,DK,648515414.630898
2022,FR,EE,65616937.0348544
2022,FR,ES,7202996087.55497
2022,FR,FI,505607214.897797
2022,FR,FR,280111942520.594
2022,FR,GB,8553069769.12737
2022,FR,GR,888509795.33243
2022,FR,HR,89403866.3463206
2022,FR,HU,511623484.999453
2022,FR,ID,587049282.499741
2022,FR,IE,2781196033.69559
2022,FR,IN,2236763575.87432
2022,FR,IT,11268408018.9551
2022,FR,JP,2107254401.32501
2022,FR,KR,1349702929.54777
2022,FR,LT,130820745.433568
2022,FR,LU,709655160.231795
2022,FR,LV,34994632.1591713
2022,FR,MT,21744239.7524788
2022,FR,MX,1242898855.847
2022,FR,NL,3516853065.18347
2022,FR,NO,454756355.763001
2022,FR,PL,1579755241.04401
2022,FR,PT,935597918.793566
2022,FR,RO,668543630.692321
2022,FR,RU,994755221.740411
2022,FR,SE,1097079555.23389
2022,FR,SI,115260894.478189
2022,FR,SK,262750078.650862
2022,FR,TR,1985726762.62158
2022,FR,TW,2952755582.83494
2022,FR,US,10702732988.8636
2022,FR,WA,5765673937.68873
2022,FR,WE,897519818.6401
2022,FR,WF,5362768542.73269
2022,FR,WL,2241980705.83989
2022,FR,WM,5679138579.91206
2022,FR,ZA,390220868.617234
2022,GB,AT,815187264.031667
2022,GB,AU,2886947168.28705
2022,GB,BE,3672338256.76426
2022,GB,BG,271841315.008689
2022,GB,BR,1300175277.37755
2022,GB,CA,2238868997.37575
2022,GB,CH,1903697598.349
2022,GB,CN,10164978773.7031
2022,GB,CY,98690091.4079015
2022,GB,CZ,681542940.520717
2022,GB,DE,9498068117.80041
2022,GB,DK,1185294944.7883
2022,GB,EE,173829234.318639
2022,GB,ES,3997405793.50091
2022,GB,FI,749556355.455085
2022,GB,FR,13014052890.2051
2022,GB,GB,285488114558.955
2022,GB,GR,617935637.959963
2022,GB,HR,208351065.986635
2022,GB,HU,564759719.658295
2022,GB,ID,803451184.498086
2022,GB,IE,15139074875.4849
2022,GB,IN,3385119236.62303
2022,GB,IT,3675714010.80113
2022,GB,JP,3312718974.97743
2022,GB,KR,1747616969.37456
2022,GB,LT,280876931.578155
2022,GB,LU,470624066.288428
2022,GB,LV,144091481.847051
2022,GB,MT,113059026.588649
2022,GB,MX,1189237525.79157
2022,GB,NL,5797637573.82546
2022,GB,NO,1089441706.19316
2022,GB,PL,1513585732.15101
2022,GB,PT,834348573.07096
2022,GB,RO,579254384.999089
2022,GB,RU,1232816946.50715
2022,GB,SE,1834897296.35906
2022,GB,SI,202361655.431834
2022,GB,SK,360125456.023014
2022,GB,TR,2112689956.52602
2022,GB,TW,2081910665.85164
2022,GB,US,16864497531.6551
2022,GB,WA,6954366762.82926
2022,GB,WE,1158278906.01196
2022,GB,WF,3511688155.30948
2022,GB,WL,2744508069.85505
2022,GB,WM,9959541022.15803
2022,GB,ZA,813372825.453601
2022,GR,AT,539964541.291089
2022,GR,AU,723259198.872146
2022,GR,BE,784253400.231572
2022,GR,BG,857566444.563739
2022,GR,BR,836015093.351816
2022,GR,CA,1147694507.3037
2022,GR,CH,2406851297.35134
2022,GR,CN,6031909971.18382
2022,GR,CY,243280396.961331
2022,GR,CZ,314966322.86559
2022,GR,DE,6832290919.49008
2022,GR,DK,372852769.183974
2022,GR,EE,68398720.1704214
2022,GR,ES,1397283986.2057
2022,GR,FI,241032857.18779
2022,GR,FR,3073242943.64837
2022,GR,GB,4959342577.8585
2022,GR,GR,40080121162.465
2022,GR,HR,132880171.879025
2022,GR,HU,323160493.981542
2022,GR,ID,378980815.793227
2022,GR,IE,687214828.183729
2022,GR,IN,1877418790.10735
2022,GR,IT,4368325089.67732
2022,GR,JP,1699850065.89155
2022,GR,KR,1090920870.70267
2022,GR,LT,88353962.9096249
2022,GR,LU,127170196.636115
2022,GR,LV,49793194.2820374
2022,GR,MT,38160267.6670393
2022,GR,MX,682409244.194057
2022,GR,NL,927286923.417587
2022,GR,NO,210533913.670101
2022,GR,PL,723047816.589668
2022,GR,PT,241612739.115228
2022,GR,RO,900213915.904013
2022,GR,RU,592183050.923513
2022,GR,SE,532809308.585038
2022,GR,SI,445988246.285083
2022,GR,SK,215480725.260274
2022,GR,TR,1182225747.90548
2022,GR,TW,2557499002.90894
2022,GR,US,27194108925.4115
2022,GR,WA,4671013174.24071
2022,GR,WE,5296083495.684
2022,GR,WF,1470823579.20149
2022,GR,WL,1282632814.95976
2022,GR,WM,3837935285.25553
2022,GR,ZA,183324772.568995
2022,HR,AT,330014216.859173
2022,HR,AU,42991142.6402306
2022,HR,BE,100347387.841305
2022,HR,BG,42297938.8692721
2022,HR,BR,46843415.4552555
2022,HR,CA,57804213.1400495
2022,HR,CH,141837753.418348
2022,HR,CN,271361095.432144
2022,HR,CY,4150801.8673629
2022,HR,CZ,86052850.2211246
2022,HR,DE,968300173.430799
2022,HR,DK,37529848.1971606
2022,HR,EE,8088092.56831899
2022,HR,ES,136687740.769495
2022,HR,FI,33142147.9182809
2022,HR,FR,272372562.971049
2022,HR,GB,225598603.331243
2022,HR,GR,50852721.051923
2022,HR,HR,12619721238.2846
2022,HR,HU,837464373.313566
2022,HR,ID,24766259.9033266
2022,HR,IE,57605916.3655639
2022,HR,IN,82610403.1309841
2022,HR,IT,1237599025.97286
2022,HR,JP,98908940.0578549
2022,HR,KR,47445311.6685792
2022,HR,LT,15497009.4216286
2022,HR,LU,17288747.0146189
2022,HR,LV,7238706.9652698
2022,HR,MT,6328027.78999618
2022,HR,MX,43133292.5818805
2022,HR,NL,133608909.376401
2022,HR,NO,30403462.5706857
2022,HR,PL,150810770.505457
2022,HR,PT,27963489.946589
2022,HR,RO,146081863.483777
2022,HR,RU,141618445.501865
2022,HR,SE,91401290.0780791
2022,HR,SI,501805606.445019
2022,HR,SK,61178556.6994029
2022,HR,TR,141408225.083581
2022,HR,TW,81340264.5789525
2022,HR,US,432809067.443285
2022,HR,WA,262567700.923345
2022,HR,WE,2018649019.81087
2022,HR,WF,94763404.2502609
2022,HR,WL,69942425.5775
2022,HR,WM,311534273.795451
2022,HR,ZA,19520843.8612994
2022,HU,AT,2854483410.95982
2022,HU,AU,137993758.959461
2022,HU,BE,402735653.530195
2022,HU,BG,251496378.011294
2022,HU,BR,191434028.278165
2022,HU,CA,207429498.870814
2022,HU,CH,496815477.283207
2022,HU,CN,1060757023.44129
2022,HU,CY,34537567.2583162
2022,HU,CZ,663503116.369009
2022,HU,DE,3881774060.48864
2022,HU,DK,200387921.629085
2022,HU,EE,54726182.3775669
2022,HU,ES,571485426.41941
2022,HU,FI,149327250.243708
2022,HU,FR,1192284630.01775
2022,HU,GB,1130244180.76985
2022,HU,GR,578190398.5277
2022,HU,HR,371035211.834224
2022,HU,HU,27650446869.0979
2022,HU,ID,117066227.416334
2022,HU,IE,256526504.639
2022,HU,IN,289178756.629302
2022,HU,IT,2542252538.83791
2022,HU,JP,479034860.89792
2022,HU,KR,320104879.808418
2022,HU,LT,95530265.2591977
2022,HU,LU,83131569.8777884
2022,HU,LV,56343586.2031689
2022,HU,MT,29521641.452064
2022,HU,MX,164835078.26072
2022,HU,NL,706891653.025852
2022,HU,NO,137933515.426199
2022,HU,PL,935310904.137987
2022,HU,PT,135313634.524854
2022,HU,RO,2364045911.46178
2022,HU,RU,618305694.394733
2022,HU,SE,315088304.988176
2022,HU,SI,207335564.371468
2022,HU,SK,652620882.653707
2022,HU,TR,413847751.224729
2022,HU,TW,369950797.478074
2022,HU,US,1514022594.05614
2022,HU,WA,834043363.475471
2022,HU,WE,3919048847.66342
2022,HU,WF,302681409.328106
2022,HU,WL,273756444.214914
2022,HU,WM,1288202263.95821
2022,HU,ZA,93158839.8453176
2022,ID,AT,481992134.207628
2022,ID,AU,4133348679.64924
2022,ID,BE,1348925891.32906
2022,ID,BG,111333821.606597
2022,ID,BR,2038124626.04469
2022,ID,CA,2443525841.95409
2022,ID,CH,983137442.84954
2022,ID,CN,126421008295.684
2022,ID,CY,22061796.4219205
2022,ID,CZ,454462248.550991
2022,ID,DE,5358639247.13489
2022,ID,DK,414360955.482496
2022,ID,EE,32584315.8552781
2022,ID,ES,1762553865.10708
2022,ID,FI,312122796.941948
2022,ID,FR,2566568516.06611
2022,ID,GB,3833118783.12404
2022,ID,GR,334548176.222462
2022,ID,HR,73866956.9335715
2022,ID,HU,312462895.976068
2022,ID,ID,682391512792.172
2022,ID,IE,746176947.544828
2022,ID,IN,27463079639.9475
2022,ID,IT,2898787946.11691
2022,ID,JP,22069520097.2221
2022,ID,KR,15076869639.6915
2022,ID,LT,77663381.0448472
2022,ID,LU,172037997.856294
2022,ID,LV,24869909.8205864
2022,ID,MT,25420487.5078543
2022,ID,MX,2378694100.86126
2022,ID,NL,2185463921.93517
2022,ID,NO,352109670.526536
2022,ID,PL,1038905445.99854
2022,ID,PT,273164735.399532
2022,ID,RO,391062537.687188
2022,ID,RU,1709132930.98969
2022,ID,SE,570659978.683514
2022,ID,SI,75106179.4998155
2022,ID,SK,181828773.327542
2022,ID,TR,2708597948.63127
2022,ID,TW,1282782777.6284
2022,ID,US,35199256950.909
2022,ID,WA,79182655449.7378
2022,ID,WE,806695739.108591
2022,ID,WF,4776736937.23241
2022,ID,WL,4994976216.06887
2022,ID,WM,15288066326.2676
2022,ID,ZA,602083085.315339
2022,IE,AT,197446179.36499
2022,IE,AU,313996550.376374
2022,IE,BE,699618087.042026
2022,IE,BG,89340693.5984214
2022,IE,BR,215861055.583423
2022,IE,CA,452305899.516682
2022,IE,CH,637374381.908445
2022,IE,CN,1933579687.74299
2022,IE,CY,65377859.9398121
2022,IE,CZ,193528263.009814
2022,IE,DE,2625830739.1072
2022,IE,DK,226961791.921999
2022,IE,EE,77175831.0523242
2022,IE,ES,1862781052.1455
2022,IE,FI,170626977.629962
2022,IE,FR,2129381340.42321
2022,IE,GB,19840230039.5497
2022,IE,GR,228907742.774546
2022,IE,HR,83264451.0504183
2022,IE,HU,150983567.418719
2022,IE,ID,189552695.126279
2022,IE,IE,18456579941.6276
2022,IE,IN,448022240.013752
2022,IE,IT,2033617128.7946
2022,IE,JP,639020553.281938
2022,IE,KR,285886354.615787
2022,IE,LT,102836286.00794
2022,IE,LU,101281746.427322
2022,IE,LV,73144326.2750566
2022,IE,MT,65244789.8879214
2022,IE,MX,376558746.500938
2022,IE,NL,1024920566.67072
2022,IE,NO,241728940.735544
2022,IE,PL,310656981.903059
2022,IE,PT,308509998.047496
2022,IE,RO,148636383.141431
2022,IE,RU,372572988.104095
2022,IE,SE,433508947.08679
2022,IE,SI,77334623.40698
2022,IE,SK,105256403.045629
2022,IE,TR,726620070.985282
2022,IE,TW,323273654.430128
2022,IE,US,3668550053.42985
2022,IE,WA,1748480175.56961
2022,IE,WE,370061894.66792
2022,IE,WF,1053127245.24946
2022,IE,WL,699126143.977934
2022,IE,WM,1623475735.43106
2022,IE,ZA,163818194.123487
2022,IN,AT,2067273377.85772
2022,IN,AU,7766524317.02688
2022,IN,BE,7741817671.23056
2022,IN,BG,520991065.112984
2022,IN,BR,7866011048.39484
2022,IN,CA,7359351759.72151
2022,IN,CH,3377792960.18581
2022,IN,CN,52865186482.6245
2022,IN,CY,69585533.7476222
2022,IN,CZ,1471507264.75691
2022,IN,DE,20355668137.5194
2022,IN,DK,1711990396.22172
2022,IN,EE,204693574.833536
2022,IN,ES,7268735753.51922
2022,IN,FI,1175216970.48943
2022,IN,FR,12407915490.5825
2022,IN,GB,19911847766.7239
2022,IN,GR,1333988162.77204
2022,IN,HR,321316199.274243
2022,IN,HU,1128366637.2753
2022,IN,ID,10317862884.779
2022,IN,IE,3285381220.25714
2022,IN,IN,2945756519469.59
2022,IN,IT,11734253895.8009
2022,IN,JP,11346754346.2026
2022,IN,KR,9510525420.19215
2022,IN,LT,405721439.952626
2022,IN,LU,924949141.808023
2022,IN,LV,76655277.0411428
2022,IN,MT,67136488.6818995
2022,IN,MX,7386490387.70697
2022,IN,NL,7691815620.75021
2022,IN,NO,1134470772.58859
2022,IN,PL,4356125026.84511
2022,IN,PT,1581342356.297
2022,IN,RO,1492300413.99527
2022,IN,RU,5243546812.15139
2022,IN,SE,2274110559.34316
2022,IN,SI,348781540.468036
2022,IN,SK,725181974.210767
2022,IN,TR,9725943062.27142
2022,IN,TW,4187302825.28998
2022,IN,US,112927915789.537
2022,IN,WA,141547487914.334
2022,IN,WE,3067215047.58854
2022,IN,WF,40395919780.311
2022,IN,WL,17088466559.9298
2022,IN,WM,121850534400.723
2022,IN,ZA,3646817045.54671
2022,IT,AT,1506286642.09999
2022,IT,AU,656205421.140455
2022,IT,BE,1968881202.10889
2022,IT,BG,169827422.725098
2022,IT,BR,1004198005.48056
2022,IT,CA,1336031727.46056
2022,IT,CH,2457143861.03977
2022,IT,CN,6174925610.86674
2022,IT,CY,10866096.090076
2022,IT,CZ,731589766.683348
2022,IT,DE,12347206109.795
2022,IT,DK,549791347.158646
2022,IT,EE,19343961.5257445
2022,IT,ES,3755836516.45967
2022,IT,FI,287442938.215258
2022,IT,FR,9135922459.30515
2022,IT,GB,4902655795.55797
2022,IT,GR,707073531.861702
2022,IT,HR,70413539.3991768
2022,IT,HU,646050818.859339
2022,IT,ID,304213524.426547
2022,IT,IE,1136289157.91246
2022,IT,IN,1472020585.84733
2022,IT,IT,287225302162.503
2022,IT,JP,1655830882.91546
2022,IT,KR,1225195500.97354
2022,IT,LT,86610655.8456449
2022,IT,LU,193213206.644978
2022,IT,LV,13760010.1174497
2022,IT,MT,8164349.81619552
2022,IT,MX,911099837.569139
2022,IT,NL,1839046636.64219
2022,IT,NO,341541482.31385
2022,IT,PL,1754513749.65279
2022,IT,PT,445070674.343996
2022,IT,RO,884986544.388429
2022,IT,RU,965939544.720846
2022,IT,SE,953560869.350884
2022,IT,SI,121709284.918433
2022,IT,SK,276174600.548355
2022,IT,TR,1953376482.64971
2022,IT,TW,539706672.35902
2022,IT,US,11315280747.6239
2022,IT,WA,4506528232.47983
2022,IT,WE,1673241358.37197
2022,IT,WF,2834765356.67984
2022,IT,WL,2047204355.97669
2022,IT,WM,7122747856.62785
2022,IT,ZA,267134543.030076
2022,JP,AT,662905824.219461
2022,JP,AU,5508949151.42223
2022,JP,BE,1861737124.08346
2022,JP,BG,174288349.604898
2022,JP,BR,2560603242.09401
2022,JP,CA,4309032513.32672
2022,JP,CH,1253185825.60445
2022,JP,CN,76998834038.1161
2022,JP,CY,78436733.0784218
2022,JP,CZ,635014658.802063
2022,JP,DE,8397092893.13732
2022,JP,DK,576125243.131687
2022,JP,EE,89347740.8646066
2022,JP,ES,1968960306.10661
2022,JP,FI,515271123.425689
2022,JP,FR,4022911606.84078
2022,JP,GB,5774597285.45532
2022,JP,GR,575486611.139027
2022,JP,HR,124593252.455156
2022,JP,HU,593188437.648582
2022,JP,ID,6408634976.88477
2022,JP,IE,1779079711.81605
2022,JP,IN,10277024197.4193
2022,JP,IT,3191978922.80909
2022,JP,JP,794932520801.033
2022,JP,KR,15485216351.4578
2022,JP,LT,121943785.196271
2022,JP,LU,250987717.886835
2022,JP,LV,75010161.5794008
2022,JP,MT,58887036.2020796
2022,JP,MX,5292125481.18657
2022,JP,NL,2222882712.717
2022,JP,NO,563945898.13204
2022,JP,PL,1200964305.82172
2022,JP,PT,491733168.942852
2022,JP,RO,440667752.551408
2022,JP,RU,2558671454.30813
2022,JP,SE,850754037.632386
2022,JP,SI,111618220.762865
2022,JP,SK,239503981.911957
2022,JP,TR,2388950096.8602
2022,JP,TW,9146385906.04259
2022,JP,US,52754545291.5001
2022,JP,WA,53841413789.3348
2022,JP,WE,1087735012.8646
2022,JP,WF,4693991403.65745
2022,JP,WL,9465585639.47377
2022,JP,WM,16539074463.5263
2022,JP,ZA,783310527.639685
2022,KR,AT,860824851.41838
2022,KR,AU,4417466679.00014
2022,KR,BE,1681533974.11375
2022,KR,BG,356245062.997068
2022,KR,BR,2677478929.61902
2022,KR,CA,3371194034.26458
2022,KR,CH,1179779009.9176
2022,KR,CN,55373718155.884
2022,KR,CY,45184634.2321894
2022,KR,CZ,1107847821.23084
2022,KR,DE,6876775802.60017
2022,KR,DK,709563361.412972
2022,KR,EE,164402665.238953
2022,KR,ES,2358739723.05775
2022,KR,FI,844704997.982048
2022,KR,FR,4018351587.05752
2022,KR,GB,4394906573.83956
2022,KR,GR,1144967730.43002
2022,KR,HR,193718236.114878
2022,KR,HU,963467826.527981
2022,KR,ID,4472533442.15823
2022,KR,IE,2375592013.55003
2022,KR,IN,11324518316.7604
2022,KR,IT,3293661008.69968
2022,KR,JP,15999271862.3355
2022,KR,KR,399160897425.256
2022,KR,LT,264554342.140714
2022,KR,LU,356872694.822865
2022,KR,LV,58561787.0688218
2022,KR,MT,34352740.1499281
2022,KR,MX,4810081644.88808
2022,KR,NL,2006983214.39456
2022,KR,NO,740488751.036993
2022,KR,PL,1682039582.11277
2022,KR,PT,750136858.695033
2022,KR,RO,744405134.938505
2022,KR,RU,2591299295.6979
2022,KR,SE,1053759777.23658
2022,KR,SI,255750025.553112
2022,KR,SK,516991173.997826
2022,KR,TR,3537212687.09548
2022,KR,TW,4771069938.44889
2022,KR,US,36648302899.5774
2022,KR,WA,42426339868.43
2022,KR,WE,1411969661.43647
2022,KR,WF,4902607906.59267
2022,KR,WL,6987669402.75786
2022,KR,WM,10614166012.1853
2022,KR,ZA,864273764.194389
2022,LT,AT,263995627.690134
2022,LT,AU,83708378.6982564
2022,LT,BE,215167329.950135
2022,LT,BG,34089942.6509061
2022,LT,BR,83155224.9445522
2022,LT,CA,172021346.888926
2022,LT,CH,210778401.621802
2022,LT,CN,442532160.514504
2022,LT,CY,52816962.2996579
2022,LT,CZ,89228388.8199772
2022,LT,DE,1458756981.83746
2022,LT,DK,261270819.713141
2022,LT,EE,355960011.629017
2022,LT,ES,391362439.082486
2022,LT,FI,122600334.886992
2022,LT,FR,554973386.613876
2022,LT,GB,695239167.17497
2022,LT,GR,69863819.8579173
2022,LT,HR,157680242.58391
2022,LT,HU,64950270.2539925
2022,LT,ID,55652072.1747802
2022,LT,IE,116838903.453675
2022,LT,IN,150917787.023848
2022,LT,IT,452885196.180903
2022,LT,JP,124501621.63788
2022,LT,KR,94234068.692318
2022,LT,LT,9117359412.17894
2022,LT,LU,50115272.500067
2022,LT,LV,725528846.111098
2022,LT,MT,15465679.9425769
2022,LT,MX,82982562.5412427
2022,LT,NL,468712570.496801
2022,LT,NO,137666668.707257
2022,LT,PL,1239172036.89971
2022,LT,PT,52114643.4679798
2022,LT,RO,159125595.074558
2022,LT,RU,857420406.253974
2022,LT,SE,330818667.284448
2022,LT,SI,31622564.4650456
2022,LT,SK,51443817.390595
2022,LT,TR,104298447.243564
2022,LT,TW,117598978.626097
2022,LT,US,1110376976.63731
2022,LT,WA,595123842.730971
2022,LT,WE,802780500.361753
2022,LT,WF,895094348.243997
2022,LT,WL,185288251.531588
2022,LT,WM,564489364.45174
2022,LT,ZA,65043265.2534454
2022,LU,AT,33503484.2957347
2022,LU,AU,29541488.9893167
2022,LU,BE,119613973.883413
2022,LU,BG,13466336.8652765
2022,LU,BR,33877041.062277
2022,LU,CA,154379572.454236
2022,LU,CH,225351396.818884
2022,LU,CN,281265361.981663
2022,LU,CY,10361861.9991898
2022,LU,CZ,25258368.3691377
2022,LU,DE,544210887.562694
2022,LU,DK,31685349.3897754
2022,LU,EE,10369783.7135056
2022,LU,ES,88292192.6928476
2022,LU,FI,25297518.7501072
2022,LU,FR,441259978.465378
2022,LU,GB,303729839.663809
2022,LU,GR,21256482.0342037
2022,LU,HR,12891831.0141178
2022,LU,HU,25203587.3455602
2022,LU,ID,27671670.9554683
2022,LU,IE,86922978.9646398
2022,LU,IN,78920242.7271152
2022,LU,IT,133000544.941535
2022,LU,JP,78699701.3364547
2022,LU,KR,43346785.2420009
2022,LU,LT,13792684.1933631
2022,LU,LU,1756206223.76251
2022,LU,LV,9529526.40264629
2022,LU,MT,5670718.22451859
2022,LU,MX,53314434.8107746
2022,LU,NL,138602982.789472
2022,LU,NO,22939526.867749
2022,LU,PL,47263354.013055
2022,LU,PT,23970577.410035
2022,LU,RO,24195200.7865827
2022,LU,RU,35982094.8976747
2022,LU,SE,60340945.5560907
2022,LU,SI,11554801.9281491
2022,LU,SK,15033090.0982308
2022,LU,TR,45896871.3882487
2022,LU,TW,149058555.977758
2022,LU,US,323207697.18553
2022,LU,WA,271965040.986751
2022,LU,WE,34173704.4078386
2022,LU,WF,60333187.4591274
2022,LU,WL,78811055.941135
2022,LU,WM,169762684.228121
2022,LU,ZA,31398810.3878626
2022,LV,AT,36851069.8885157
2022,LV,AU,18940932.6880846
2022,LV,BE,70250729.0137783
2022,LV,BG,9704188.81260793
2022,LV,BR,25963180.02044
2022,LV,CA,30838856.3925936
2022,LV,CH,97966758.4598693
2022,LV,CN,159549870.883027
2022,LV,CY,1478695.79500085
2022,LV,CZ,31093701.9579543
2022,LV,DE,536227950.526538
2022,LV,DK,152090275.392166
2022,LV,EE,110423133.331411
2022,LV,ES,143924712.175809
2022,LV,FI,123543145.713159
2022,LV,FR,171336326.127063
2022,LV,GB,443681635.109366
2022,LV,GR,15716049.6833713
2022,LV,HR,7564285.62211385
2022,LV,HU,30702592.1797911
2022,LV,ID,13886417.5269719
2022,LV,IE,64379683.6499081
2022,LV,IN,43216639.0559981
2022,LV,IT,98443490.9093196
2022,LV,JP,48552956.5448299
2022,LV,KR,47247569.76212
2022,LV,LT,480448969.463244
2022,LV,LU,11921974.8176413
2022,LV,LV,7232916481.83516
2022,LV,MT,989794.302701412
2022,LV,MX,20719184.5455045
2022,LV,NL,178893711.095173
2022,LV,NO,77321517.169533
2022,LV,PL,133289274.426258
2022,LV,PT,17579373.381894
2022,LV,RO,26477889.6683127
2022,LV,RU,202718994.242502
2022,LV,SE,378748545.552514
2022,LV,SI,7007494.38169623
2022,LV,SK,13896375.9576416
2022,LV,TR,56912181.3607037
2022,LV,TW,50678300.6757615
2022,LV,US,230717791.496111
2022,LV,WA,186818695.348784
2022,LV,WE,125239981.149173
2022,LV,WF,455556518.791904
2022,LV,WL,44817155.0108684
2022,LV,WM,234455588.000197
2022,LV,ZA,23002898.3599691
2022,MT,AT,19788376.7338848
2022,MT,AU,20117097.2550126
2022,MT,BE,19661827.5156918
2022,MT,BG,26867130.4697861
2022,MT,BR,19652992.528074
2022,MT,CA,22162451.0273606
2022,MT,CH,24235500.4421181
2022,MT,CN,75577402.754645
2022,MT,CY,15654737.2899705
2022,MT,CZ,18693054.333394
2022,MT,DE,99124770.5448788
2022,MT,DK,14270676.7947598
2022,MT,EE,12173992.5656899
2022,MT,ES,42499041.7882688
2022,MT,FI,18886586.7033021
2022,MT,FR,151303046.866528
2022,MT,GB,98107162.4019983
2022,MT,GR,24537832.415271
2022,MT,HR,12158101.7432245
2022,MT,HU,13629280.5639774
2022,MT,ID,15065799.2478232
2022,MT,IE,28158416.9143093
2022,MT,IN,30315131.870475
2022,MT,IT,736010570.646082
2022,MT,JP,57662708.1153287
2022,MT,KR,18291725.6841788
2022,MT,LT,11300969.8699417
2022,MT,LU,8218716.98661403
2022,MT,LV,11154362.9756689
2022,MT,MT,719166632.635515
2022,MT,MX,21831539.4825581
2022,MT,NL,23972763.9438398
2022,MT,NO,16827311.6814099
2022,MT,PL,23748354.0330489
2022,MT,PT,16350260.756495
2022,MT,RO,22430811.8136016
2022,MT,RU,21618656.7699489
2022,MT,SE,21992315.882206
2022,MT,SI,11310018.0433515
2022,MT,SK,12390291.7800175
2022,MT,TR,24889655.3285015
2022,MT,TW,38885758.0085322
2022,MT,US,87466156.8745546
2022,MT,WA,45055437.526379
2022,MT,WE,24818859.9914222
2022,MT,WF,30621436.1101746
2022,MT,WL,27735453.5022259
2022,MT,WM,44113255.2431205
2022,MT,ZA,15191037.7572773
2022,MX,AT,268141698.694402
2022,MX,AU,678365584.56415
2022,MX,BE,929367276.720455
2022,MX,BG,62867790.2612463
2022,MX,BR,4037571193.54404
2022,MX,CA,4887241990.7529
2022,MX,CH,357764800.074058
2022,MX,CN,16310033610.9195
2022,MX,CY,13238060.610563
2022,MX,CZ,193745167.355546
2022,MX,DE,2601003697.32466
2022,MX,DK,196445342.437744
2022,MX,EE,33857087.6159733
2022,MX,ES,1339013610.05524
2022,MX,FI,139351821.179352
2022,MX,FR,1604969433.96269
2022,MX,GB,1604779990.307
2022,MX,GR,155694725.568633
2022,MX,HR,50024147.9779691
2022,MX,HU,157209479.352183
2022,MX,ID,484473946.909187
2022,MX,IE,647673208.119807
2022,MX,IN,5930372598.25622
2022,MX,IT,1029231661.59991
2022,MX,JP,4141940662.77338
2022,MX,KR,4036682354.92128
2022,MX,LT,53732715.2786974
2022,MX,LU,143199991.252155
2022,MX,LV,22850945.5121753
2022,MX,MT,19022302.5509755
2022,MX,MX,296867257624.336
2022,MX,NL,1780071540.95918
2022,MX,NO,178330401.855342
2022,MX,PL,392965626.529298
2022,MX,PT,188681082.730976
2022,MX,RO,141643653.870053
2022,MX,RU,502036709.907746
2022,MX,SE,252747118.029087
2022,MX,SI,48770166.857468
2022,MX,SK,96162054.6330463
2022,MX,TR,756761093.933428
2022,MX,TW,478837705.101237
2022,MX,US,157442418454.251
2022,MX,WA,7499932037.67084
2022,MX,WE,320187559.186518
2022,MX,WF,1068013074.78792
2022,MX,WL,17174887012.2159
2022,MX,WM,3016388517.41637
2022,MX,ZA,199570916.458871
2022,NL,AT,971884048.978841
2022,NL,AU,917621349.50806
2022,NL,BE,9381901984.45249
2022,NL,BG,181820351.282012
2022,NL,BR,775616425.471564
2022,NL,CA,1003704292.68242
2022,NL,CH,1533407618.86838
2022,NL,CN,5303373818.78696
2022,NL,CY,61966947.0097191
2022,NL,CZ,606293290.649175
2022,NL,DE,18669585888.4025
2022,NL,DK,1384976645.80668
2022,NL,EE,108171740.424287
2022,NL,ES,2491397136.74078
2022,NL,FI,764214839.947872
2022,NL,FR,6790370150.50832
2022,NL,GB,9325604115.17698
2022,NL,GR,673431732.63495
2022,NL,HR,155228236.575094
2022,NL,HU,555371937.454405
2022,NL,ID,465535597.091808
2022,NL,IE,1849202824.01886
2022,NL,IN,1496044302.04262
2022,NL,IT,3247138790.87068
2022,NL,JP,1669547155.52789
2022,NL,KR,1119942013.37553
2022,NL,LT,205594197.578905
2022,NL,LU,1238421772.69907
2022,NL,LV,73783914.3871451
2022,NL,MT,39157984.9003094
2022,NL,MX,728813924.197739
2022,NL,NL,65144048193.0813
2022,NL,NO,775316609.09155
2022,NL,PL,1707257037.64704
2022,NL,PT,461554516.947464
2022,NL,RO,493642087.822069
2022,NL,RU,861624754.890137
2022,NL,SE,1428841457.46983
2022,NL,SI,133756727.324038
2022,NL,SK,262196974.541959
2022,NL,TR,1074569767.25839
2022,NL,TW,701931835.570253
2022,NL,US,6715312530.89686
2022,NL,WA,4000812213.09512
2022,NL,WE,730911307.64803
2022,NL,WF,1990402918.24441
2022,NL,WL,2003434450.22412
2022,NL,WM,4797383955.81103
2022,NL,ZA,366943636.440337
2022,NO,AT,139848960.43248
2022,NO,AU,141242666.161958
2022,NO,BE,1491913111.99178
2022,NO,BG,24926704.2163131
2022,NO,BR,178874029.843109
2022,NO,CA,243439945.129856
2022,NO,CH,188432403.568515
2022,NO,CN,2056358701.84745
2022,NO,CY,10719618.9642709
2022,NO,CZ,114130259.835049
2022,NO,DE,7310673888.36035
2022,NO,DK,981331411.02731
2022,NO,EE,30069176.1155704
2022,NO,ES,519411307.540159
2022,NO,FI,364715110.825401
2022,NO,FR,2571162985.39829
2022,NO,GB,5744675139.32915
2022,NO,GR,93951713.0686046
2022,NO,HR,20697986.2279547
2022,NO,HU,66330358.4004559
2022,NO,ID,97525550.407184
2022,NO,IE,300566413.14244
2022,NO,IN,463821244.718579
2022,NO,IT,905797428.732982
2022,NO,JP,348001110.087324
2022,NO,KR,348561177.712939
2022,NO,LT,83266184.8392328
2022,NO,LU,46278590.1046605
2022,NO,LV,19958783.6172046
2022,NO,MT,7015803.82527918
2022,NO,MX,149562625.45977
2022,NO,NL,1025256052.40175
2022,NO,NO,31217671452.8275
2022,NO,PL,488416669.763249
2022,NO,PT,85793844.7821138
2022,NO,RO,64909548.0725895
2022,NO,RU,268279441.952417
2022,NO,SE,1928059773.53336
2022,NO,SI,19015766.4270891
2022,NO,SK,39352885.5722778
2022,NO,TR,331842776.222381
2022,NO,TW,164198160.991945
2022,NO,US,3532913136.17447
2022,NO,WA,870619895.064459
2022,NO,WE,296212613.935304
2022,NO,WF,489695581.406369
2022,NO,WL,343395120.475067
2022,NO,WM,609095157.097386
2022,NO,ZA,57580998.4036122
2022,PL,AT,2874704187.76244
2022,PL,AU,617720292.719112
2022,PL,BE,2888474259.35798
2022,PL,BG,387405394.305141
2022,PL,BR,729133961.869825
2022,PL,CA,1059759464.41743
2022,PL,CH,1988191177.74648
2022,PL,CN,5636328826.49905
2022,PL,CY,20901407.6330972
2022,PL,CZ,5137189300.70761
2022,PL,DE,38402233404.7863
2022,PL,DK,1822356617.19596
2022,PL,EE,321083054.096019
2022,PL,ES,3889642760.08038
2022,PL,FI,893530262.986144
2022,PL,FR,8896274536.1527
2022,PL,GB,9146021343.47812
2022,PL,GR,631928214.3165
2022,PL,HR,254149389.993048
2022,PL,HU,2374830734.06288
2022,PL,ID,334982097.072026
2022,PL,IE,1778723764.46384
2022,PL,IN,1828150160.91504
2022,PL,IT,6322764678.66744
2022,PL,JP,1221397843.38312
2022,PL,KR,944765598.038973
2022,PL,LT,3012976286.43948
2022,PL,LU,440032513.309562
2022,PL,LV,294153846.437828
2022,PL,MT,13891997.797738
2022,PL,MX,810256494.602782
2022,PL,NL,5456389448.40272
2022,PL,NO,1066175233.50388
2022,PL,PL,212639204494.409
2022,PL,PT,600244163.29766
2022,PL,RO,2228861461.5061
2022,PL,RU,3092679950.74972
2022,PL,SE,3270899272.68952
2022,PL,SI,239748543.959577
2022,PL,SK,5775281414.13681
2022,PL,TR,2002476445.77945
2022,PL,TW,572250886.639904
2022,PL,US,7540281184.42026
2022,PL,WA,4970584526.18033
2022,PL,WE,5082067080.45139
2022,PL,WF,3021178914.89496
2022,PL,WL,1727401695.59923
2022,PL,WM,6460448469.55787
2022,PL,ZA,404927918.858105
2022,PT,AT,124597719.761458
2022,PT,AU,120138791.380325
2022,PT,BE,387187278.179484
2022,PT,BG,25662236.8533976
2022,PT,BR,458028487.678702
2022,PT,CA,218053064.033077
2022,PT,CH,320065223.577975
2022,PT,CN,804265986.003473
2022,PT,CY,2615647.34357428
2022,PT,CZ,92751196.7430271
2022,PT,DE,1615088812.11492
2022,PT,DK,117569078.620566
2022,PT,EE,6951899.12629781
2022,PT,ES,4678352685.68658
2022,PT,FI,76692654.2174947
2022,PT,FR,2334501763.56484
2022,PT,GB,1448772421.59183
2022,PT,GR,73789536.5153583
2022,PT,HR,12338433.3228651
2022,PT,HU,73833560.3898854
2022,PT,ID,71896025.9404823
2022,PT,IE,345119909.735177
2022,PT,IN,249218519.016905
2022,PT,IT,738740469.268023
2022,PT,JP,200982699.877543
2022,PT,KR,166522904.549183
2022,PT,LT,21127922.3179345
2022,PT,LU,40950594.8282666
2022,PT,LV,3341961.04078425
2022,PT,MT,2231367.59343242
2022,PT,MX,189614339.986687
2022,PT,NL,588981352.014206
2022,PT,NO,81747496.2905397
2022,PT,PL,218111605.602923
2022,PT,PT,31183284125.1676
2022,PT,RO,88470626.9033712
2022,PT,RU,118496460.371098
2022,PT,SE,202471349.859199
2022,PT,SI,14410860.8912329
2022,PT,SK,52682527.2582581
2022,PT,TR,241314743.315031
2022,PT,TW,267206791.984644
2022,PT,US,1968681873.43022
2022,PT,WA,528503848.191863
2022,PT,WE,278834304.812362
2022,PT,WF,1146516086.1484
2022,PT,WL,411497383.110844
2022,PT,WM,1644330434.08198
2022,PT,ZA,70714554.1056498
2022,RO,AT,442948896.948441
2022,RO,AU,88383598.1858238
2022,RO,BE,384343186.79395
2022,RO,BG,520157074.857132
2022,RO,BR,180099622.297258
2022,RO,CA,261466984.981647
2022,RO,CH,307086660.500416
2022,RO,CN,1114987790.25967
2022,RO,CY,5441103.75787584
2022,RO,CZ,257817753.046489
2022,RO,DE,3201247286.88813
2022,RO,DK,145650910.96071
2022,RO,EE,13044174.057305
2022,RO,ES,759491484.774749
2022,RO,FI,87969500.6314703
2022,RO,FR,1488536598.56133
2022,RO,GB,944598601.628621
2022,RO,GR,252800577.455216
2022,RO,HR,126241989.048939
2022,RO,HU,1554365827.41567
2022,RO,ID,64527262.4691147
2022,RO,IE,138631670.861812
2022,RO,IN,354268017.231977
2022,RO,IT,1660534446.85725
2022,RO,JP,291505800.524174
2022,RO,KR,299107009.031937
2022,RO,LT,32883769.1101608
2022,RO,LU,61490451.316696
2022,RO,LV,8818839.99224592
2022,RO,MT,3656698.40140344
2022,RO,MX,134696381.492427
2022,RO,NL,669649043.303871
2022,RO,NO,184661682.532367
2022,RO,PL,605797240.406562
2022,RO,PT,140223467.470821
2022,RO,RO,69006214823.9985
2022,RO,RU,363166380.376531
2022,RO,SE,222743982.383541
2022,RO,SI,43465887.4734065
2022,RO,SK,179332892.729828
2022,RO,TR,1064128821.35705
2022,RO,TW,105646602.911178
2022,RO,US,1454437330.59183
2022,RO,WA,892095888.335105
2022,RO,WE,1996165696.29768
2022,RO,WF,660816328.860283
2022,RO,WL,248424671.989633
2022,RO,WM,4449465099.23602
2022,RO,ZA,61406331.2309153
2022,RU,AT,2748800400.44699
2022,RU,AU,4221693074.38759
2022,RU,BE,8137690586.19728
2022,RU,BG,2094937370.35272
2022,RU,BR,11873220864.2927
2022,RU,CA,4767922017.78757
2022,RU,CH,4121870891.29034
2022,RU,CN,151450160917.856
2022,RU,CY,92813912.0979731
2022,RU,CZ,14291963763.9741
2022,RU,DE,24978521075.0115
2022,RU,DK,2363911338.91205
2022,RU,EE,195654288.430151
2022,RU,ES,6460130327.70063
2022,RU,FI,8060718202.40008
2022,RU,FR,13164768645.446
2022,RU,GB,13685900860.0215
2022,RU,GR,5269795968.6377
2022,RU,HR,411193236.595587
2022,RU,HU,8503038999.07102
2022,RU,ID,5250566865.29379
2022,RU,IE,4251825983.62238
2022,RU,IN,19413298805.2097
2022,RU,IT,62870120398.8867
2022,RU,JP,20212366978.9764
2022,RU,KR,21875049539.6595
2022,RU,LT,1460942875.34608
2022,RU,LU,785956200.671664
2022,RU,LV,165092139.530196
2022,RU,MT,76589090.575893
2022,RU,MX,9030018665.93289
2022,RU,NL,12389324799.5851
2022,RU,NO,1427128032.08036
2022,RU,PL,9852202500.50294
2022,RU,PT,1296374852.63168
2022,RU,RO,4535957079.08856
2022,RU,RU,1295720080952.56
2022,RU,SE,3385109728.06994
2022,RU,SI,452503453.279031
2022,RU,SK,9950586051.00535
2022,RU,TR,28860560021.9077
2022,RU,TW,4284834611.84004
2022,RU,US,54760287353.063
2022,RU,WA,88115239317.534
2022,RU,WE,36891954810.1501
2022,RU,WF,17361709768.4703
2022,RU,WL,15289217414.2509
2022,RU,WM,44442146731.0401
2022,RU,ZA,1223458939.67296
2022,SE,AT,180140971.271991
2022,SE,AU,154466520.536338
2022,SE,BE,471730182.606374
2022,SE,BG,30676385.3840861
2022,SE,BR,207918136.843353
2022,SE,CA,247362891.702344
2022,SE,CH,322035707.606565
2022,SE,CN,1540974398.67234
2022,SE,CY,3781989.91031454
2022,SE,CZ,133506429.685124
2022,SE,DE,2050882252.28136
2022,SE,DK,1018214248.44149
2022,SE,EE,33340746.0495253
2022,SE,ES,575208034.204878
2022,SE,FI,824156634.201427
2022,SE,FR,1014579816.64011
2022,SE,GB,1456341731.0744
2022,SE,GR,79502213.4313094
2022,SE,HR,19814082.565928
2022,SE,HU,104094744.406982
2022,SE,ID,109135116.922317
2022,SE,IE,285484909.61861
2022,SE,IN,390572132.329909
2022,SE,IT,552109286.216481
2022,SE,JP,341939256.25901
2022,SE,KR,220213117.163098
2022,SE,LT,60257908.2465011
2022,SE,LU,71412106.6506135
2022,SE,LV,10372650.8685683
2022,SE,MT,2966501.65484157
2022,SE,MX,182344111.331965
2022,SE,NL,761762832.0061
2022,SE,NO,1139160583.26003
2022,SE,PL,536724548.248632
2022,SE,PT,104115177.532063
2022,SE,RO,96890132.2832941
2022,SE,RU,229584779.666457
2022,SE,SE,26637652843.3924
2022,SE,SI,23826259.2735657
2022,SE,SK,61170063.6615357
2022,SE,TR,278537285.557595
2022,SE,TW,278816788.150809
2022,SE,US,2137456184.84255
2022,SE,WA,730539492.667407
2022,SE,WE,232581645.265515
2022,SE,WF,359766786.911455
2022,SE,WL,513205842.588279
2022,SE,WM,1083854899.0812
2022,SE,ZA,78702058.6770599
2022,SI,AT,651835097.20114
2022,SI,AU,22693185.0908885
2022,SI,BE,68253292.5252006
2022,SI,BG,20854347.9891525
2022,SI,BR,30364959.7157489
2022,SI,CA,40717067.4139567
2022,SI,CH,129014102.206447
2022,SI,CN,219757934.022029
2022,SI,CY,2632713.40076492
2022,SI,CZ,65442314.2370113
2022,SI,DE,788743802.941712
2022,SI,DK,33188757.455639
2022,SI,EE,3744145.74644492
2022,SI,ES,106404985.656079
2022,SI,FI,17391427.7109301
2022,SI,FR,272238564.011884
2022,SI,GB,164676249.406539
2022,SI,GR,305124322.947744
2022,SI,HR,166367778.281189
2022,SI,HU,133522589.237999
2022,SI,ID,14882562.9595975
2022,SI,IE,36859689.5266674
2022,SI,IN,74922784.0269645
2022,SI,IT,2588043043.2853
2022,SI,JP,46380438.1620149
2022,SI,KR,40546356.3734657
2022,SI,LT,8440622.68096566
2022,SI,LU,11218518.4888013
2022,SI,LV,2998208.34057048
2022,SI,MT,2308740.76348772
2022,SI,MX,32883367.541307
2022,SI,NL,114895804.496189
2022,SI,NO,18262152.265631
2022,SI,PL,100937406.170448
2022,SI,PT,20837791.9391194
2022,SI,RO,59464926.1031456
2022,SI,RU,85170293.7329943
2022,SI,SE,51633529.5159171
2022,SI,SI,6776062720.52685
2022,SI,SK,38482651.7564984
2022,SI,TR,75201693.2299209
2022,SI,TW,32363204.7344985
2022,SI,US,295142121.777577
2022,SI,WA,201894533.962313
2022,SI,WE,541953827.762544
2022,SI,WF,80012672.5579163
2022,SI,WL,55919270.4889327
2022,SI,WM,239463465.584291
2022,SI,ZA,12594543.0447257
2022,SK,AT,889256442.052175
2022,SK,AU,58871413.6614762
2022,SK,BE,222092102.903481
2022,SK,BG,37610019.3768709
2022,SK,BR,70147989.2550367
2022,SK,CA,98838228.843013
2022,SK,CH,187664523.443279
2022,SK,CN,784464281.263115
2022,SK,CY,2799622.80746219
2022,SK,CZ,1018476385.53082
2022,SK,DE,3035572557.90883
2022,SK,DK,96069957.1126687
2022,SK,EE,7503718.52284244
2022,SK,ES,317817286.356636
2022,SK,FI,51178343.5528668
2022,SK,FR,940795671.305586
2022,SK,GB,585786691.838601
2022,SK,GR,49220573.9145
2022,SK,HR,55103021.1255313
2022,SK,HU,1806169322.09385
2022,SK,ID,27872095.0468884
2022,SK,IE,97719436.3272632
2022,SK,IN,105746165.538576
2022,SK,IT,712202598.009026
2022,SK,JP,115671425.283398
2022,SK,KR,108086362.021836
2022,SK,LT,28628274.2976386
2022,SK,LU,31210039.4021381
2022,SK,LV,4934750.64869523
2022,SK,MT,2000775.57101121
2022,SK,MX,88747479.367129
2022,SK,NL,285898165.191966
2022,SK,NO,50160387.1252033
2022,SK,PL,1058061616.46491
2022,SK,PT,41452349.0626897
2022,SK,RO,261015054.390036
2022,SK,RU,259843255.693295
2022,SK,SE,172057781.138357
2022,SK,SI,32489701.9643779
2022,SK,SK,18464938973.9421
2022,SK,TR,304951087.080552
2022,SK,TW,58141955.5172093
2022,SK,US,874155835.999925
2022,SK,WA,323134127.979841
2022,SK,WE,1008891507.02162
2022,SK,WF,142075145.183299
2022,SK,WL,139111784.614034
2022,SK,WM,496319021.921637
2022,SK,ZA,29336878.0206861
2022,TR,AT,740816657.43522
2022,TR,AU,843368376.006036
2022,TR,BE,1705768089.4843
2022,TR,BG,1196737065.8505
2022,TR,BR,1590444709.73295
2022,TR,CA,1716856715.84531
2022,TR,CH,897480878.632777
2022,TR,CN,7357001644.05559
2022,TR,CY,22471266.796375
2022,TR,CZ,896403057.737918
2022,TR,DE,8881983523.34072
2022,TR,DK,678395690.112367
2022,TR,EE,35777610.8366102
2022,TR,ES,3212020929.36367
2022,TR,FI,303439508.106411
2022,TR,FR,4338997072.6861
2022,TR,GB,6231989362.53732
2022,TR,GR,1390405445.73994
2022,TR,HR,83304181.6597717
2022,TR,HU,451042085.576166
2022,TR,ID,619211073.046635
2022,TR,IE,1091400124.65709
2022,TR,IN,3489165173.59743
2022,TR,IT,5243930235.47469
2022,TR,JP,1635569389.77937
2022,TR,KR,1221523004.85081
2022,TR,LT,120059489.854477
2022,TR,LU,170575149.422507
2022,TR,LV,19070814.8087435
2022,TR,MT,13685357.2391149
2022,TR,MX,893717602.651117
2022,TR,NL,2170322261.54646
2022,TR,NO,337063102.921442
2022,TR,PL,1373326563.07521
2022,TR,PT,449632123.126223
2022,TR,RO,1535848447.64488
2022,TR,RU,2882938811.21573
2022,TR,SE,786076582.163163
2022,TR,SI,131319738.421048
2022,TR,SK,236996295.03206
2022,TR,TR,373504012661.838
2022,TR,TW,1121979244.53047
2022,TR,US,18077632530.134
2022,TR,WA,9244266243.30571
2022,TR,WE,3525144318.98036
2022,TR,WF,12887815960.0338
2022,TR,WL,6570549246.83237
2022,TR,WM,35719271341.3476
2022,TR,ZA,444847615.716084
2022,TW,AT,1197758101.164
2022,TW,AU,1256199713.06437
2022,TW,BE,1116000780.73963
2022,TW,BG,830417817.557558
2022,TW,BR,1301526365.61473
2022,TW,CA,1353538827.88896
2022,TW,CH,1235662696.93131
2022,TW,CN,4086095572.83717
2022,TW,CY,804597941.710775
2022,TW,CZ,3218395746.43259
2022,TW,DE,9936564123.76675
2022,TW,DK,1421103039.60965
2022,TW,EE,812241655.18744
2022,TW,ES,1422681670.85582
2022,TW,FI,1558518735.8583
2022,TW,FR,8617385172.04699
2022,TW,GB,3765875701.07475
2022,TW,GR,1143330071.89961
2022,TW,HR,882163995.132708
2022,TW,HU,927875258.723354
2022,TW,ID,1145500268.82975
2022,TW,IE,1109110445.5801
2022,TW,IN,1788851902.97228
2022,TW,IT,2820367180.94628
2022,TW,JP,8705573417.19549
2022,TW,KR,1316273848.93812
2022,TW,LT,766491294.220137
2022,TW,LU,745797583.202789
2022,TW,LV,785900130.066554
2022,TW,MT,621684464.7996
2022,TW,MX,1362637426.66045
2022,TW,NL,1222104292.60406
2022,TW,NO,1062206149.43104
2022,TW,PL,1292404198.74904
2022,TW,PT,902213901.141975
2022,TW,RO,1043137794.59629
2022,TW,RU,2487411125.86228
2022,TW,SE,1326696585.03595
2022,TW,SI,753455168.856271
2022,TW,SK,841286235.926226
2022,TW,TR,1264144485.74076
2022,TW,TW,208522664634.923
2022,TW,US,12672700573.3783
2022,TW,WA,12931415741.9009
2022,TW,WE,1239984658.35608
2022,TW,WF,1462758923.43512
2022,TW,WL,1446332399.40129
2022,TW,WM,1991132803.99235
2022,TW,ZA,959397114.861284
2022,US,AT,2565752945.33071
2022,US,AU,6657242977.52595
2022,US,BE,8196137045.91835
2022,US,BG,823687061.498642
2022,US,BR,26349650206.5947
2022,US,CA,86764910419.4648
2022,US,CH,4671711656.63244
2022,US,CN,149592282556.915
2022,US,CY,220676621.094977
2022,US,CZ,2030547652.33466
2022,US,DE,25605780683.5488
2022,US,DK,2338024806.69851
2022,US,EE,428357991.365276
2022,US,ES,7869950225.13148
2022,US,FI,1824426102.23663
2022,US,FR,13306979495.756
2022,US,GB,20550911847.1697
2022,US,GR,1722359750.94641
2022,US,HR,617090385.753214
2022,US,HU,1705476426.56397
2022,US,ID,6620932262.97543
2022,US,IE,10566174017.1039
2022,US,IN,22313759256.1271
2022,US,IT,8335538642.92269
2022,US,JP,59139603935.5367
2022,US,KR,36171966639.0655
2022,US,LT,766350568.476914
2022,US,LU,938729224.004033
2022,US,LV,235294683.710231
2022,US,MT,180451219.133129
2022,US,MX,128534041404.553
2022,US,NL,11381064313.8554
2022,US,NO,2181460008.5424
2022,US,PL,3874135668.40149
2022,US,PT,1754012218.8029
2022,US,RO,1614192262.65023
2022,US,RU,4413559189.91421
2022,US,SE,3319704038.73897
2022,US,SI,590786563.30402
2022,US,SK,1122750969.36134
2022,US,TR,8495047626.77525
2022,US,TW,40393246112.1277
2022,US,US,4915488998673.09
2022,US,WA,63359252510.9007
2022,US,WE,4724669994.92285
2022,US,WF,15557048754.4316
2022,US,WL,106707686696.393
2022,US,WM,38158670732.8665
2022,US,ZA,2152606419.49416
2022,WA,AT,5208815038.9443
2022,WA,AU,48385996887.5908
2022,WA,BE,8504180354.03017
2022,WA,BG,1443354385.9254
2022,WA,BR,10137378787.4343
2022,WA,CA,15439226271.7347
2022,WA,CH,9408317101.02451
2022,WA,CN,413985099883.412
2022,WA,CY,589336136.659015
2022,WA,CZ,4506951252.80268
2022,WA,DE,42625545543.6431
2022,WA,DK,4421054008.51344
2022,WA,EE,565780788.226764
2022,WA,ES,11849511465.0611
2022,WA,FI,2314966562.8717
2022,WA,FR,23417447043.5068
2022,WA,GB,32703561259.9253
2022,WA,GR,4199044550.71597
2022,WA,HR,1661723761.04109
2022,WA,HU,2403678356.27838
2022,WA,ID,40893977597.1018
2022,WA,IE,4712344639.95106
2022,WA,IN,72953621545.0245
2022,WA,IT,49009152037.9027
2022,WA,JP,80594063600.8682
2022,WA,KR,41291367117.3294
2022,WA,LT,787947943.817175
2022,WA,LU,1533817779.90834
2022,WA,LV,594941056.053079
2022,WA,MT,636350757.617973
2022,WA,MX,10151138780.7874
2022,WA,NL,20961911628.303
2022,WA,NO,2615481644.89069
2022,WA,PL,6394804809.13069
2022,WA,PT,2007446181.38496
2022,WA,RO,3957192731.78855
2022,WA,RU,21742561552.1033
2022,WA,SE,4516974641.79434
2022,WA,SI,714886712.371951
2022,WA,SK,1238638619.74863
2022,WA,TR,26674153326.7003
2022,WA,TW,11628185336.8645
2022,WA,US,249738173192.96
2022,WA,WA,2013011244751.85
2022,WA,WE,9009372535.24326
2022,WA,WF,29423238682.0941
2022,WA,WL,25679120765.2808
2022,WA,WM,81410722453.3909
2022,WA,ZA,5214330487.92945
2022,WE,AT,1775793523.65952
2022,WE,AU,687503633.320644
2022,WE,BE,1543385850.14491
2022,WE,BG,915409197.883903
2022,WE,BR,1684977513.19053
2022,WE,CA,1126558914.27403
2022,WE,CH,2606809133.91442
2022,WE,CN,15133973529.8552
2022,WE,CY,55100442.7143901
2022,WE,CZ,2658939593.76143
2022,WE,DE,12318976027.6447
2022,WE,DK,801602885.728835
2022,WE,EE,215559382.441142
2022,WE,ES,2719907015.65767
2022,WE,FI,440630805.521407
2022,WE,FR,3902904524.04538
2022,WE,GB,4089124782.64818
2022,WE,GR,2564078970.46694
2022,WE,HR,2640315302.80234
2022,WE,HU,2953096143.67211
2022,WE,ID,930402709.232072
2022,WE,IE,1006248504.89578
2022,WE,IN,3250880918.39186
2022,WE,IT,12375896951.8795
2022,WE,JP,1774166996.74344
2022,WE,KR,1529450805.44386
2022,WE,LT,609581070.158465
2022,WE,LU,291280717.920092
2022,WE,LV,219920396.675282
2022,WE,MT,63461520.4416503
2022,WE,MX,1012250623.50771
2022,WE,NL,2435521914.96773
2022,WE,NO,596106221.199558
2022,WE,PL,5604466355.11752
2022,WE,PT,442435986.162995
2022,WE,RO,3391319768.89723
2022,WE,RU,22252634285.7852
2022,WE,SE,998476956.009109
2022,WE,SI,856852567.656847
2022,WE,SK,1077024684.49317
2022,WE,TR,5245679537.24841
2022,WE,TW,1446178794.96076
2022,WE,US,9456504228.87584
2022,WE,WA,13478610110.3877
2022,WE,WE,190421909881.479
2022,WE,WF,4210331722.48917
2022,WE,WL,3802380587.64256
2022,WE,WM,15833505086.1187
2022,WE,ZA,338175179.911264
2022,WF,AT,1478114069.58016
2022,WF,AU,2945785660.59623
2022,WF,BE,4768142810.83423
2022,WF,BG,400390237.172065
2022,WF,BR,7746303277.69511
2022,WF,CA,3022047978.48811
2022,WF,CH,2337929360.29039
2022,WF,CN,73022932106.0457
2022,WF,CY,38715717.0809996
2022,WF,CZ,1025264981.10926
2022,WF,DE,12385001951.2809
2022,WF,DK,1026977668.9895
2022,WF,EE,205666344.128325
2022,WF,ES,18933663497.7936
2022,WF,FI,634522252.003423
2022,WF,FR,23838986750.5067
2022,WF,GB,9642928170.55639
2022,WF,GR,1109366932.17297
2022,WF,HR,280708452.739072
2022,WF,HU,696624601.724641
2022,WF,ID,4639864100.00363
2022,WF,IE,1944998960.23764
2022,WF,IN,43195501642.0003
2022,WF,IT,23717878034.619
2022,WF,JP,6862658491.28699
2022,WF,KR,14287756139.4093
2022,WF,LT,274034977.644009
2022,WF,LU,526463819.508656
2022,WF,LV,93410699.3744848
2022,WF,MT,47110113.8938759
2022,WF,MX,2733684331.34304
2022,WF,NL,6513919735.15627
2022,WF,NO,1090332120.63659
2022,WF,PL,2741206264.20589
2022,WF,PT,1681060578.9885
2022,WF,RO,994276948.50641
2022,WF,RU,2066260824.53173
2022,WF,SE,1367433574.28865
2022,WF,SI,275350074.781176
2022,WF,SK,574256462.557512
2022,WF,TR,5771265360.88769
2022,WF,TW,2367702758.07097
2022,WF,US,32579052488.3508
2022,WF,WA,25825490714.3822
2022,WF,WE,2218196412.91661
2022,WF,WF,1891429344765.45
2022,WF,WL,6747190088.94807
2022,WF,WM,28738292930.3275
2022,WF,ZA,7082632694.37352
2022,WL,AT,1106954393.85543
2022,WL,AU,1667741191.20279
2022,WL,BE,2563112860.90442
2022,WL,BG,160710707.052703
2022,WL,BR,64756905059.3554
2022,WL,CA,5056675226.8677
2022,WL,CH,1425070984.22541
2022,WL,CN,112526063916.511
2022,WL,CY,42489304.4527404
2022,WL,CZ,555488321.895132
2022,WL,DE,11338314928.6519
2022,WL,DK,900586161.529226
2022,WL,EE,77343716.7159355
2022,WL,ES,5415126451.64172
2022,WL,FI,420983258.653936
2022,WL,FR,5142300465.76764
2022,WL,GB,6666075469.69276
2022,WL,GR,500393654.943988
2022,WL,HR,115097318.348618
2022,WL,HU,309418316.159323
2022,WL,ID,1841345973.37724
2022,WL,IE,1971775037.13104
2022,WL,IN,8563046494.20517
2022,WL,IT,4918303071.74426
2022,WL,JP,8403265526.56203
2022,WL,KR,7153487568.44438
2022,WL,LT,118305790.432804
2022,WL,LU,414241200.691481
2022,WL,LV,49398131.2814002
2022,WL,MT,44949572.6391649
2022,WL,MX,9611447400.91707
2022,WL,NL,11600686877.5577
2022,WL,NO,796295307.604569
2022,WL,PL,1325331286.79007
2022,WL,PT,1258995341.29222
2022,WL,RO,360399941.904249
2022,WL,RU,8294362063.82857
2022,WL,SE,813023924.10717
2022,WL,SI,145864784.566558
2022,WL,SK,237799129.817293
2022,WL,TR,8645856259.55882
2022,WL,TW,1332835480.63462
2022,WL,US,84525705933.2765
2022,WL,WA,18637055734.8007
2022,WL,WE,1136587923.75553
2022,WL,WF,9763586358.82638
2022,WL,WL,845959983350.532
2022,WL,WM,33192490407.6528
2022,WL,ZA,849489875.959045
2022,WM,AT,2640425953.51656
2022,WM,AU,19437132391.9712
2022,WM,BE,11591008558.0258
2022,WM,BG,830347529.410709
2022,WM,BR,22855634346.477
2022,WM,CA,9418290280.93842
2022,WM,CH,22091207747.3455
2022,WM,CN,286756150789.14
2022,WM,CY,682907031.103809
2022,WM,CZ,1781935111.82212
2022,WM,DE,26391418392.4744
2022,WM,DK,2490304410.24804
2022,WM,EE,292026733.10298
2022,WM,ES,12197717483.6019
2022,WM,FI,1160468668.18779
2022,WM,FR,28180123156.7086
2022,WM,GB,38275463813.9514
2022,WM,GR,4301963286.52188
2022,WM,HR,442633213.173414
2022,WM,HU,1233361704.77091
2022,WM,ID,22323215174.2987
2022,WM,IE,3728645461.92956
2022,WM,IN,175567449646.456
2022,WM,IT,25328703192.9146
2022,WM,JP,84806378508.7308
2022,WM,KR,55698829596.6288
2022,WM,LT,415956936.085183
2022,WM,LU,2158040917.99424
2022,WM,LV,236025066.844258
2022,WM,MT,180289935.27451
2022,WM,MX,7106992643.43509
2022,WM,NL,13604939948.1522
2022,WM,NO,1350317721.30868
2022,WM,PL,5485668444.47512
2022,WM,PT,1529723440.17117
2022,WM,RO,1991648369.28784
2022,WM,RU,11147289431.3105
2022,WM,SE,2410306238.65375
2022,WM,SI,595701806.031259
2022,WM,SK,683245019.894819
2022,WM,TR,23270159025.0448
2022,WM,TW,3418368604.95763
2022,WM,US,207335643343.903
2022,WM,WA,201659706463.628
2022,WM,WE,5486055528.269
2022,WM,WF,96109287708.318
2022,WM,WL,19774737018.7108
2022,WM,WM,1598028465860.47
2022,WM,ZA,8764193519.45115
2022,ZA,AT,456035882.492098
2022,ZA,AU,1235243800.67631
2022,ZA,BE,1708634316.54209
2022,ZA,BG,105864200.393178
2022,ZA,BR,1123200091.87332
2022,ZA,CA,998250760.032407
2022,ZA,CH,585408460.154262
2022,ZA,CN,14141229942.8153
2022,ZA,CY,8857023.20733525
2022,ZA,CZ,337978617.173354
2022,ZA,DE,7253339328.05015
2022,ZA,DK,341788285.81862
2022,ZA,EE,46716927.4031477
2022,ZA,ES,2232189526.68565
2022,ZA,FI,201480717.515613
2022,ZA,FR,2599851324.75519
2022,ZA,GB,4621445486.19608
2022,ZA,GR,323949350.722662
2022,ZA,HR,71184070.0891585
2022,ZA,HU,250580119.158834
2022,ZA,ID,636023850.476782
2022,ZA,IE,870560863.171495
2022,ZA,IN,10590391357.2625
2022,ZA,IT,1915352814.92145
2022,ZA,JP,2357564681.29552
2022,ZA,KR,1756146493.14958
2022,ZA,LT,76214370.2772544
2022,ZA,LU,154198339.5506
2022,ZA,LV,23515720.0391247
2022,ZA,MT,10188023.8316636
2022,ZA,MX,739608701.243652
2022,ZA,NL,2161204316.79337
2022,ZA,NO,256224541.211021
2022,ZA,PL,600080399.40616
2022,ZA,PT,416922736.035462
2022,ZA,RO,204749397.11632
2022,ZA,RU,711995994.165314
2022,ZA,SE,413445078.10012
2022,ZA,SI,73498850.5179823
2022,ZA,SK,136580729.556347
2022,ZA,TR,951659275.626942
2022,ZA,TW,662511854.797556
2022,ZA,US,10030690338.3268
2022,ZA,WA,11484622875.3297
2022,ZA,WE,421343815.781638
2022,ZA,WF,80758091363.882
2022,ZA,WL,1774461062.84495
2022,ZA,WM,8070431715.08479
2022,ZA,ZA,261355658710.97
2023,AT,AT,7882275957.12896
2023,AT,AU,31864779.4353526
2023,AT,BE,59395059.5339378
2023,AT,BG,11545422.2819612
2023,AT,BR,26536440.4755076
2023,AT,CA,37846428.6086952
2023,AT,CH,180003479.496285
2023,AT,CN,319390194.145176
2023,AT,CY,664590.081284388
2023,AT,CZ,80707400.3878926
2023,AT,DE,1597915360.47544
2023,AT,DK,36996411.9917127
2023,AT,EE,1748727.06475991
2023,AT,ES,87632465.593638
2023,AT,FI,14658983.2766833
2023,AT,FR,189174146.13741
2023,AT,GB,138978210.815448
2023,AT,GR,33870400.246366
2023,AT,HR,13934613.5237231
2023,AT,HU,164190148.075167
2023,AT,ID,11482539.0917549
2023,AT,IE,41978243.4821928
2023,AT,IN,47951360.7814937
2023,AT,IT,554545881.891659
2023,AT,JP,59394075.1811199
2023,AT,KR,75124258.2329194
2023,AT,LT,6274037.29049529
2023,AT,LU,8097034.84459512
2023,AT,LV,932731.990110321
2023,AT,MT,495830.886222791
2023,AT,MX,35848329.4289442
2023,AT,NL,115925887.297882
2023,AT,NO,13876606.6318615
2023,AT,PL,85880277.6783359
2023,AT,PT,12198564.8125925
2023,AT,RO,68450640.0188815
2023,AT,RU,79717721.0415129
2023,AT,SE,41429902.7922105
2023,AT,SI,31298306.6982858
2023,AT,SK,44231445.5672463
2023,AT,TR,66364189.4085351
2023,AT,TW,24625096.7619069
2023,AT,US,301525765.260324
2023,AT,WA,181839963.634171
2023,AT,WE,167302345.349123
2023,AT,WF,56250184.5596902
2023,AT,WL,57152842.1081608
2023,AT,WM,203232527.891962
2023,AT,ZA,10846674.028542
2023,AU,AT,145094677.254498
2023,AU,AU,32478386387.4426
2023,AU,BE,340612384.100829
2023,AU,BG,35063405.5638243
2023,AU,BR,628387332.311337
2023,AU,CA,772432212.435735
2023,AU,CH,280637858.461307
2023,AU,CN,45953715607.7845
2023,AU,CY,10758489.4747353
2023,AU,CZ,172546801.017886
2023,AU,DE,1181183410.90907
2023,AU,DK,119805625.975355
2023,AU,EE,14036186.5925877
2023,AU,ES,400656114.114548
2023,AU,FI,71699209.0804411
2023,AU,FR,720640719.955356
2023,AU,GB,1019395832.04369
2023,AU,GR,83225755.475734
2023,AU,HR,27782085.4002686
2023,AU,HU,83676504.7181779
2023,AU,ID,15650322910.9393
2023,AU,IE,205803083.741343
2023,AU,IN,10718640826.3882
2023,AU,IT,875769535.304593
2023,AU,JP,16631352267.8963
2023,AU,KR,12373016468.7538
2023,AU,LT,23600769.9987337
2023,AU,LU,44682563.0034973
2023,AU,LV,11595981.7927045
2023,AU,MT,8750147.82694408
2023,AU,MX,588368092.862618
2023,AU,NL,971104610.538762
2023,AU,NO,79672394.0966876
2023,AU,PL,262117616.892465
2023,AU,PT,71483530.508024
2023,AU,RO,85955937.7277474
2023,AU,RU,440783198.804164
2023,AU,SE,185370024.514827
2023,AU,SI,32704594.0461798
2023,AU,SK,49450863.2826607
2023,AU,TR,894769472.06664
2023,AU,TW,352243371.324339
2023,AU,US,12046831465.2119
2023,AU,WA,22302279580.6459
2023,AU,WE,245341668.82187
2023,AU,WF,1221946823.96689
2023,AU,WL,1164855123.07884
2023,AU,WM,9350470582.16693
2023,AU,ZA,218959192.812921
2023,BE,AT,96048101.6140697
2023,BE,AU,60723356.0403925
2023,BE,BE,5535467056.23313
2023,BE,BG,22009771.0820292
2023,BE,BR,72053225.9571542
2023,BE,CA,98568636.1538766
2023,BE,CH,141200361.965176
2023,BE,CN,454940706.463896
2023,BE,CY,3592867.77585841
2023,BE,CZ,87300241.1096043
2023,BE,DE,1792035650.3161
2023,BE,DK,96445388.5201181
2023,BE,EE,9661971.6279661
2023,BE,ES,379598027.028548
2023,BE,FI,49063554.784713
2023,BE,FR,2070769580.96923
2023,BE,GB,781932507.27799
2023,BE,GR,65819783.8260904
2023,BE,HR,15241936.0382047
2023,BE,HU,54372052.4390618
2023,BE,ID,59919632.1789483
2023,BE,IE,166222060.704476
2023,BE,IN,134354277.052444
2023,BE,IT,477585050.630191
2023,BE,JP,137407219.001574
2023,BE,KR,92740462.2259635
2023,BE,LT,19545395.9961129
2023,BE,LU,104401800.646906
2023,BE,LV,7038542.96734446
2023,BE,MT,4224707.2633907
2023,BE,MX,81256866.8177278
2023,BE,NL,1278114481.94844
2023,BE,NO,55534692.2505964
2023,BE,PL,205905429.522279
2023,BE,PT,75084682.2281806
2023,BE,RO,77751126.5080034
2023,BE,RU,98153238.2850074
2023,BE,SE,150283463.864533
2023,BE,SI,12883239.1069313
2023,BE,SK,30960813.3871472
2023,BE,TR,127412697.362738
2023,BE,TW,63645655.1678313
2023,BE,US,715763242.098024
2023,BE,WA,389921757.215835
2023,BE,WE,233686360.580306
2023,BE,WF,284574020.309265
2023,BE,WL,180809186.749982
2023,BE,WM,518991062.039154
2023,BE,ZA,31814798.4746352
2023,BG,AT,73609885.2939214
2023,BG,AU,21282082.4589156
2023,BG,BE,78130190.786086
2023,BG,BG,3239007253.67211
2023,BG,BR,22022401.4704981
2023,BG,CA,36707961.3776168
2023,BG,CH,30913936.1408653
2023,BG,CN,286426994.650973
2023,BG,CY,6045797.83594831
2023,BG,CZ,33272971.1507379
2023,BG,DE,467940324.174381
2023,BG,DK,29665160.5843569
2023,BG,EE,2318196.07607418
2023,BG,ES,231930266.704115
2023,BG,FI,12217556.2216797
2023,BG,FR,192446552.991699
2023,BG,GB,155964800.009838
2023,BG,GR,292676061.893977
2023,BG,HR,15752617.3453366
2023,BG,HU,39780317.1034871
2023,BG,ID,25387363.4566546
2023,BG,IE,22970830.6716634
2023,BG,IN,41117145.1331506
2023,BG,IT,235527959.266153
2023,BG,JP,44518070.4243631
2023,BG,KR,188292343.789041
2023,BG,LT,7525498.66799439
2023,BG,LU,16021199.6765887
2023,BG,LV,2262874.76407734
2023,BG,MT,1625272.9694058
2023,BG,MX,26210244.6582416
2023,BG,NL,164202820.001564
2023,BG,NO,16160942.4215173
2023,BG,PL,81831104.82664
2023,BG,PT,31293796.7414574
2023,BG,RO,406800825.308588
2023,BG,RU,74894094.2188661
2023,BG,SE,40315034.2591005
2023,BG,SI,5782817.7564789
2023,BG,SK,17215872.075985
2023,BG,TR,356021086.677961
2023,BG,TW,14974920.3080791
2023,BG,US,237969489.457481
2023,BG,WA,315478274.066687
2023,BG,WE,264526598.704342
2023,BG,WF,232300702.299843
2023,BG,WL,38180804.0965348
2023,BG,WM,457118019.243313
2023,BG,ZA,10087777.564099
2023,BR,AT,268284094.606757
2023,BR,AU,658414681.382006
2023,BR,BE,1099459881.85889
2023,BR,BG,50200933.8146189
2023,BR,BR,372941868779.976
2023,BR,CA,975270123.491255
2023,BR,CH,714843208.262287
2023,BR,CN,104434782290.684
2023,BR,CY,10746242.8126832
2023,BR,CZ,179515651.527371
2023,BR,DE,2798596028.02197
2023,BR,DK,263095816.515454
2023,BR,EE,15502202.3869208
2023,BR,ES,1943982924.82179
2023,BR,FI,137879438.167137
2023,BR,FR,1161117747.37752
2023,BR,GB,1961235577.6862
2023,BR,GR,178891524.120517
2023,BR,HR,24746612.27517
2023,BR,HU,103399302.80717
2023,BR,ID,1833085684.46817
2023,BR,IE,426588180.814712
2023,BR,IN,2041481474.21871
2023,BR,IT,3166571394.55326
2023,BR,JP,3447603721.81052
2023,BR,KR,2164888945.39848
2023,BR,LT,29091846.2211315
2023,BR,LU,148219585.048789
2023,BR,LV,8951169.29856392
2023,BR,MT,6222094.12605989
2023,BR,MX,1453624857.90051
2023,BR,NL,2892504057.36792
2023,BR,NO,169348320.396647
2023,BR,PL,346256915.509738
2023,BR,PT,400170472.275192
2023,BR,RO,133335290.140748
2023,BR,RU,2336748498.84597
2023,BR,SE,383300135.87851
2023,BR,SI,34613718.8643452
2023,BR,SK,82231018.1992998
2023,BR,TR,2423934231.44518
2023,BR,TW,499191204.659822
2023,BR,US,17672082262.5477
2023,BR,WA,29708140209.78
2023,BR,WE,882288996.658287
2023,BR,WF,3417694738.35134
2023,BR,WL,18158447908.9864
2023,BR,WM,37533016717.61
2023,BR,ZA,293796961.163098
2023,CA,AT,73121811.8513493
2023,CA,AU,223937205.788267
2023,CA,BE,419281820.318855
2023,CA,BG,21480449.9986115
2023,CA,BR,1252752426.55799
2023,CA,CA,30040944331.8724
2023,CA,CH,150216784.406464
2023,CA,CN,7825958792.19351
2023,CA,CY,3198203.49075717
2023,CA,CZ,54389454.7280993
2023,CA,DE,797895553.657244
2023,CA,DK,69777409.1940382
2023,CA,EE,8889099.24925511
2023,CA,ES,534749529.996201
2023,CA,FI,41527229.3850983
2023,CA,FR,773601451.792578
2023,CA,GB,953253686.253954
2023,CA,GR,51543596.9441951
2023,CA,HR,13350864.4009587
2023,CA,HU,41795168.5835382
2023,CA,ID,367478596.985927
2023,CA,IE,290636153.29865
2023,CA,IN,813655220.301019
2023,CA,IT,505054545.115214
2023,CA,JP,4331151238.48876
2023,CA,KR,1802415977.50781
2023,CA,LT,16218035.4565381
2023,CA,LU,60794973.317585
2023,CA,LV,4589533.13668508
2023,CA,MT,3234956.25676771
2023,CA,MX,5982192498.57457
2023,CA,NL,523425123.791713
2023,CA,NO,91298452.784509
2023,CA,PL,95124058.1120756
2023,CA,PT,82102804.1073044
2023,CA,RO,47672033.4529462
2023,CA,RU,174162426.965915
2023,CA,SE,101404663.298264
2023,CA,SI,14290515.3064252
2023,CA,SK,27971395.8856752
2023,CA,TR,369043342.223067
2023,CA,TW,166134852.50055
2023,CA,US,70443904472.6865
2023,CA,WA,3486570218.97481
2023,CA,WE,170113568.607396
2023,CA,WF,1104582402.37572
2023,CA,WL,5909058621.44414
2023,CA,WM,2348502752.36166
2023,CA,ZA,72268855.8704417
2023,CH,AT,50870948.0368708
2023,CH,AU,13099168.4803292
2023,CH,BE,22363938.7059476
2023,CH,BG,5052241.58172766
2023,CH,BR,11168083.9688962
2023,CH,CA,27190119.895151
2023,CH,CH,1783831984.13466
2023,CH,CN,90171788.298725
2023,CH,CY,2347306.42927617
2023,CH,CZ,10545190.6996811
2023,CH,DE,299563876.425317
2023,CH,DK,14652470.4218249
2023,CH,EE,3231609.0693916
2023,CH,ES,54535579.7533783
2023,CH,FI,7177837.0925781
2023,CH,FR,128448141.560725
2023,CH,GB,71523206.4457009
2023,CH,GR,7138619.04043011
2023,CH,HR,4250603.7894334
2023,CH,HU,9371390.768321
2023,CH,ID,7708568.52740699
2023,CH,IE,21830217.9873521
2023,CH,IN,28036105.0260451
2023,CH,IT,101363229.612844
2023,CH,JP,35535142.6030139
2023,CH,KR,16785559.7359273
2023,CH,LT,4034017.70695663
2023,CH,LU,9258298.70265631
2023,CH,LV,2906721.6031949
2023,CH,MT,2275778.29041772
2023,CH,MX,11335087.6421203
2023,CH,NL,34264184.406707
2023,CH,NO,9251585.93999459
2023,CH,PL,18309709.5741438
2023,CH,PT,12381738.273769
2023,CH,RO,8170280.52578493
2023,CH,RU,26619654.7654943
2023,CH,SE,13189708.3793691
2023,CH,SI,4200338.35416014
2023,CH,SK,6372124.04789498
2023,CH,TR,18372988.3314096
2023,CH,TW,10482723.0361991
2023,CH,US,148593987.3365
2023,CH,WA,79237914.9645708
2023,CH,WE,295950631.443416
2023,CH,WF,57399807.7098919
2023,CH,WL,24593745.7100718
2023,CH,WM,187808742.607325
2023,CH,ZA,9509265.83332834
2023,CN,AT,1644595593.09069
2023,CN,AU,8567464402.22642
2023,CN,BE,4110330813.15629
2023,CN,BG,234459270.471722
2023,CN,BR,11331981390.5285
2023,CN,CA,9021026068.24571
2023,CN,CH,2696914621.59963
2023,CN,CN,2144041498872.56
2023,CN,CY,44221637.4832657
2023,CN,CZ,1246239305.23303
2023,CN,DE,21088709680.2593
2023,CN,DK,1776054706.98864
2023,CN,EE,54244038.2458349
2023,CN,ES,6540579628.41579
2023,CN,FI,531459961.629427
2023,CN,FR,8236591196.22266
2023,CN,GB,14158324185.1625
2023,CN,GR,942617082.544543
2023,CN,HR,109800774.400414
2023,CN,HU,853482759.773505
2023,CN,ID,9593922435.46914
2023,CN,IE,2861439957.45417
2023,CN,IN,28553295966.2446
2023,CN,IT,7087073185.01448
2023,CN,JP,27222256124.5668
2023,CN,KR,23219039769.9049
2023,CN,LT,113769747.673712
2023,CN,LU,369715822.480603
2023,CN,LV,45754475.6497332
2023,CN,MT,37675975.7545762
2023,CN,MX,11921099217.9293
2023,CN,NL,7857439032.30585
2023,CN,NO,755334538.617323
2023,CN,PL,3314557462.2514
2023,CN,PT,697030693.983151
2023,CN,RO,815988027.189553
2023,CN,RU,7220254057.34285
2023,CN,SE,1592581529.57248
2023,CN,SI,92072753.4173923
2023,CN,SK,353578191.800247
2023,CN,TR,9080994005.41439
2023,CN,TW,2283421761.74225
2023,CN,US,84705303971.5004
2023,CN,WA,160349506284.125
2023,CN,WE,4013095138.34426
2023,CN,WF,18912986099.1949
2023,CN,WL,29079601947.9163
2023,CN,WM,47755355730.1276
2023,CN,ZA,1679818593.91242
2023,CY,AT,10602968.260951
2023,CY,AU,17578132.5450421
2023,CY,BE,18191410.713881
2023,CY,BG,7838788.60347957
2023,CY,BR,11079278.1714973
2023,CY,CA,11239006.7427783
2023,CY,CH,23597586.3193576
2023,CY,CN,90131180.3453289
2023,CY,CY,1479270196.09831
2023,CY,CZ,7657208.28816832
2023,CY,DE,61392125.7479566
2023,CY,DK,7962519.38219251
2023,CY,EE,3481313.45721937
2023,CY,ES,17461288.2565588
2023,CY,FI,6168117.74742331
2023,CY,FR,41420120.5449276
2023,CY,GB,122182363.78325
2023,CY,GR,51792269.0733994
2023,CY,HR,4046228.22897058
2023,CY,HU,18664988.3679052
2023,CY,ID,10682992.927135
2023,CY,IE,10378348.1235729
2023,CY,IN,39443946.5775594
2023,CY,IT,30249744.3167663
2023,CY,JP,24034384.0048087
2023,CY,KR,19363243.9183469
2023,CY,LT,3639181.1207796
2023,CY,LU,3212742.33328137
2023,CY,LV,3689857.40689353
2023,CY,MT,2085975.25559726
2023,CY,MX,10582950.8610267
2023,CY,NL,31251498.3340754
2023,CY,NO,7381874.84244248
2023,CY,PL,15871386.1515714
2023,CY,PT,6123151.97756685
2023,CY,RO,22496556.8732698
2023,CY,RU,176661581.595432
2023,CY,SE,17741711.8024361
2023,CY,SI,3201852.65234535
2023,CY,SK,5158702.54594145
2023,CY,TR,39441133.21116
2023,CY,TW,19086642.4066243
2023,CY,US,90064035.8414373
2023,CY,WA,90170786.6768907
2023,CY,WE,19254418.8266541
2023,CY,WF,67060705.2353581
2023,CY,WL,29670626.1067092
2023,CY,WM,598445035.136976
2023,CY,ZA,7242227.5872666
2023,CZ,AT,456573399.994626
2023,CZ,AU,39714636.8324288
2023,CZ,BE,164390129.002512
2023,CZ,BG,18712187.278216
2023,CZ,BR,33974712.2174614
2023,CZ,CA,51090028.7068135
2023,CZ,CH,147444614.580986
2023,CZ,CN,423319130.141226
2023,CZ,CY,844779.312893248
2023,CZ,CZ,8768429965.84609
2023,CZ,DE,2550207243.40513
2023,CZ,DK,105985869.880501
2023,CZ,EE,1888270.09145786
2023,CZ,ES,223021638.807046
2023,CZ,FI,27675327.7579466
2023,CZ,FR,455922195.137966
2023,CZ,GB,424372747.575524
2023,CZ,GR,28298396.8041981
2023,CZ,HR,7083607.66685378
2023,CZ,HU,226707480.315772
2023,CZ,ID,15813515.7741578
2023,CZ,IE,155862551.753441
2023,CZ,IN,85728703.8248808
2023,CZ,IT,415696927.928917
2023,CZ,JP,118521634.345526
2023,CZ,KR,59884486.7695174
2023,CZ,LT,12608369.9923596
2023,CZ,LU,16555156.380527
2023,CZ,LV,1413026.01502593
2023,CZ,MT,736491.990518385
2023,CZ,MX,56877818.9599013
2023,CZ,NL,202125522.902442
2023,CZ,NO,36420977.7354852
2023,CZ,PL,465044143.682943
2023,CZ,PT,24629784.7152759
2023,CZ,RO,116366526.407647
2023,CZ,RU,186048836.902371
2023,CZ,SE,117043860.703705
2023,CZ,SI,15529652.8705524
2023,CZ,SK,529425033.080193
2023,CZ,TR,213386370.504893
2023,CZ,TW,49664613.3295264
2023,CZ,US,475389063.14496
2023,CZ,WA,255765086.152902
2023,CZ,WE,273417394.134016
2023,CZ,WF,88889784.5718454
2023,CZ,WL,87672814.0346034
2023,CZ,WM,375477659.001123
2023,CZ,ZA,21201061.5143606
2023,DE,AT,1192918800.52178
2023,DE,AU,166492508.857117
2023,DE,BE,1138112582.03864
2023,DE,BG,59546357.6131492
2023,DE,BR,157730297.900744
2023,DE,CA,212837495.828413
2023,DE,CH,1366685535.55402
2023,DE,CN,2292158034.21377
2023,DE,CY,3903035.8369595
2023,DE,CZ,485132514.029601
2023,DE,DE,57361396830.4244
2023,DE,DK,967205415.493748
2023,DE,EE,13125128.5025096
2023,DE,ES,989730406.808159
2023,DE,FI,151461666.358417
2023,DE,FR,3592991264.10143
2023,DE,GB,1604138672.37095
2023,DE,GR,266688222.271961
2023,DE,HR,39370963.304532
2023,DE,HU,285061091.631238
2023,DE,ID,118789033.501927
2023,DE,IE,2019606657.69614
2023,DE,IN,665945675.666299
2023,DE,IT,1876852120.50193
2023,DE,JP,408015145.702806
2023,DE,KR,333368928.117267
2023,DE,LT,44659043.0748463
2023,DE,LU,160392435.810097
2023,DE,LV,6367939.12296072
2023,DE,MT,3055350.78422344
2023,DE,MX,216128358.243771
2023,DE,NL,2578487754.11259
2023,DE,NO,157435493.638455
2023,DE,PL,973047179.842174
2023,DE,PT,178472695.17768
2023,DE,RO,339409892.37054
2023,DE,RU,428642711.29578
2023,DE,SE,493688477.205561
2023,DE,SI,41655549.990399
2023,DE,SK,145515940.258358
2023,DE,TR,342469429.680888
2023,DE,TW,159721060.332223
2023,DE,US,1686079092.90786
2023,DE,WA,1335461357.1665
2023,DE,WE,541050026.028952
2023,DE,WF,1121076435.91987
2023,DE,WL,496580485.286386
2023,DE,WM,1931965632.41361
2023,DE,ZA,84462870.6281887
2023,DK,AT,56197271.8027823
2023,DK,AU,82390482.1866088
2023,DK,BE,123565065.643543
2023,DK,BG,12921946.6436217
2023,DK,BR,38387019.7908115
2023,DK,CA,75649459.593114
2023,DK,CH,64567002.1429158
2023,DK,CN,753306690.561269
2023,DK,CY,5565868.51245014
2023,DK,CZ,41832257.0085599
2023,DK,DE,2052732581.81991
2023,DK,DK,3385517265.85842
2023,DK,EE,12588417.4283143
2023,DK,ES,399556073.50905
2023,DK,FI,166021054.720726
2023,DK,FR,278139254.902455
2023,DK,GB,697279774.923618
2023,DK,GR,94363729.497331
2023,DK,HR,9636163.51773153
2023,DK,HU,34646235.8726299
2023,DK,ID,56145622.6716099
2023,DK,IE,225859393.929382
2023,DK,IN,72839322.6415444
2023,DK,IT,334508274.432767
2023,DK,JP,240557306.753194
2023,DK,KR,122526830.606572
2023,DK,LT,20477294.6201875
2023,DK,LU,23235837.0802022
2023,DK,LV,10598427.8461843
2023,DK,MT,3830836.91430119
2023,DK,MX,36445019.6361444
2023,DK,NL,389397457.440705
2023,DK,NO,207868142.956446
2023,DK,PL,382282620.959819
2023,DK,PT,37139719.986954
2023,DK,RO,57212764.3574733
2023,DK,RU,286990107.52124
2023,DK,SE,719551371.180943
2023,DK,SI,7252832.00722525
2023,DK,SK,21077875.6515178
2023,DK,TR,90015473.4092014
2023,DK,TW,33165585.8364959
2023,DK,US,449907509.848963
2023,DK,WA,540304628.291048
2023,DK,WE,206185717.661732
2023,DK,WF,248102783.765041
2023,DK,WL,225967061.217031
2023,DK,WM,1067193164.95323
2023,DK,ZA,22345394.8234331
2023,EE,AT,10638849.8013579
2023,EE,AU,16128865.4104087
2023,EE,BE,21285123.5151874
2023,EE,BG,4494480.99193572
2023,EE,BR,6846718.27630319
2023,EE,CA,11525545.0583107
2023,EE,CH,10937361.8976648
2023,EE,CN,59719435.3459362
2023,EE,CY,968823.869319262
2023,EE,CZ,8795327.59049995
2023,EE,DE,120606436.91597
2023,EE,DK,66220418.3049884
2023,EE,EE,1644817771.43128
2023,EE,ES,21717297.5681161
2023,EE,FI,131632447.753876
2023,EE,FR,52160209.1902612
2023,EE,GB,89831812.0075564
2023,EE,GR,6478613.33808196
2023,EE,HR,2171337.45854941
2023,EE,HU,6695632.44882204
2023,EE,ID,5185709.56587761
2023,EE,IE,12931396.786801
2023,EE,IN,18540358.6010615
2023,EE,IT,28388916.7006606
2023,EE,JP,32584829.9151711
2023,EE,KR,19957922.8216393
2023,EE,LT,58471595.2861933
2023,EE,LU,3717259.43107523
2023,EE,LV,45206570.8898125
2023,EE,MT,1059071.21390851
2023,EE,MX,6850133.62680791
2023,EE,NL,47668665.3248911
2023,EE,NO,41105844.7606895
2023,EE,PL,41105317.5960159
2023,EE,PT,7124620.63735818
2023,EE,RO,7973358.71080816
2023,EE,RU,56440927.3544606
2023,EE,SE,76112540.3610184
2023,EE,SI,1852473.36237935
2023,EE,SK,4698187.00213287
2023,EE,TR,16701041.2973267
2023,EE,TW,8660666.70373813
2023,EE,US,76859609.6719849
2023,EE,WA,64168316.2870817
2023,EE,WE,28928623.2493052
2023,EE,WF,88523401.3388667
2023,EE,WL,14828844.7820657
2023,EE,WM,108674474.349501
2023,EE,ZA,3254295.58267227
2023,ES,AT,121468496.161362
2023,ES,AU,135359271.813335
2023,ES,BE,388292958.90464
2023,ES,BG,20798310.4685716
2023,ES,BR,209997271.807007
2023,ES,CA,256626968.44716
2023,ES,CH,309371807.280756
2023,ES,CN,2310206300.76806
2023,ES,CY,1986058.6341127
2023,ES,CZ,108906098.999168
2023,ES,DE,1980329482.09159
2023,ES,DK,158928910.499701
2023,ES,EE,3076413.22178974
2023,ES,ES,39373352060.0595
2023,ES,FI,58710954.5144359
2023,ES,FR,3348285472.72683
2023,ES,GB,1623299179.93414
2023,ES,GR,117235445.704073
2023,ES,HR,6285426.88009738
2023,ES,HU,72829396.488385
2023,ES,ID,61542051.7849158
2023,ES,IE,354137235.122516
2023,ES,IN,256097776.135612
2023,ES,IT,1629164420.75057
2023,ES,JP,364391559.175271
2023,ES,KR,294391878.87441
2023,ES,LT,14677752.7798734
2023,ES,LU,42215308.1070218
2023,ES,LV,2406690.8580312
2023,ES,MT,1572394.4976086
2023,ES,MX,264648447.098463
2023,ES,NL,526687107.357064
2023,ES,NO,86477044.394846
2023,ES,PL,271492349.62575
2023,ES,PT,1186050882.23066
2023,ES,RO,97700859.019427
2023,ES,RU,153313419.206756
2023,ES,SE,182792415.919535
2023,ES,SI,9858153.08852344
2023,ES,SK,39324023.1233222
2023,ES,TR,357708239.918802
2023,ES,TW,104154978.000845
2023,ES,US,2154818796.31062
2023,ES,WA,843028262.573301
2023,ES,WE,269414977.411387
2023,ES,WF,2107537405.47137
2023,ES,WL,708231519.363002
2023,ES,WM,2730778133.73119
2023,ES,ZA,53174572.5818441
2023,FI,AT,25192014.1811727
2023,FI,AU,33708157.799259
2023,FI,BE,73336531.8458048
2023,FI,BG,5278889.37093229
2023,FI,BR,27512360.1166939
2023,FI,CA,35458003.2517941
2023,FI,CH,31264851.725218
2023,FI,CN,450889584.953998
2023,FI,CY,565050.916364245
2023,FI,CZ,18993569.4848882
2023,FI,DE,352709715.856625
2023,FI,DK,65563663.444846
2023,FI,EE,9519116.46570259
2023,FI,ES,57554153.2826795
2023,FI,FI,6363883014.3753
2023,FI,FR,133646330.095233
2023,FI,GB,141740318.733268
2023,FI,GR,13275038.3120971
2023,FI,HR,2120925.65734099
2023,FI,HU,13124691.0878517
2023,FI,ID,18340561.5276682
2023,FI,IE,54227878.4935588
2023,FI,IN,61837299.7605438
2023,FI,IT,89536884.5966836
2023,FI,JP,107103140.269399
2023,FI,KR,49984910.5218027
2023,FI,LT,10293378.4604684
2023,FI,LU,10197052.0899759
2023,FI,LV,980019.296338757
2023,FI,MT,428439.785764014
2023,FI,MX,29495725.5548108
2023,FI,NL,106656431.882192
2023,FI,NO,46305119.4629769
2023,FI,PL,53604336.9256371
2023,FI,PT,13630451.9140381
2023,FI,RO,14535295.9192882
2023,FI,RU,202476043.664123
2023,FI,SE,321895697.258036
2023,FI,SI,3064530.24115195
2023,FI,SK,7970694.95906772
2023,FI,TR,49877449.2624548
2023,FI,TW,57973538.094654
2023,FI,US,257864931.427085
2023,FI,WA,199674381.532736
2023,FI,WE,38925353.9793994
2023,FI,WF,65742000.3188563
2023,FI,WL,63203852.0453761
2023,FI,WM,209813867.566523
2023,FI,ZA,14689864.6382056
2023,FR,AT,232529159.956938
2023,FR,AU,178231978.322233
2023,FR,BE,2171344527.19128
2023,FR,BG,44661364.4043081
2023,FR,BR,184778464.283729
2023,FR,CA,277460430.539242
2023,FR,CH,735355358.17855
2023,FR,CN,3902638773.88453
2023,FR,CY,3563355.37412107
2023,FR,CZ,140282614.708583
2023,FR,DE,4227489945.44275
2023,FR,DK,226487395.666617
2023,FR,EE,7823554.86336935
2023,FR,ES,2862244957.83002
2023,FR,FI,82829624.6101311
2023,FR,FR,60769741815.2507
2023,FR,GB,2267100384.25574
2023,FR,GR,397570093.8358
2023,FR,HR,14975336.9775903
2023,FR,HU,111390153.450288
2023,FR,ID,134021809.302127
2023,FR,IE,645099143.017969
2023,FR,IN,290192130.704945
2023,FR,IT,5749584241.88326
2023,FR,JP,511545014.609
2023,FR,KR,374514746.982843
2023,FR,LT,23591577.8849306
2023,FR,LU,314693877.638774
2023,FR,LV,4596373.41618867
2023,FR,MT,2802331.54941643
2023,FR,MX,252203920.75858
2023,FR,NL,1485244880.50044
2023,FR,NO,92095381.7337315
2023,FR,PL,383463110.927579
2023,FR,PT,313232470.09171
2023,FR,RO,193908321.367127
2023,FR,RU,342487838.007118
2023,FR,SE,286801598.121025
2023,FR,SI,19366271.5117416
2023,FR,SK,57552074.7992445
2023,FR,TR,402355577.302246
2023,FR,TW,129011744.602548
2023,FR,US,2031940038.22289
2023,FR,WA,1727959568.72022
2023,FR,WE,350640767.980849
2023,FR,WF,2054640835.49431
2023,FR,WL,520115116.49815
2023,FR,WM,2015433614.18725
2023,FR,ZA,74287417.5953476
2023,GB,AT,121262793.77269
2023,GB,AU,332891058.579113
2023,GB,BE,737910941.121087
2023,GB,BG,34625151.3264993
2023,GB,BR,204842184.446933
2023,GB,CA,403911768.400126
2023,GB,CH,259557584.30452
2023,GB,CN,1676850848.54239
2023,GB,CY,13239051.3789207
2023,GB,CZ,107973545.699094
2023,GB,DE,1480902379.96591
2023,GB,DK,239373195.532244
2023,GB,EE,19319762.302798
2023,GB,ES,722996547.362406
2023,GB,FI,81781063.9310454
2023,GB,FR,2019710736.53104
2023,GB,GB,45949445504.8882
2023,GB,GR,91083520.7255844
2023,GB,HR,22901314.0850003
2023,GB,HU,78309699.0858794
2023,GB,ID,101713613.093097
2023,GB,IE,5920612040.19365
2023,GB,IN,524013786.600625
2023,GB,IT,595720965.72711
2023,GB,JP,646857373.983479
2023,GB,KR,274556743.511933
2023,GB,LT,35945175.7509305
2023,GB,LU,106601219.502733
2023,GB,LV,21520586.4035898
2023,GB,MT,14520252.968348
2023,GB,MX,192821298.992929
2023,GB,NL,1254210514.49782
2023,GB,NO,184950966.657045
2023,GB,PL,259318594.064274
2023,GB,PT,153968903.910618
2023,GB,RO,87435262.1614409
2023,GB,RU,239753684.592602
2023,GB,SE,312224985.795486
2023,GB,SI,23837699.8781409
2023,GB,SK,48479977.0290465
2023,GB,TR,491122325.787173
2023,GB,TW,170091990.368202
2023,GB,US,2962187182.08184
2023,GB,WA,1687515940.51075
2023,GB,WE,218005073.092789
2023,GB,WF,925058065.753711
2023,GB,WL,605011960.149863
2023,GB,WM,3600459282.43944
2023,GB,ZA,125769565.234399
2023,GR,AT,81756332.7160264
2023,GR,AU,194441754.465827
2023,GR,BE,85435315.8001713
2023,GR,BG,272400521.920728
2023,GR,BR,37106661.2516067
2023,GR,CA,159742762.22383
2023,GR,CH,54730598.1224275
2023,GR,CN,536885472.519485
2023,GR,CY,58263485.87215
2023,GR,CZ,40801612.0417111
2023,GR,DE,831822794.265118
2023,GR,DK,54573116.9438801
2023,GR,EE,7259774.30834827
2023,GR,ES,196112895.3482
2023,GR,FI,22249825.8105207
2023,GR,FR,405738936.573555
2023,GR,GB,610194808.245138
2023,GR,GR,5123839179.14619
2023,GR,HR,14301387.1433469
2023,GR,HU,38407818.5477695
2023,GR,ID,153661573.809169
2023,GR,IE,61446365.7806055
2023,GR,IN,140374456.249714
2023,GR,IT,670920081.276013
2023,GR,JP,184739317.224362
2023,GR,KR,207930522.486503
2023,GR,LT,7890032.23980643
2023,GR,LU,14189755.6877036
2023,GR,LV,4999843.31339415
2023,GR,MT,5761827.32444392
2023,GR,MX,39951265.0095793
2023,GR,NL,149619020.745076
2023,GR,NO,22619042.6858119
2023,GR,PL,100241239.226161
2023,GR,PT,29806437.773425
2023,GR,RO,216331947.882193
2023,GR,RU,80656739.5566933
2023,GR,SE,86398601.2674579
2023,GR,SI,8402836.94364506
2023,GR,SK,19508573.3106562
2023,GR,TR,445756896.494723
2023,GR,TW,21208569.7568254
2023,GR,US,1504787026.6262
2023,GR,WA,400725827.043132
2023,GR,WE,439863897.731704
2023,GR,WF,308926641.261831
2023,GR,WL,130677345.879391
2023,GR,WM,1197827605.12404
2023,GR,ZA,20999113.582159
2023,HR,AT,117608964.488899
2023,HR,AU,17509255.8632235
2023,HR,BE,30585574.9398274
2023,HR,BG,17884740.256568
2023,HR,BR,12426448.0650629
2023,HR,CA,17891110.8054685
2023,HR,CH,45074444.1771614
2023,HR,CN,93736411.9850414
2023,HR,CY,765460.426792075
2023,HR,CZ,28252530.2420239
2023,HR,DE,320090402.429745
2023,HR,DK,13584237.6599235
2023,HR,EE,1667205.91464465
2023,HR,ES,39478842.5956687
2023,HR,FI,7628288.92711881
2023,HR,FR,84607099.8539802
2023,HR,GB,65612663.0860175
2023,HR,GR,16807990.7504453
2023,HR,HR,3237832012.98811
2023,HR,HU,167366937.373501
2023,HR,ID,6007451.72071514
2023,HR,IE,17596259.3192482
2023,HR,IN,23864578.5216409
2023,HR,IT,585424979.081673
2023,HR,JP,24696944.953593
2023,HR,KR,14635354.8779277
2023,HR,LT,3799975.85110216
2023,HR,LU,4397709.77210504
2023,HR,LV,1508502.69050801
2023,HR,MT,4641972.24110147
2023,HR,MX,13575155.1032306
2023,HR,NL,42501910.1433814
2023,HR,NO,8062214.44903739
2023,HR,PL,41200282.6418852
2023,HR,PT,7023236.85408605
2023,HR,RO,52154155.7149283
2023,HR,RU,57590285.3834377
2023,HR,SE,29070852.2319267
2023,HR,SI,142024813.678324
2023,HR,SK,19445031.1548583
2023,HR,TR,83475271.1125007
2023,HR,TW,23205010.2800443
2023,HR,US,128708290.687933
2023,HR,WA,86387525.4728188
2023,HR,WE,663759675.743045
2023,HR,WF,42405078.3618743
2023,HR,WL,21043190.173338
2023,HR,WM,118663606.839547
2023,HR,ZA,4968531.15236829
2023,HU,AT,828273764.516581
2023,HU,AU,49804311.9920942
2023,HU,BE,122704295.679999
2023,HU,BG,97109491.4443828
2023,HU,BR,59544660.0020017
2023,HU,CA,66389036.9815278
2023,HU,CH,117089812.161857
2023,HU,CN,405329611.14757
2023,HU,CY,10773032.3507613
2023,HU,CZ,215759009.242313
2023,HU,DE,1401846279.75498
2023,HU,DK,75608325.9077012
2023,HU,EE,14822721.4558703
2023,HU,ES,175992051.920423
2023,HU,FI,34277011.176655
2023,HU,FR,345357772.960999
2023,HU,GB,299119676.106508
2023,HU,GR,66010858.9462014
2023,HU,HR,145957746.679992
2023,HU,HU,4174576840.74458
2023,HU,ID,42693551.3969498
2023,HU,IE,51582064.6625448
2023,HU,IN,106795585.034515
2023,HU,IT,1323863286.14783
2023,HU,JP,130567307.770637
2023,HU,KR,117998235.784439
2023,HU,LT,29555211.0417597
2023,HU,LU,27179657.1063066
2023,HU,LV,17226056.1575645
2023,HU,MT,7298687.70453463
2023,HU,MX,45357974.67064
2023,HU,NL,224356451.610992
2023,HU,NO,32872656.1615531
2023,HU,PL,289254487.275689
2023,HU,PT,36999231.0661463
2023,HU,RO,902727883.405495
2023,HU,RU,262822643.301172
2023,HU,SE,80690018.1944221
2023,HU,SI,83888501.5871719
2023,HU,SK,234905347.510796
2023,HU,TR,309662753.936456
2023,HU,TW,46727867.8214001
2023,HU,US,476354893.386817
2023,HU,WA,336490510.178847
2023,HU,WE,730313360.947805
2023,HU,WF,110544157.328987
2023,HU,WL,82479666.1698064
2023,HU,WM,898321012.965353
2023,HU,ZA,24984373.2459012
2023,ID,AT,207414704.505168
2023,ID,AU,1809117630.62613
2023,ID,BE,589981465.400915
2023,ID,BG,51307426.3149771
2023,ID,BR,842856247.984843
2023,ID,CA,1068998728.17792
2023,ID,CH,381077748.274817
2023,ID,CN,71784990038.1721
2023,ID,CY,11071869.7888413
2023,ID,CZ,189587211.921082
2023,ID,DE,2097792728.72882
2023,ID,DK,183011054.334358
2023,ID,EE,15904910.2287884
2023,ID,ES,792250032.416143
2023,ID,FI,104675327.135121
2023,ID,FR,1043157206.8165
2023,ID,GB,1538085462.14464
2023,ID,GR,135459142.464573
2023,ID,HR,42667835.3844646
2023,ID,HU,122774602.128327
2023,ID,ID,189588489163.47
2023,ID,IE,275926992.263436
2023,ID,IN,22366894034.2901
2023,ID,IT,1287070749.89607
2023,ID,JP,15403010809.7939
2023,ID,KR,12426726589.8097
2023,ID,LT,28321957.8870753
2023,ID,LU,74606945.9308144
2023,ID,LV,11416839.2215776
2023,ID,MT,10789975.4232348
2023,ID,MX,1128123351.9437
2023,ID,NL,970557119.426316
2023,ID,NO,119095612.274587
2023,ID,PL,374819997.817227
2023,ID,PT,107973211.734027
2023,ID,RO,174257092.559797
2023,ID,RU,1033049231.178
2023,ID,SE,220487650.589673
2023,ID,SI,37936826.5287686
2023,ID,SK,75991835.9850025
2023,ID,TR,1195374885.91271
2023,ID,TW,447590336.94318
2023,ID,US,13267468675.9857
2023,ID,WA,51133594790.8868
2023,ID,WE,453933019.542142
2023,ID,WF,2417765235.87855
2023,ID,WL,2352938815.73913
2023,ID,WM,6225888508.85571
2023,ID,ZA,270095828.077852
2023,IE,AT,63456841.8272628
2023,IE,AU,124871037.511451
2023,IE,BE,284519458.669437
2023,IE,BG,22519096.1389143
2023,IE,BR,60407761.0626092
2023,IE,CA,195428297.549239
2023,IE,CH,255172879.213121
2023,IE,CN,1065916052.75804
2023,IE,CY,12847559.7315472
2023,IE,CZ,49644538.0959857
2023,IE,DE,1233963368.20762
2023,IE,DK,105567861.435927
2023,IE,EE,17851894.3065612
2023,IE,ES,1200055051.2801
2023,IE,FI,42085147.7187394
2023,IE,FR,900020847.829976
2023,IE,GB,7737325075.27202
2023,IE,GR,125585835.439838
2023,IE,HR,19392489.5539215
2023,IE,HU,44636632.2409691
2023,IE,ID,58349951.1541541
2023,IE,IE,5068366984.15349
2023,IE,IN,123858599.395179
2023,IE,IT,1053024243.79893
2023,IE,JP,285016302.052932
2023,IE,KR,104190365.51762
2023,IE,LT,22147389.4776947
2023,IE,LU,39301086.5321248
2023,IE,LV,15988334.6816201
2023,IE,MT,18546451.3875697
2023,IE,MX,201399921.634577
2023,IE,NL,439372394.68441
2023,IE,NO,74538886.1918865
2023,IE,PL,100483924.251357
2023,IE,PT,98713959.2945906
2023,IE,RO,45514379.0574009
2023,IE,RU,149308157.043164
2023,IE,SE,183889651.553425
2023,IE,SI,18373198.5105277
2023,IE,SK,29772100.0376945
2023,IE,TR,473517364.49927
2023,IE,TW,84932550.2154781
2023,IE,US,1721996110.06973
2023,IE,WA,984833243.594473
2023,IE,WE,161233563.712929
2023,IE,WF,656067379.672932
2023,IE,WL,324705280.471705
2023,IE,WM,991974926.979156
2023,IE,ZA,49820780.1635203
2023,IN,AT,481298048.941067
2023,IN,AU,1445058948.49919
2023,IN,BE,1433889813.79951
2023,IN,BG,78382505.7179358
2023,IN,BR,2205128567.65312
2023,IN,CA,1877909088.3416
2023,IN,CH,969975753.008007
2023,IN,CN,14221284343.7537
2023,IN,CY,13190377.3232903
2023,IN,CZ,285771167.554533
2023,IN,DE,5673555293.37942
2023,IN,DK,441407462.575076
2023,IN,EE,23780200.4328266
2023,IN,ES,1962121926.68928
2023,IN,FI,175844501.104141
2023,IN,FR,3338885755.19986
2023,IN,GB,4826898883.15472
2023,IN,GR,236316381.287267
2023,IN,HR,42547869.1047941
2023,IN,HU,203154362.212236
2023,IN,ID,1480851134.92291
2023,IN,IE,643675523.99068
2023,IN,IN,880515050393.076
2023,IN,IT,2268651169.89015
2023,IN,JP,2865799551.36836
2023,IN,KR,2442697227.99546
2023,IN,LT,54518394.0004217
2023,IN,LU,135491724.433431
2023,IN,LV,12265468.7265866
2023,IN,MT,8802235.44655776
2023,IN,MX,1860595518.55967
2023,IN,NL,1962145407.21421
2023,IN,NO,220773068.043057
2023,IN,PL,936361587.219329
2023,IN,PT,364929548.361874
2023,IN,RO,219947927.034312
2023,IN,RU,1381428623.57591
2023,IN,SE,450088459.075371
2023,IN,SI,56654999.7440194
2023,IN,SK,142590616.913859
2023,IN,TR,2237549304.14869
2023,IN,TW,549683839.051029
2023,IN,US,25658229086.3245
2023,IN,WA,31152363764.8772
2023,IN,WE,844550403.453831
2023,IN,WF,7388298782.76345
2023,IN,WL,4517987145.79608
2023,IN,WM,36015523175.8416
2023,IN,ZA,614336180.402724
2023,IT,AT,316716622.395081
2023,IT,AU,151915702.17504
2023,IT,BE,396508430.507677
2023,IT,BG,31483464.6197374
2023,IT,BR,134138302.165914
2023,IT,CA,284291787.38699
2023,IT,CH,541535993.251553
2023,IT,CN,1066288162.32557
2023,IT,CY,1959537.17646682
2023,IT,CZ,126476976.428231
2023,IT,DE,2412959374.80834
2023,IT,DK,151731542.601133
2023,IT,EE,2939150.4470787
2023,IT,ES,789077074.357984
2023,IT,FI,47345565.053613
2023,IT,FR,1956573612.9344
2023,IT,GB,1032661814.76589
2023,IT,GR,154811486.734009
2023,IT,HR,5927269.62940472
2023,IT,HU,100540362.955648
2023,IT,ID,48368329.7984119
2023,IT,IE,209317527.486398
2023,IT,IN,218267010.964089
2023,IT,IT,48934557571.4501
2023,IT,JP,372231581.488251
2023,IT,KR,271692514.639398
2023,IT,LT,13177302.220319
2023,IT,LU,42869122.2590557
2023,IT,LV,2352005.84411347
2023,IT,MT,1527859.2862723
2023,IT,MX,143176948.556074
2023,IT,NL,416456492.317556
2023,IT,NO,72316931.0580547
2023,IT,PL,267139019.63724
2023,IT,PT,87769976.3963657
2023,IT,RO,175112410.721994
2023,IT,RU,197487072.231094
2023,IT,SE,217072385.617316
2023,IT,SI,21069582.3065268
2023,IT,SK,47970192.7221406
2023,IT,TR,298467767.010289
2023,IT,TW,83166818.2622112
2023,IT,US,2053864938.83155
2023,IT,WA,782996080.221788
2023,IT,WE,341202587.261574
2023,IT,WF,473349899.978441
2023,IT,WL,304251388.751382
2023,IT,WM,1308519304.99046
2023,IT,ZA,41625694.7836382
2023,JP,AT,31510502.7284156
2023,JP,AU,595468132.155599
2023,JP,BE,88489425.8899495
2023,JP,BG,7637848.77868213
2023,JP,BR,108806067.138232
2023,JP,CA,185217554.189381
2023,JP,CH,58657891.8932299
2023,JP,CN,5392224483.23061
2023,JP,CY,3022210.91190451
2023,JP,CZ,26748212.6112683
2023,JP,DE,378949848.786042
2023,JP,DK,26760394.4234945
2023,JP,EE,2988032.86906155
2023,JP,ES,92483064.5003004
2023,JP,FI,15048892.4510998
2023,JP,FR,167626303.669705
2023,JP,GB,288771001.966705
2023,JP,GR,22384701.6040462
2023,JP,HR,6712265.77417264
2023,JP,HU,27609151.7171507
2023,JP,ID,369187731.464026
2023,JP,IE,59145792.7157381
2023,JP,IN,635549066.177154
2023,JP,IT,180620676.235894
2023,JP,JP,52179592781.5455
2023,JP,KR,1556903547.34361
2023,JP,LT,4563381.36122147
2023,JP,LU,11189418.7394628
2023,JP,LV,2994464.81537933
2023,JP,MT,2451678.35849699
2023,JP,MX,269401955.021135
2023,JP,NL,147974846.132584
2023,JP,NO,21688025.0411127
2023,JP,PL,45116792.514132
2023,JP,PT,21741819.8517704
2023,JP,RO,20284712.7376436
2023,JP,RU,183180802.313704
2023,JP,SE,36549804.4910107
2023,JP,SI,4246659.18799825
2023,JP,SK,9189390.70793502
2023,JP,TR,200271260.935626
2023,JP,TW,308583932.316007
2023,JP,US,2681544781.52535
2023,JP,WA,4399295632.3538
2023,JP,WE,60829744.1021261
2023,JP,WF,267227707.375543
2023,JP,WL,588124730.91681
2023,JP,WM,789243389.55523
2023,JP,ZA,37689004.4378663
2023,KR,AT,48035357.6235881
2023,KR,AU,222130121.290377
2023,KR,BE,101064981.183236
2023,KR,BG,21391758.9439064
2023,KR,BR,127388779.591256
2023,KR,CA,190872769.588563
2023,KR,CH,68056321.9294538
2023,KR,CN,7016437824.60334
2023,KR,CY,1375549.3652901
2023,KR,CZ,52839701.5497852
2023,KR,DE,293592598.072503
2023,KR,DK,53682177.9052211
2023,KR,EE,8236354.35779413
2023,KR,ES,113741647.122678
2023,KR,FI,36744121.0927527
2023,KR,FR,161908791.781408
2023,KR,GB,202637303.530209
2023,KR,GR,47941927.448097
2023,KR,HR,11740580.0929653
2023,KR,HU,47625845.4975863
2023,KR,ID,210605046.122568
2023,KR,IE,139757279.443335
2023,KR,IN,634405577.273751
2023,KR,IT,151142316.965318
2023,KR,JP,801162674.118167
2023,KR,KR,43156546666.6053
2023,KR,LT,17382057.6478067
2023,KR,LU,24002201.4895394
2023,KR,LV,1508474.16286985
2023,KR,MT,1134968.44103247
2023,KR,MX,280401922.570553
2023,KR,NL,126527988.603725
2023,KR,NO,41957947.1515927
2023,KR,PL,73065786.3504994
2023,KR,PT,40317644.3036259
2023,KR,RO,45470868.0365969
2023,KR,RU,173510913.841387
2023,KR,SE,61721815.3080017
2023,KR,SI,15479548.3037505
2023,KR,SK,30904176.4295203
2023,KR,TR,264791818.029543
2023,KR,TW,221030014.351624
2023,KR,US,1830395357.4286
2023,KR,WA,3624865041.03343
2023,KR,WE,85579077.5302302
2023,KR,WF,247096729.121169
2023,KR,WL,503918581.892337
2023,KR,WM,857778466.688623
2023,KR,ZA,46217682.2698137
2023,LT,AT,25574319.6915549
2023,LT,AU,12613520.6638585
2023,LT,BE,49560901.3548818
2023,LT,BG,5344145.07549515
2023,LT,BR,16406120.5471361
2023,LT,CA,27832200.1255857
2023,LT,CH,21067739.1421258
2023,LT,CN,129360271.037824
2023,LT,CY,3319945.41732589
2023,LT,CZ,17694771.4632011
2023,LT,DE,303743429.548448
2023,LT,DK,59249364.3349403
2023,LT,EE,58785312.9345722
2023,LT,ES,200754189.268059
2023,LT,FI,25993733.9080694
2023,LT,FR,96134768.6260543
2023,LT,GB,207252270.250903
2023,LT,GR,17926367.9287118
2023,LT,HR,100952072.447491
2023,LT,HU,15794005.6178293
2023,LT,ID,9129265.22338164
2023,LT,IE,24947620.2963836
2023,LT,IN,35100446.4766702
2023,LT,IT,129041021.678729
2023,LT,JP,27353115.1298089
2023,LT,KR,18013729.4183113
2023,LT,LT,3642123587.09063
2023,LT,LU,12025586.2539794
2023,LT,LV,125260753.592799
2023,LT,MT,1546152.17870701
2023,LT,MX,11842897.4202488
2023,LT,NL,110879640.546816
2023,LT,NO,20517699.4578278
2023,LT,PL,223760660.172373
2023,LT,PT,11977527.0656944
2023,LT,RO,82940001.7521163
2023,LT,RU,82358293.2790256
2023,LT,SE,64307013.2607273
2023,LT,SI,6391231.4466555
2023,LT,SK,10790925.1899825
2023,LT,TR,20746775.1437048
2023,LT,TW,13867602.455635
2023,LT,US,211354851.312858
2023,LT,WA,148924827.897858
2023,LT,WE,155253635.586774
2023,LT,WF,472410994.646045
2023,LT,WL,36004286.8925279
2023,LT,WM,297300095.72427
2023,LT,ZA,22027934.5429396
2023,LU,AT,5908063.28834721
2023,LU,AU,5551041.67226531
2023,LU,BE,36797127.9968021
2023,LU,BG,1784690.28170799
2023,LU,BR,5969251.50250049
2023,LU,CA,8828276.79687498
2023,LU,CH,16489133.8569059
2023,LU,CN,42966101.852445
2023,LU,CY,1033999.68908458
2023,LU,CZ,4519079.84959079
2023,LU,DE,137303207.541616
2023,LU,DK,6968451.91458445
2023,LU,EE,1345942.08494908
2023,LU,ES,31836364.7167284
2023,LU,FI,4052174.46414974
2023,LU,FR,160882458.992673
2023,LU,GB,73132244.0836876
2023,LU,GR,4922059.70839135
2023,LU,HR,1808237.06834991
2023,LU,HU,3387341.66710352
2023,LU,ID,5423804.33778573
2023,LU,IE,20448799.1108968
2023,LU,IN,10677299.8704141
2023,LU,IT,46607392.9619249
2023,LU,JP,13574020.3327973
2023,LU,KR,9132569.8071653
2023,LU,LT,1700194.34371927
2023,LU,LU,57747304.9730966
2023,LU,LV,1200628.76288732
2023,LU,MT,756147.726624221
2023,LU,MX,6865972.8718771
2023,LU,NL,51491974.9826633
2023,LU,NO,3443876.60618019
2023,LU,PL,8439481.38880071
2023,LU,PT,5379154.61246879
2023,LU,RO,4614818.49387669
2023,LU,RU,6915777.06303329
2023,LU,SE,10520038.5269958
2023,LU,SI,1656895.91680268
2023,LU,SK,2391472.29465156
2023,LU,TR,14160597.9352915
2023,LU,TW,7486427.59461437
2023,LU,US,45401021.6753006
2023,LU,WA,44974598.4689419
2023,LU,WE,9852279.66927419
2023,LU,WF,18828123.861412
2023,LU,WL,22837748.4253001
2023,LU,WM,71536600.3125674
2023,LU,ZA,3218874.90100536
2023,LV,AT,13886746.0993507
2023,LV,AU,7820182.82829109
2023,LV,BE,34644038.3118904
2023,LV,BG,3927838.8359858
2023,LV,BR,8643412.88089132
2023,LV,CA,11367184.7515665
2023,LV,CH,17252881.787188
2023,LV,CN,79637005.6296364
2023,LV,CY,413548.65694302
2023,LV,CZ,13060245.3497274
2023,LV,DE,265266905.203615
2023,LV,DK,102740067.657254
2023,LV,EE,37010573.8120295
2023,LV,ES,81928833.6668146
2023,LV,FI,58519472.7515389
2023,LV,FR,75328642.3660116
2023,LV,GB,177570618.221631
2023,LV,GR,6098172.99199062
2023,LV,HR,3347959.35401854
2023,LV,HU,22618632.0130935
2023,LV,ID,4291125.1896796
2023,LV,IE,29961536.1209342
2023,LV,IN,18535285.0162061
2023,LV,IT,48064864.5755003
2023,LV,JP,21080975.1360048
2023,LV,KR,21162604.9324842
2023,LV,LT,159391958.774575
2023,LV,LU,5530295.55889828
2023,LV,LV,2157952932.43624
2023,LV,MT,271117.442611523
2023,LV,MX,6520418.23345686
2023,LV,NL,118493126.655106
2023,LV,NO,38026970.7104384
2023,LV,PL,69966624.5003026
2023,LV,PT,7291290.78066656
2023,LV,RO,13464192.5667998
2023,LV,RU,101717911.006849
2023,LV,SE,165221750.634795
2023,LV,SI,4000068.01763985
2023,LV,SK,6039033.9021568
2023,LV,TR,43332289.7536636
2023,LV,TW,9252535.8186215
2023,LV,US,90009814.3267336
2023,LV,WA,103124835.146512
2023,LV,WE,67126887.6767269
2023,LV,WF,310791512.355219
2023,LV,WL,17741435.8003805
2023,LV,WM,146005361.803985
2023,LV,ZA,12201999.2799512
2023,MT,AT,656458.677170512
2023,MT,AU,764173.943603474
2023,MT,BE,654842.508060841
2023,MT,BG,469158.086365394
2023,MT,BR,604625.273366088
2023,MT,CA,911076.143773899
2023,MT,CH,744751.411558119
2023,MT,CN,3791796.67488657
2023,MT,CY,488803.651900988
2023,MT,CZ,568702.099617393
2023,MT,DE,1862967.91649872
2023,MT,DK,882227.049168325
2023,MT,EE,567438.541057474
2023,MT,ES,1266746.20465762
2023,MT,FI,567587.907576307
2023,MT,FR,1539321.58770253
2023,MT,GB,2557596.79403952
2023,MT,GR,664885.876149076
2023,MT,HR,711835.820188381
2023,MT,HU,563583.970608069
2023,MT,ID,675941.25295656
2023,MT,IE,826923.103974627
2023,MT,IN,1053002.34438202
2023,MT,IT,4876356.58659532
2023,MT,JP,1127205.52852498
2023,MT,KR,872750.284464695
2023,MT,LT,651012.106332377
2023,MT,LU,594912.906590343
2023,MT,LV,445719.021756118
2023,MT,MT,141880372.133137
2023,MT,MX,717057.879619868
2023,MT,NL,1578372.83880567
2023,MT,NO,749651.003122223
2023,MT,PL,742698.523530906
2023,MT,PT,666886.20245289
2023,MT,RO,1982887.84108097
2023,MT,RU,757649.868555181
2023,MT,SE,980306.872673059
2023,MT,SI,839336.003987933
2023,MT,SK,532581.830382714
2023,MT,TR,802772.365589752
2023,MT,TW,742688.977566147
2023,MT,US,2081488.27959089
2023,MT,WA,3556691.20756324
2023,MT,WE,785885.52373992
2023,MT,WF,1189470.98789982
2023,MT,WL,949713.255607623
2023,MT,WM,1595918.48330286
2023,MT,ZA,591992.874399561
2023,MX,AT,52343181.9484846
2023,MX,AU,134461549.599764
2023,MX,BE,232350701.258531
2023,MX,BG,17422876.8902304
2023,MX,BR,658121099.364157
2023,MX,CA,1323146014.6888
2023,MX,CH,111563693.495787
2023,MX,CN,2167707263.65941
2023,MX,CY,2157222.28037238
2023,MX,CZ,50665456.6849157
2023,MX,DE,455610716.665882
2023,MX,DK,53068875.1659625
2023,MX,EE,10793712.2978365
2023,MX,ES,433288032.790832
2023,MX,FI,31648245.8084274
2023,MX,FR,290408817.242932
2023,MX,GB,345487729.417627
2023,MX,GR,35099455.8716246
2023,MX,HR,12549570.8832171
2023,MX,HU,39171879.6204406
2023,MX,ID,95108114.0736562
2023,MX,IE,126229769.230743
2023,MX,IN,419257882.07172
2023,MX,IT,181418411.397144
2023,MX,JP,2445508822.40797
2023,MX,KR,1007485974.20501
2023,MX,LT,17115452.2667065
2023,MX,LU,36577482.5541043
2023,MX,LV,6271817.04512839
2023,MX,MT,5062789.33401984
2023,MX,MX,93367240064.3725
2023,MX,NL,190300290.985899
2023,MX,NO,39692117.0643006
2023,MX,PL,64814742.9818397
2023,MX,PT,42720048.7997221
2023,MX,RO,32460959.9456625
2023,MX,RU,114324016.803761
2023,MX,SE,47900758.6816462
2023,MX,SI,14551671.3396219
2023,MX,SK,23078549.9038608
2023,MX,TR,195882059.709185
2023,MX,TW,115624061.614163
2023,MX,US,40255130874.1001
2023,MX,WA,1458678066.18884
2023,MX,WE,73447045.7437644
2023,MX,WF,172978234.287141
2023,MX,WL,4313950987.16848
2023,MX,WM,551957097.321762
2023,MX,ZA,45329123.1352035
2023,NL,AT,202461299.999324
2023,NL,AU,149470672.498511
2023,NL,BE,1592793187.11187
2023,NL,BG,40459516.5047955
2023,NL,BR,123705714.757229
2023,NL,CA,122893107.084566
2023,NL,CH,203357100.832327
2023,NL,CN,1423773831.5617
2023,NL,CY,6437296.53863548
2023,NL,CZ,125507439.353725
2023,NL,DE,4145794147.37844
2023,NL,DK,271036709.930189
2023,NL,EE,13438146.2919698
2023,NL,ES,758429867.320584
2023,NL,FI,97303564.5385162
2023,NL,FR,1772372481.88523
2023,NL,GB,1108308226.94573
2023,NL,GR,224159747.531663
2023,NL,HR,34498582.4831332
2023,NL,HU,99611884.3311882
2023,NL,ID,108429129.861453
2023,NL,IE,322511740.997485
2023,NL,IN,189995452.309347
2023,NL,IT,750090749.61297
2023,NL,JP,358871501.160174
2023,NL,KR,344963294.804348
2023,NL,LT,32575587.7818411
2023,NL,LU,270493755.128858
2023,NL,LV,11840403.4185727
2023,NL,MT,5629550.98413439
2023,NL,MX,135012892.375032
2023,NL,NL,3209722683.39445
2023,NL,NO,92111317.1777066
2023,NL,PL,356349542.915819
2023,NL,PT,109609863.225621
2023,NL,RO,124108427.388222
2023,NL,RU,186266910.386557
2023,NL,SE,340696128.483036
2023,NL,SI,24374980.6216262
2023,NL,SK,49090805.4110955
2023,NL,TR,189116007.104813
2023,NL,TW,74790718.0268546
2023,NL,US,909781684.60735
2023,NL,WA,966073453.67839
2023,NL,WE,190934844.33213
2023,NL,WF,746773312.517622
2023,NL,WL,442684176.332628
2023,NL,WM,1755611322.84067
2023,NL,ZA,55926527.4941676
2023,NO,AT,34601840.0099228
2023,NO,AU,32293468.4548804
2023,NO,BE,128694776.614769
2023,NO,BG,4448889.9618428
2023,NO,BR,34460356.7655083
2023,NO,CA,45846784.6370116
2023,NO,CH,41326784.320821
2023,NO,CN,600061835.144328
2023,NO,CY,1261461.74028235
2023,NO,CZ,28380734.8291499
2023,NO,DE,883763915.493374
2023,NO,DK,229514880.969423
2023,NO,EE,5274006.20952131
2023,NO,ES,158544569.445587
2023,NO,FI,54805286.7379421
2023,NO,FR,370031005.214973
2023,NO,GB,706339264.098709
2023,NO,GR,25694998.2417348
2023,NO,HR,3796457.21246369
2023,NO,HU,13793389.2664296
2023,NO,ID,19276435.2511536
2023,NO,IE,82496313.9524864
2023,NO,IN,93691294.1434688
2023,NO,IT,155149063.571232
2023,NO,JP,91421263.4558234
2023,NO,KR,92336947.5253266
2023,NO,LT,21757209.9227793
2023,NO,LU,11876574.0772054
2023,NO,LV,2901112.32328087
2023,NO,MT,1031658.71600723
2023,NO,MX,29151852.9019136
2023,NO,NL,328489022.338073
2023,NO,NO,5279652380.32414
2023,NO,PL,111000761.423702
2023,NO,PT,22139117.5077898
2023,NO,RO,13976413.2177194
2023,NO,RU,97657214.3485358
2023,NO,SE,376208058.217511
2023,NO,SI,3351923.64853093
2023,NO,SK,8911328.05626441
2023,NO,TR,99892178.8711734
2023,NO,TW,16647181.7807455
2023,NO,US,405430845.185339
2023,NO,WA,234199651.20482
2023,NO,WE,86679308.5220248
2023,NO,WF,93772086.3216656
2023,NO,WL,69099988.4927932
2023,NO,WM,153054734.846425
2023,NO,ZA,9950087.21248862
2023,PL,AT,549467775.735788
2023,PL,AU,137646877.913363
2023,PL,BE,555847678.588441
2023,PL,BG,99242683.8263956
2023,PL,BR,114060727.928357
2023,PL,CA,184918205.989985
2023,PL,CH,333294900.213072
2023,PL,CN,1136913111.3928
2023,PL,CY,3353096.6738388
2023,PL,CZ,1070177453.60071
2023,PL,DE,7572918905.0979
2023,PL,DK,521240520.081103
2023,PL,EE,36167722.7713816
2023,PL,ES,935728867.415769
2023,PL,FI,141461835.091929
2023,PL,FR,1809648839.49823
2023,PL,GB,2122827558.00381
2023,PL,GR,202681177.882358
2023,PL,HR,55317227.0021709
2023,PL,HU,520994345.392655
2023,PL,ID,77231642.2316934
2023,PL,IE,439700880.102524
2023,PL,IN,278756002.281958
2023,PL,IT,1534148031.01944
2023,PL,JP,281535436.794102
2023,PL,KR,184834017.117346
2023,PL,LT,249076772.213718
2023,PL,LU,80249676.9600577
2023,PL,LV,15371182.4267239
2023,PL,MT,2661102.46887883
2023,PL,MX,147626555.351086
2023,PL,NL,1260170106.38567
2023,PL,NO,179897577.311436
2023,PL,PL,33400252871.2323
2023,PL,PT,157959051.548604
2023,PL,RO,550896798.33224
2023,PL,RU,690076981.8481
2023,PL,SE,606510732.991413
2023,PL,SI,49929560.7597461
2023,PL,SK,531702753.136384
2023,PL,TR,364680088.537303
2023,PL,TW,106408039.14106
2023,PL,US,1248711359.82006
2023,PL,WA,1124646500.89992
2023,PL,WE,1299218981.06757
2023,PL,WF,1206115224.23607
2023,PL,WL,328405084.931983
2023,PL,WM,2272294687.56382
2023,PL,ZA,105848954.953286
2023,PT,AT,25252780.5234894
2023,PT,AU,41913554.5555901
2023,PT,BE,100490664.407608
2023,PT,BG,5894681.84833981
2023,PT,BR,110367258.364717
2023,PT,CA,51215734.6727182
2023,PT,CH,71678147.0772207
2023,PT,CN,283393343.973215
2023,PT,CY,730436.109153863
2023,PT,CZ,20104341.3033745
2023,PT,DE,360333521.045279
2023,PT,DK,30068111.7532942
2023,PT,EE,1421713.18723718
2023,PT,ES,1049118574.54373
2023,PT,FI,15976067.7034353
2023,PT,FR,578975044.564837
2023,PT,GB,349582784.981959
2023,PT,GR,18213722.1068648
2023,PT,HR,2285797.13063463
2023,PT,HU,17705664.9587021
2023,PT,ID,17692414.8728164
2023,PT,IE,87148498.2921214
2023,PT,IN,114403006.871951
2023,PT,IT,171767354.442985
2023,PT,JP,65497071.6440197
2023,PT,KR,45162107.9615616
2023,PT,LT,3778216.13470423
2023,PT,LU,11272773.080492
2023,PT,LV,777090.910422527
2023,PT,MT,554147.044287607
2023,PT,MX,44776075.8433891
2023,PT,NL,160763066.958041
2023,PT,NO,17156961.8559591
2023,PT,PL,47868405.1699848
2023,PT,PT,9190447841.26939
2023,PT,RO,20248216.2331737
2023,PT,RU,37074690.094536
2023,PT,SE,40471520.8789314
2023,PT,SI,3285339.8312924
2023,PT,SK,9806289.69536005
2023,PT,TR,65763234.3259736
2023,PT,TW,37939857.7045345
2023,PT,US,427711651.474762
2023,PT,WA,168009598.524558
2023,PT,WE,57712142.7036513
2023,PT,WF,414239914.940043
2023,PT,WL,97018176.5917174
2023,PT,WM,1617015659.15541
2023,PT,ZA,23765644.9493048
2023,RO,AT,75874976.8456953
2023,RO,AU,27621588.9360286
2023,RO,BE,80245724.0183013
2023,RO,BG,101323912.38192
2023,RO,BR,53321621.5631478
2023,RO,CA,33059620.998111
2023,RO,CH,48407007.6668026
2023,RO,CN,277183003.233178
2023,RO,CY,2106773.22713733
2023,RO,CZ,47043304.1573183
2023,RO,DE,473606799.101045
2023,RO,DK,34121644.3888021
2023,RO,EE,2573221.38399615
2023,RO,ES,255878880.025062
2023,RO,FI,11440607.4918113
2023,RO,FR,301598173.932523
2023,RO,GB,174626460.637249
2023,RO,GR,74691127.2453408
2023,RO,HR,70629666.2906902
2023,RO,HU,179561373.546196
2023,RO,ID,19791495.3829448
2023,RO,IE,27832560.9926694
2023,RO,IN,143800099.60089
2023,RO,IT,315741669.160098
2023,RO,JP,76582813.0291177
2023,RO,KR,123621194.212112
2023,RO,LT,5290267.67960415
2023,RO,LU,13706955.8619921
2023,RO,LV,1977040.05910717
2023,RO,MT,1064800.07787344
2023,RO,MX,26166181.5331458
2023,RO,NL,190026389.514749
2023,RO,NO,20402798.8525702
2023,RO,PL,88935969.3196228
2023,RO,PT,50637858.7970268
2023,RO,RO,24501286379.8454
2023,RO,RU,85954010.3719952
2023,RO,SE,31549628.3815668
2023,RO,SI,6572893.58987741
2023,RO,SK,29170945.9733182
2023,RO,TR,296392454.304717
2023,RO,TW,20174238.2469228
2023,RO,US,290600791.754843
2023,RO,WA,316286167.25095
2023,RO,WE,271583727.11099
2023,RO,WF,223729919.496352
2023,RO,WL,50077206.4872088
2023,RO,WM,3125290642.88198
2023,RO,ZA,19027731.3406974
2023,RU,AT,738121323.251052
2023,RU,AU,872111962.892878
2023,RU,BE,1599010386.93918
2023,RU,BG,386667202.406738
2023,RU,BR,2033122033.9375
2023,RU,CA,908671966.579505
2023,RU,CH,820694580.685027
2023,RU,CN,51736630730.9942
2023,RU,CY,20417771.6389435
2023,RU,CZ,3308036098.264
2023,RU,DE,5547828332.45947
2023,RU,DK,421763205.646776
2023,RU,EE,25052490.8871921
2023,RU,ES,1652501298.76728
2023,RU,FI,551203655.546049
2023,RU,FR,3070275206.39671
2023,RU,GB,2816651702.71696
2023,RU,GR,1491288295.95982
2023,RU,HR,107275105.10915
2023,RU,HU,1377656749.16668
2023,RU,ID,922986648.76493
2023,RU,IE,1299567101.11751
2023,RU,IN,5392688786.08686
2023,RU,IT,23729537975.1833
2023,RU,JP,7873717312.66454
2023,RU,KR,9029983180.23657
2023,RU,LT,89231774.8925274
2023,RU,LU,112308044.106847
2023,RU,LV,23558795.8991717
2023,RU,MT,12437240.0398666
2023,RU,MX,1503876884.1393
2023,RU,NL,2984236911.2142
2023,RU,NO,219754139.085181
2023,RU,PL,1908050025.60204
2023,RU,PT,262904076.742387
2023,RU,RO,1288817590.9904
2023,RU,RU,195281839703.969
2023,RU,SE,699784370.577938
2023,RU,SI,78420894.212457
2023,RU,SK,2752347951.82121
2023,RU,TR,8723891567.66477
2023,RU,TW,473376836.738676
2023,RU,US,9767352366.32006
2023,RU,WA,24574491776.5166
2023,RU,WE,12195504395.0373
2023,RU,WF,4803520175.19664
2023,RU,WL,3229151519.21183
2023,RU,WM,12329464160.8873
2023,RU,ZA,238934914.348721
2023,SE,AT,44346612.5024558
2023,SE,AU,49696378.2344958
2023,SE,BE,102060760.791408
2023,SE,BG,11404279.5668573
2023,SE,BR,48668638.0553837
2023,SE,CA,72055837.2170299
2023,SE,CH,77069697.5238566
2023,SE,CN,346874736.06918
2023,SE,CY,1056415.12246997
2023,SE,CZ,37907442.7704006
2023,SE,DE,506338159.152056
2023,SE,DK,425461843.331034
2023,SE,EE,10988976.4204767
2023,SE,ES,178330656.295501
2023,SE,FI,217496336.955593
2023,SE,FR,221252649.096744
2023,SE,GB,292577023.273198
2023,SE,GR,26601524.4358145
2023,SE,HR,7057546.16447292
2023,SE,HU,26835687.2018083
2023,SE,ID,34404471.6322537
2023,SE,IE,84023052.7166151
2023,SE,IN,83917917.798688
2023,SE,IT,117614519.648159
2023,SE,JP,98386811.1480557
2023,SE,KR,57548770.8728968
2023,SE,LT,17811518.6249148
2023,SE,LU,18380347.9950059
2023,SE,LV,4512021.02013186
2023,SE,MT,1364121.54714309
2023,SE,MX,49079223.1784389
2023,SE,NL,195615948.904601
2023,SE,NO,370624167.602907
2023,SE,PL,133065540.933391
2023,SE,PT,37435021.8865127
2023,SE,RO,29921132.9515003
2023,SE,RU,81572779.2608719
2023,SE,SE,7389781306.29729
2023,SE,SI,8740076.76414182
2023,SE,SK,17241865.8779471
2023,SE,TR,61480966.8854998
2023,SE,TW,94351613.858551
2023,SE,US,416355798.562372
2023,SE,WA,181742715.878535
2023,SE,WE,71949127.1654503
2023,SE,WF,114775511.346735
2023,SE,WL,97984345.544221
2023,SE,WM,290412601.63599
2023,SE,ZA,24105502.0008513
2023,SI,AT,155620225.932492
2023,SI,AU,6671993.48157704
2023,SI,BE,16139565.496874
2023,SI,BG,7382201.31063126
2023,SI,BR,6862846.77445651
2023,SI,CA,10512291.7572006
2023,SI,CH,31449005.3945405
2023,SI,CN,47517032.643976
2023,SI,CY,876697.103981012
2023,SI,CZ,22659251.7730759
2023,SI,DE,174645993.508974
2023,SI,DK,11805288.1992617
2023,SI,EE,1248604.20971689
2023,SI,ES,28419736.555153
2023,SI,FI,4799373.91217751
2023,SI,FR,59257041.516298
2023,SI,GB,43602949.7805533
2023,SI,GR,16802329.5146974
2023,SI,HR,81544412.3349134
2023,SI,HU,51368363.5458431
2023,SI,ID,4125176.90332111
2023,SI,IE,8418708.44067029
2023,SI,IN,14167588.0285593
2023,SI,IT,418932499.134019
2023,SI,JP,11644016.9868968
2023,SI,KR,10133758.650457
2023,SI,LT,3094209.83603191
2023,SI,LU,2397748.77008586
2023,SI,LV,1181757.1283237
2023,SI,MT,1211186.61290034
2023,SI,MX,8688733.05725417
2023,SI,NL,38741592.9114177
2023,SI,NO,5938424.51876005
2023,SI,PL,24485261.2365656
2023,SI,PT,6846747.72166377
2023,SI,RO,19119949.0901633
2023,SI,RU,33230359.7061665
2023,SI,SE,16837445.4230554
2023,SI,SI,1514693222.78794
2023,SI,SK,14636862.9139991
2023,SI,TR,18162695.7383525
2023,SI,TW,9261919.23908075
2023,SI,US,61236752.7751574
2023,SI,WA,50433171.7193431
2023,SI,WE,132023337.090689
2023,SI,WF,19278372.2753584
2023,SI,WL,12634755.8800323
2023,SI,WM,60332203.3924675
2023,SI,ZA,4255403.66266455
2023,SK,AT,284806055.072425
2023,SK,AU,22448393.9060446
2023,SK,BE,59867056.9262682
2023,SK,BG,10452217.5522422
2023,SK,BR,17360141.6343609
2023,SK,CA,32942763.0730046
2023,SK,CH,52041443.6568961
2023,SK,CN,343208827.092715
2023,SK,CY,493958.342966432
2023,SK,CZ,326609107.015799
2023,SK,DE,877129473.316611
2023,SK,DK,31526217.5556641
2023,SK,EE,1228405.70144401
2023,SK,ES,112907397.896832
2023,SK,FI,13352876.7482563
2023,SK,FR,340874768.053077
2023,SK,GB,216205335.225184
2023,SK,GR,19390657.0497125
2023,SK,HR,16631219.6301352
2023,SK,HU,259986883.873151
2023,SK,ID,5606035.08091462
2023,SK,IE,26919438.4728005
2023,SK,IN,23580849.1747901
2023,SK,IT,209941333.374961
2023,SK,JP,34861934.0053822
2023,SK,KR,28111761.3994906
2023,SK,LT,5670373.4883931
2023,SK,LU,7510899.87932431
2023,SK,LV,748563.315783435
2023,SK,MT,331489.517571996
2023,SK,MX,27984152.0095055
2023,SK,NL,82601919.8726423
2023,SK,NO,13495354.8440982
2023,SK,PL,254602610.696898
2023,SK,PT,12439916.8003099
2023,SK,RO,65730187.2242156
2023,SK,RU,104889509.896905
2023,SK,SE,50517941.5230851
2023,SK,SI,8925273.8291065
2023,SK,SK,2989577606.31167
2023,SK,TR,85922074.2948082
2023,SK,TW,12751797.4442424
2023,SK,US,282779581.805426
2023,SK,WA,88792231.2831326
2023,SK,WE,205119568.179361
2023,SK,WF,37435982.1812848
2023,SK,WL,37828832.1453228
2023,SK,WM,199036819.941911
2023,SK,ZA,9640555.31482717
2023,TR,AT,145901966.528875
2023,TR,AU,191584740.440521
2023,TR,BE,347260890.636733
2023,TR,BG,183135163.644812
2023,TR,BR,300985658.102561
2023,TR,CA,443604463.874494
2023,TR,CH,165849530.191353
2023,TR,CN,2111147393.25657
2023,TR,CY,5395533.02007366
2023,TR,CZ,81432999.5157563
2023,TR,DE,1743062880.75762
2023,TR,DK,159398540.693735
2023,TR,EE,4490591.53661139
2023,TR,ES,553763172.271469
2023,TR,FI,41744268.5481071
2023,TR,FR,806017868.869405
2023,TR,GB,1054027087.01635
2023,TR,GR,227584714.309274
2023,TR,HR,8507934.102944
2023,TR,HU,63025009.6114267
2023,TR,ID,132046065.745423
2023,TR,IE,193402941.232229
2023,TR,IN,783353534.761492
2023,TR,IT,903449633.949508
2023,TR,JP,466949520.554094
2023,TR,KR,304722157.469471
2023,TR,LT,14453150.0006374
2023,TR,LU,25284343.6333901
2023,TR,LV,3712354.59568127
2023,TR,MT,2712003.42584885
2023,TR,MX,175565602.442451
2023,TR,NL,437570427.626528
2023,TR,NO,49137628.3571123
2023,TR,PL,204182429.085314
2023,TR,PT,68547673.4326808
2023,TR,RO,353314788.916656
2023,TR,RU,815771412.025777
2023,TR,SE,138594850.671323
2023,TR,SI,14423630.8037946
2023,TR,SK,36759527.5222591
2023,TR,TR,70869730203.7466
2023,TR,TW,154193569.032178
2023,TR,US,5268171102.06693
2023,TR,WA,2147605772.43214
2023,TR,WE,1016244400.53378
2023,TR,WF,4421819514.87785
2023,TR,WL,1818533191.85408
2023,TR,WM,10267541184.663
2023,TR,ZA,79908754.1612011
2023,TW,AT,63341876.8806092
2023,TW,AU,61923686.6976162
2023,TW,BE,53560919.4367857
2023,TW,BG,40962001.3693563
2023,TW,BR,56912381.5682254
2023,TW,CA,61055740.5933687
2023,TW,CH,54234373.8647075
2023,TW,CN,148334636.459782
2023,TW,CY,39560719.2268044
2023,TW,CZ,157836296.949002
2023,TW,DE,575631210.606255
2023,TW,DK,53740933.9371656
2023,TW,EE,42190845.7416959
2023,TW,ES,65508104.7468345
2023,TW,FI,64110739.5418625
2023,TW,FR,196160706.854504
2023,TW,GB,125369477.347905
2023,TW,GR,60568753.8206707
2023,TW,HR,48951870.7517509
2023,TW,HU,47275311.9522197
2023,TW,ID,56793776.1886071
2023,TW,IE,58444056.2337085
2023,TW,IN,75316142.1604391
2023,TW,IT,133710181.294159
2023,TW,JP,451168177.517966
2023,TW,KR,65807777.6591134
2023,TW,LT,41812806.8838644
2023,TW,LU,37630934.3519829
2023,TW,LV,36818186.0597495
2023,TW,MT,36098707.8948645
2023,TW,MX,62697088.5997264
2023,TW,NL,61617688.3483795
2023,TW,NO,53298498.7777014
2023,TW,PL,61397101.5501684
2023,TW,PT,47502854.0070553
2023,TW,RO,56005146.0034685
2023,TW,RU,181928249.22257
2023,TW,SE,62579432.1196482
2023,TW,SI,40417211.9265209
2023,TW,SK,41996904.7210364
2023,TW,TR,64952191.4670197
2023,TW,TW,12736066622.5765
2023,TW,US,316561916.222046
2023,TW,WA,924174171.663662
2023,TW,WE,65067930.6197554
2023,TW,WF,68847525.3974521
2023,TW,WL,63390265.1231066
2023,TW,WM,95309326.5553275
2023,TW,ZA,45771182.2020331
2023,US,AT,658705722.78843
2023,US,AU,1497051160.65868
2023,US,BE,2509340914.10016
2023,US,BG,105023029.336297
2023,US,BR,10965563596.7614
2023,US,CA,24561340867.0764
2023,US,CH,1005670589.53696
2023,US,CN,52973694589.7556
2023,US,CY,18449027.6368007
2023,US,CZ,326195707.449858
2023,US,DE,5992493413.79904
2023,US,DK,465596654.799216
2023,US,EE,38944061.5632686
2023,US,ES,2109698604.57864
2023,US,FI,370689387.296351
2023,US,FR,3700429814.95874
2023,US,GB,5147597279.92381
2023,US,GR,242358397.139033
2023,US,HR,123381411.270724
2023,US,HU,318552818.352288
2023,US,ID,2132690528.12103
2023,US,IE,1989508376.13991
2023,US,IN,9329198600.24522
2023,US,IT,2383760310.21963
2023,US,JP,21321375862.8873
2023,US,KR,17099045616.4883
2023,US,LT,85604856.1963724
2023,US,LU,234637593.375652
2023,US,LV,23538464.510067
2023,US,MT,15719347.9620561
2023,US,MX,47345683330.9272
2023,US,NL,4724487293.30219
2023,US,NO,410098010.193794
2023,US,PL,717643484.908365
2023,US,PT,299763659.143954
2023,US,RO,293210155.779684
2023,US,RU,1260895769.11478
2023,US,SE,720857190.365542
2023,US,SI,72088635.5194265
2023,US,SK,142245022.115563
2023,US,TR,3155879752.4224
2023,US,TW,1103160567.9432
2023,US,US,801888074400.528
2023,US,WA,19901715800.3523
2023,US,WE,2579817900.89451
2023,US,WF,5180983857.46463
2023,US,WL,46202774611.1103
2023,US,WM,11841343980.8296
2023,US,ZA,513220267.194809
2023,WA,AT,1488463287.98019
2023,WA,AU,13351705744.3989
2023,WA,BE,2263205365.34831
2023,WA,BG,385372992.15997
2023,WA,BR,2381789260.91427
2023,WA,CA,4777327212.01452
2023,WA,CH,2591562283.68188
2023,WA,CN,191309311041.697
2023,WA,CY,91211894.7977172
2023,WA,CZ,925828835.406045
2023,WA,DE,8923585699.61596
2023,WA,DK,1025921045.3061
2023,WA,EE,95340513.4827183
2023,WA,ES,3565168956.39919
2023,WA,FI,442910870.428396
2023,WA,FR,5825643056.21816
2023,WA,GB,7517070793.23777
2023,WA,GR,1108756930.37944
2023,WA,HR,542646240.50216
2023,WA,HU,538208062.974342
2023,WA,ID,9077198200.57787
2023,WA,IE,1137281164.98115
2023,WA,IN,28407319437.3282
2023,WA,IT,14801812183.3404
2023,WA,JP,19720950662.5754
2023,WA,KR,11751775842.377
2023,WA,LT,172090733.086912
2023,WA,LU,354667550.386816
2023,WA,LV,121685125.806081
2023,WA,MT,121208894.516631
2023,WA,MX,2826115398.72754
2023,WA,NL,6122934358.28616
2023,WA,NO,625247395.621575
2023,WA,PL,1520515904.95183
2023,WA,PT,499283868.298435
2023,WA,RO,1046899821.51544
2023,WA,RU,9163934306.92176
2023,WA,SE,1148575335.02698
2023,WA,SI,152158082.330611
2023,WA,SK,282662588.30607
2023,WA,TR,7322599289.6538
2023,WA,TW,1913709499.67524
2023,WA,US,75991313451.0729
2023,WA,WA,711259011380.352
2023,WA,WE,3609257885.32228
2023,WA,WF,10197724635.3169
2023,WA,WL,8800474930.54273
2023,WA,WM,32538953039.8583
2023,WA,ZA,1800817702.63172
2023,WE,AT,497467364.892135
2023,WE,AU,211821985.964184
2023,WE,BE,559219485.912732
2023,WE,BG,276235726.418834
2023,WE,BR,378342457.041779
2023,WE,CA,295470436.006228
2023,WE,CH,397998338.895016
2023,WE,CN,7092056924.85901
2023,WE,CY,15603298.334428
2023,WE,CZ,380306496.451936
2023,WE,DE,4627521692.0839
2023,WE,DK,243808456.310393
2023,WE,EE,67680479.3686482
2023,WE,ES,856301874.563257
2023,WE,FI,101887275.728435
2023,WE,FR,1183375562.36388
2023,WE,GB,1367685510.32646
2023,WE,GR,313600860.297547
2023,WE,HR,304166642.319956
2023,WE,HU,494339034.035535
2023,WE,ID,230850360.616468
2023,WE,IE,264070847.50072
2023,WE,IN,1023724862.01073
2023,WE,IT,1608628725.22825
2023,WE,JP,564333911.850142
2023,WE,KR,536246236.042751
2023,WE,LT,203503842.072075
2023,WE,LU,93149809.3897995
2023,WE,LV,76360347.8009056
2023,WE,MT,20240860.1781853
2023,WE,MX,226772832.34512
2023,WE,NL,798083118.978286
2023,WE,NO,159812453.080585
2023,WE,PL,1328059529.9801
2023,WE,PT,131365334.401111
2023,WE,RO,949228253.278145
2023,WE,RU,11197606323.4612
2023,WE,SE,269316144.202301
2023,WE,SI,123868354.755049
2023,WE,SK,227730002.305996
2023,WE,TR,1738923727.82746
2023,WE,TW,289330665.976316
2023,WE,US,2212525730.25421
2023,WE,WA,5710096621.11213
2023,WE,WE,53352313266.0256
2023,WE,WF,1130350205.35815
2023,WE,WL,591613436.032642
2023,WE,WM,6934870078.76074
2023,WE,ZA,91761639.6384412
2023,WF,AT,1016382944.61439
2023,WF,AU,2203514300.63464
2023,WF,BE,3050164813.57201
2023,WF,BG,254551110.720441
2023,WF,BR,4309624588.28324
2023,WF,CA,2112109921.9557
2023,WF,CH,1647859485.81533
2023,WF,CN,55434566651.7909
2023,WF,CY,28544782.8177962
2023,WF,CZ,658194583.115992
2023,WF,DE,8637164493.40733
2023,WF,DK,715847228.554313
2023,WF,EE,133253693.657819
2023,WF,ES,13304153894.5041
2023,WF,FI,347326734.993214
2023,WF,FR,16389543851.2214
2023,WF,GB,6744026666.48209
2023,WF,GR,791557133.974273
2023,WF,HR,155621769.013751
2023,WF,HU,418867037.77692
2023,WF,ID,3158225808.59148
2023,WF,IE,1229678756.53111
2023,WF,IN,34677677980.075
2023,WF,IT,15837813708.2015
2023,WF,JP,5265560736.86003
2023,WF,KR,13946496893.3566
2023,WF,LT,150948679.331766
2023,WF,LU,344596663.83282
2023,WF,LV,53288559.1707342
2023,WF,MT,40578598.4941473
2023,WF,MX,2066325700.51993
2023,WF,NL,5328123532.86416
2023,WF,NO,863419693.785381
2023,WF,PL,1511866730.33645
2023,WF,PT,1070174186.17729
2023,WF,RO,605646796.9118
2023,WF,RU,1720169423.03925
2023,WF,SE,784406814.872957
2023,WF,SI,166276569.212876
2023,WF,SK,310813041.135549
2023,WF,TR,4371121426.62156
2023,WF,TW,1213068049.44553
2023,WF,US,24371545875.6983
2023,WF,WA,19223060286.1835
2023,WF,WE,1826527239.28247
2023,WF,WF,1114233829739.49
2023,WF,WL,4711859305.11072
2023,WF,WM,28446096787.5543
2023,WF,ZA,5524066928.85695
2023,WL,AT,673054106.237841
2023,WL,AU,796891207.788569
2023,WL,BE,1313464918.17974
2023,WL,BG,74271589.155354
2023,WL,BR,16318916774.4301
2023,WL,CA,2441061969.02833
2023,WL,CH,937316092.787465
2023,WL,CN,91779675840.4053
2023,WL,CY,18377920.5613641
2023,WL,CZ,344820876.337531
2023,WL,DE,7748544113.6499
2023,WL,DK,522968330.998613
2023,WL,EE,31669248.0607571
2023,WL,ES,3206627189.46833
2023,WL,FI,203459894.069315
2023,WL,FR,2154966436.86513
2023,WL,GB,3379882029.66133
2023,WL,GR,283609999.182187
2023,WL,HR,53137081.1105675
2023,WL,HU,133182232.722614
2023,WL,ID,943796040.000016
2023,WL,IE,936660124.035289
2023,WL,IN,3347896290.77064
2023,WL,IT,3027316683.47513
2023,WL,JP,4246766236.73065
2023,WL,KR,3529135720.30591
2023,WL,LT,46433257.7626976
2023,WL,LU,219079885.650499
2023,WL,LV,17003897.7060972
2023,WL,MT,20317315.8470671
2023,WL,MX,5482094712.2744
2023,WL,NL,8317985721.65017
2023,WL,NO,457501968.609564
2023,WL,PL,598087240.784703
2023,WL,PT,858551075.233967
2023,WL,RO,168518631.685781
2023,WL,RU,8167734609.09835
2023,WL,SE,369965031.228152
2023,WL,SI,84084236.2498321
2023,WL,SK,125972802.669672
2023,WL,TR,6920219313.72852
2023,WL,TW,504240696.953
2023,WL,US,39171939840.866
2023,WL,WA,10070824047.8994
2023,WL,WE,626205794.380014
2023,WL,WF,6675711612.72275
2023,WL,WL,303573401743.479
2023,WL,WM,29070375475.8954
2023,WL,ZA,409153219.162905
2023,WM,AT,948780873.434982
2023,WM,AU,10609056665.7292
2023,WM,BE,2206684385.69679
2023,WM,BG,293180233.591344
2023,WM,BR,4797258796.37454
2023,WM,CA,3564550602.75124
2023,WM,CH,1529572324.64526
2023,WM,CN,105944483474.932
2023,WM,CY,208865748.14532
2023,WM,CZ,493396209.957205
2023,WM,DE,7169448770.81921
2023,WM,DK,550536211.793767
2023,WM,EE,126444179.27301
2023,WM,ES,3860068099.57313
2023,WM,FI,322190347.089174
2023,WM,FR,7421859561.78988
2023,WM,GB,6860574969.15775
2023,WM,GR,1678689629.85166
2023,WM,HR,162585822.463046
2023,WM,HU,341735087.571997
2023,WM,ID,7445053882.4616
2023,WM,IE,932985237.052598
2023,WM,IN,59078287335.5985
2023,WM,IT,6916758582.15033
2023,WM,JP,28324193026.7695
2023,WM,KR,15380468173.4224
2023,WM,LT,121824475.915955
2023,WM,LU,322637731.699823
2023,WM,LV,77224769.4212131
2023,WM,MT,61437834.1573184
2023,WM,MX,2452449104.37077
2023,WM,NL,4517527783.55824
2023,WM,NO,432891317.979094
2023,WM,PL,1459530123.89337
2023,WM,PT,455147568.42797
2023,WM,RO,639151232.269998
2023,WM,RU,4781408062.90296
2023,WM,SE,703411085.602171
2023,WM,SI,206497973.092193
2023,WM,SK,215152669.966101
2023,WM,TR,6643278087.3235
2023,WM,TW,1184578028.80983
2023,WM,US,41149660373.5052
2023,WM,WA,50888643757.8684
2023,WM,WE,2138798995.13175
2023,WM,WF,62662072350.8002
2023,WM,WL,6022439462.56824
2023,WM,WM,262086483294.947
2023,WM,ZA,3187283636.01486
2023,ZA,AT,92774175.2720142
2023,ZA,AU,355085613.027834
2023,ZA,BE,381332238.699733
2023,ZA,BG,20357802.5561178
2023,ZA,BR,279088098.423921
2023,ZA,CA,288318545.950408
2023,ZA,CH,148454968.429288
2023,ZA,CN,4063499224.34896
2023,ZA,CY,2243840.74304816
2023,ZA,CZ,72307851.8737148
2023,ZA,DE,1338493959.23027
2023,ZA,DK,73241312.5414639
2023,ZA,EE,7510300.52270098
2023,ZA,ES,431374702.511044
2023,ZA,FI,35425494.2442075
2023,ZA,FR,603891200.630072
2023,ZA,GB,1046370842.09064
2023,ZA,GR,54943012.1013281
2023,ZA,HR,11227878.5672927
2023,ZA,HU,71187904.903843
2023,ZA,ID,150083672.388711
2023,ZA,IE,203450385.076889
2023,ZA,IN,3573309488.82287
2023,ZA,IT,481787228.370892
2023,ZA,JP,1069515286.20297
2023,ZA,KR,679087124.982428
2023,ZA,LT,12334898.441476
2023,ZA,LU,33385478.0482405
2023,ZA,LV,6485745.2530396
2023,ZA,MT,3206858.2031971
2023,ZA,MX,245873650.737638
2023,ZA,NL,506582239.691047
2023,ZA,NO,49588078.8930966
2023,ZA,PL,158563859.121524
2023,ZA,PT,73551087.2542279
2023,ZA,RO,41280946.891854
2023,ZA,RU,186444916.43181
2023,ZA,SE,133950834.853904
2023,ZA,SI,16276386.2532403
2023,ZA,SK,24703827.658731
2023,ZA,TR,308479628.29415
2023,ZA,TW,91067516.6439626
2023,ZA,US,2652479099.13624
2023,ZA,WA,3343138205.07561
2023,ZA,WE,121318153.110383
2023,ZA,WF,13395926081.8463
2023,ZA,WL,461337915.475548
2023,ZA,WM,2368101582.20221
2023,ZA,ZA,46794166524.2355
2024,AT,AT,7729738421.95415
2024,AT,AU,34002958.3078999
2024,AT,BE,56825077.996015
2024,AT,BG,11987095.152923
2024,AT,BR,25683555.7163812
2024,AT,CA,36638958.6481117
2024,AT,CH,168214903.549215
2024,AT,CN,297471726.582356
2024,AT,CY,553687.193937683
2024,AT,CZ,77946132.9906733
2024,AT,DE,1659556718.9336
2024,AT,DK,36066328.4211526
2024,AT,EE,1567205.74736434
2024,AT,ES,86935239.439506
2024,AT,FI,15198110.0984697
2024,AT,FR,182403467.182587
2024,AT,GB,133265394.011089
2024,AT,GR,37781625.9254723
2024,AT,HR,13030025.0109331
2024,AT,HU,144530818.771806
2024,AT,ID,13498735.1102539
2024,AT,IE,40795403.7863467
2024,AT,IN,48778182.563194
2024,AT,IT,555314155.756594
2024,AT,JP,53255531.9147363
2024,AT,KR,64244761.8002853
2024,AT,LT,6054963.36747868
2024,AT,LU,8080554.5915108
2024,AT,LV,938069.567949448
2024,AT,MT,478026.489170046
2024,AT,MX,34310933.3775731
2024,AT,NL,115361536.963863
2024,AT,NO,13542019.9341764
2024,AT,PL,94511071.1688189
2024,AT,PT,12450965.3025943
2024,AT,RO,65055981.0633009
2024,AT,RU,74550520.5214334
2024,AT,SE,41375705.6267479
2024,AT,SI,32995133.5156948
2024,AT,SK,46699339.6872133
2024,AT,TR,65376782.0660576
2024,AT,TW,24674830.2608339
2024,AT,US,279785582.133636
2024,AT,WA,177131468.8229
2024,AT,WE,151912771.308376
2024,AT,WF,60465869.1150184
2024,AT,WL,51939512.8725658
2024,AT,WM,189830051.305639
2024,AT,ZA,11170039.1675044
2024,AU,AT,139856569.332866
2024,AU,AU,43508807783.8705
2024,AU,BE,318304161.514143
2024,AU,BG,40385390.7053681
2024,AU,BR,560888834.782784
2024,AU,CA,721414807.267033
2024,AU,CH,275047829.945933
2024,AU,CN,42408091255.8561
2024,AU,CY,10805271.8753987
2024,AU,CZ,156511694.943097
2024,AU,DE,1169674344.36161
2024,AU,DK,106304581.82082
2024,AU,EE,17523536.3693518
2024,AU,ES,401689978.418502
2024,AU,FI,75507865.0688019
2024,AU,FR,680337228.19165
2024,AU,GB,1012847764.88274
2024,AU,GR,84679895.3623715
2024,AU,HR,30604023.6567813
2024,AU,HU,88745671.7350276
2024,AU,ID,15827368709.9868
2024,AU,IE,208234286.938023
2024,AU,IN,9967355031.29086
2024,AU,IT,765918674.854234
2024,AU,JP,14104689028.2922
2024,AU,KR,10840153301.3957
2024,AU,LT,29464855.66768
2024,AU,LU,44815194.3830941
2024,AU,LV,15718764.5990826
2024,AU,MT,11265436.98846
2024,AU,MX,563619067.379537
2024,AU,NL,906138687.038903
2024,AU,NO,83511223.8024041
2024,AU,PL,277497215.536611
2024,AU,PT,74232777.8338952
2024,AU,RO,85407959.454793
2024,AU,RU,438601765.183638
2024,AU,SE,186391005.317339
2024,AU,SI,37406525.9225097
2024,AU,SK,57558728.5728498
2024,AU,TR,850468808.572333
2024,AU,TW,337432613.753021
2024,AU,US,10365649097.8053
2024,AU,WA,21191534055.1298
2024,AU,WE,256788396.231407
2024,AU,WF,1224791920.19893
2024,AU,WL,1035964275.05484
2024,AU,WM,8376438977.84705
2024,AU,ZA,211586475.920323
2024,BE,AT,92359217.423928
2024,BE,AU,59254603.4462608
2024,BE,BE,5611860345.99391
2024,BE,BG,22019624.196045
2024,BE,BR,64873972.3407333
2024,BE,CA,92324277.9954052
2024,BE,CH,145494977.183844
2024,BE,CN,468216757.651768
2024,BE,CY,1920901.67654775
2024,BE,CZ,79849092.7854955
2024,BE,DE,1712069718.29907
2024,BE,DK,91143069.6775433
2024,BE,EE,9235311.0952969
2024,BE,ES,369749609.655427
2024,BE,FI,48247035.6506512
2024,BE,FR,1912982522.48983
2024,BE,GB,716655374.391384
2024,BE,GR,64118158.7329266
2024,BE,HR,15245855.9818173
2024,BE,HU,50928986.9141146
2024,BE,ID,88777229.5856091
2024,BE,IE,153945076.268204
2024,BE,IN,143591056.496558
2024,BE,IT,439650809.50099
2024,BE,JP,136720408.275198
2024,BE,KR,94299320.1209659
2024,BE,LT,18786496.5487658
2024,BE,LU,99889613.6996427
2024,BE,LV,6926509.34212332
2024,BE,MT,3799497.29361804
2024,BE,MX,73835374.1273992
2024,BE,NL,1239588134.40417
2024,BE,NO,53273681.96332
2024,BE,PL,200859042.022528
2024,BE,PT,72834188.7314832
2024,BE,RO,73002140.3822292
2024,BE,RU,95204353.5895233
2024,BE,SE,143513384.973151
2024,BE,SI,13662728.1211443
2024,BE,SK,31422886.7548067
2024,BE,TR,139785323.295116
2024,BE,TW,73980043.6618574
2024,BE,US,719985457.070683
2024,BE,WA,392825376.465866
2024,BE,WE,265546691.584865
2024,BE,WF,290218797.250283
2024,BE,WL,158373292.192729
2024,BE,WM,501584720.820408
2024,BE,ZA,33300900.5301057
2024,BG,AT,73976740.4984312
2024,BG,AU,21249389.9125864
2024,BG,BE,71848558.6959386
2024,BG,BG,3391573972.02508
2024,BG,BR,21322007.2699986
2024,BG,CA,36137851.7080181
2024,BG,CH,30547615.9421763
2024,BG,CN,309560908.741761
2024,BG,CY,4631922.21788891
2024,BG,CZ,32754977.395938
2024,BG,DE,472372974.10141
2024,BG,DK,27077123.6687657
2024,BG,EE,2217163.93813385
2024,BG,ES,226278884.149554
2024,BG,FI,12768521.7245006
2024,BG,FR,193712474.94074
2024,BG,GB,148523070.622449
2024,BG,GR,265592205.437298
2024,BG,HR,15313593.2786661
2024,BG,HU,34139209.7470025
2024,BG,ID,28571101.1264536
2024,BG,IE,21928778.05946
2024,BG,IN,44174756.06912
2024,BG,IT,220211802.140762
2024,BG,JP,45950749.5017945
2024,BG,KR,198346981.692126
2024,BG,LT,7516843.21461386
2024,BG,LU,15626179.242371
2024,BG,LV,2197954.22274389
2024,BG,MT,1393477.37273891
2024,BG,MX,27443025.8897727
2024,BG,NL,168132967.902346
2024,BG,NO,15581225.5832118
2024,BG,PL,80129381.8398171
2024,BG,PT,32556401.0011152
2024,BG,RO,382765904.452441
2024,BG,RU,70407361.395133
2024,BG,SE,40629871.6670978
2024,BG,SI,5808260.55204853
2024,BG,SK,17056753.7838367
2024,BG,TR,337281398.932586
2024,BG,TW,14031846.3473262
2024,BG,US,216098028.395125
2024,BG,WA,325870018.720759
2024,BG,WE,251279615.059127
2024,BG,WF,247697630.269948
2024,BG,WL,38681726.2948286
2024,BG,WM,449162538.694261
2024,BG,ZA,9960129.32391169
2024,BR,AT,343307288.559474
2024,BR,AU,1139007088.41231
2024,BR,BE,1521645541.01691
2024,BR,BG,74203403.4095521
2024,BR,BR,325332364843.549
2024,BR,CA,1424047244.68452
2024,BR,CH,930378777.897735
2024,BR,CN,129899548363.181
2024,BR,CY,13408478.8978205
2024,BR,CZ,232176733.616497
2024,BR,DE,4345565343.89935
2024,BR,DK,320935473.387634
2024,BR,EE,19137144.6151435
2024,BR,ES,2499974084.30042
2024,BR,FI,189243481.569974
2024,BR,FR,1636669455.2554
2024,BR,GB,2665788973.8537
2024,BR,GR,261041320.697538
2024,BR,HR,40017620.1500988
2024,BR,HU,141515378.133387
2024,BR,ID,3248272724.06018
2024,BR,IE,532513219.398882
2024,BR,IN,3245070524.4253
2024,BR,IT,3830118058.63847
2024,BR,JP,4870911427.89535
2024,BR,KR,3856256792.29916
2024,BR,LT,39865030.0713063
2024,BR,LU,138970326.13636
2024,BR,LV,13811252.1170587
2024,BR,MT,10231376.6317641
2024,BR,MX,1921365109.78075
2024,BR,NL,3505554737.52345
2024,BR,NO,217680561.852125
2024,BR,PL,573336888.6079
2024,BR,PT,486710472.655393
2024,BR,RO,187753657.549754
2024,BR,RU,2813425685.20239
2024,BR,SE,511554922.564245
2024,BR,SI,53597732.6901298
2024,BR,SK,109258927.746018
2024,BR,TR,4662009971.99648
2024,BR,TW,562584688.851979
2024,BR,US,22826806198.0717
2024,BR,WA,41397450256.2843
2024,BR,WE,1219268456.16307
2024,BR,WF,4551733851.42389
2024,BR,WL,20270002539.2158
2024,BR,WM,42946878049.755
2024,BR,ZA,364370147.501195
2024,CA,AT,86991529.5888492
2024,CA,AU,276962808.504904
2024,CA,BE,389689882.658499
2024,CA,BG,31026087.5806031
2024,CA,BR,728991678.046229
2024,CA,CA,29507766661.0263
2024,CA,CH,183910178.75
2024,CA,CN,7988498282.94289
2024,CA,CY,3443744.99010243
2024,CA,CZ,69813491.1790287
2024,CA,DE,858503704.703269
2024,CA,DK,67029391.8596116
2024,CA,EE,10479271.4587111
2024,CA,ES,564928401.445214
2024,CA,FI,55950432.6916319
2024,CA,FR,750645633.964387
2024,CA,GB,1009217942.32303
2024,CA,GR,65166548.94181
2024,CA,HR,17198072.255158
2024,CA,HU,57116054.4438346
2024,CA,ID,424266309.265572
2024,CA,IE,349581431.841737
2024,CA,IN,867345779.76688
2024,CA,IT,529031591.793022
2024,CA,JP,4233562719.54931
2024,CA,KR,1719304564.44022
2024,CA,LT,23411746.7283885
2024,CA,LU,61134789.0784067
2024,CA,LV,6243254.04021481
2024,CA,MT,4013872.10319459
2024,CA,MX,4456830957.21685
2024,CA,NL,500060799.77238
2024,CA,NO,102465275.653896
2024,CA,PL,131405814.699589
2024,CA,PT,96275486.6989867
2024,CA,RO,60465243.6397533
2024,CA,RU,197359941.46018
2024,CA,SE,122442606.381001
2024,CA,SI,20862954.8351985
2024,CA,SK,40566328.3872496
2024,CA,TR,399065418.613241
2024,CA,TW,252649320.542181
2024,CA,US,71010563646.9844
2024,CA,WA,3670396675.78374
2024,CA,WE,176459889.956242
2024,CA,WF,1252059963.78603
2024,CA,WL,3756062157.4289
2024,CA,WM,2459039497.0628
2024,CA,ZA,87382675.9774145
2024,CH,AT,122381741.974765
2024,CH,AU,36481216.6691669
2024,CH,BE,70734548.720173
2024,CH,BG,13181275.7468937
2024,CH,BR,29544127.3082602
2024,CH,CA,91555042.3388324
2024,CH,CH,3930087510.85481
2024,CH,CN,314610317.417914
2024,CH,CY,6598172.0234527
2024,CH,CZ,25687752.7994104
2024,CH,DE,1044373262.68759
2024,CH,DK,26208858.894788
2024,CH,EE,9403416.35160925
2024,CH,ES,117994084.237625
2024,CH,FI,22349921.9010888
2024,CH,FR,485852880.019505
2024,CH,GB,174269109.978762
2024,CH,GR,20697951.6169464
2024,CH,HR,12058188.2513213
2024,CH,HU,22383334.5135192
2024,CH,ID,26159542.8557842
2024,CH,IE,39620170.5045618
2024,CH,IN,75964726.854941
2024,CH,IT,279060525.558858
2024,CH,JP,100268819.241901
2024,CH,KR,47406328.6669405
2024,CH,LT,11119557.5388403
2024,CH,LU,29912236.2855665
2024,CH,LV,9345072.96002205
2024,CH,MT,6539007.01003543
2024,CH,MX,37013041.6582341
2024,CH,NL,120160437.390624
2024,CH,NO,22707818.2556221
2024,CH,PL,47025042.99181
2024,CH,PT,29222467.2766
2024,CH,RO,22710909.5522812
2024,CH,RU,119277264.413723
2024,CH,SE,35419735.9172281
2024,CH,SI,11823662.5862749
2024,CH,SK,15511780.1964911
2024,CH,TR,44124850.5531899
2024,CH,TW,36173396.3312586
2024,CH,US,455055227.714858
2024,CH,WA,254382082.273271
2024,CH,WE,239493629.143866
2024,CH,WF,101306051.059234
2024,CH,WL,54865116.4655489
2024,CH,WM,474896820.086517
2024,CH,ZA,27683235.7476895
2024,CN,AT,1602659109.50309
2024,CN,AU,8405036852.80506
2024,CN,BE,4063432831.79923
2024,CN,BG,244337768.505709
2024,CN,BR,10960802509.675
2024,CN,CA,9239940894.77868
2024,CN,CH,2803618910.66234
2024,CN,CN,2121285605257.32
2024,CN,CY,41033146.2487177
2024,CN,CZ,1124013299.64329
2024,CN,DE,21197792850.9722
2024,CN,DK,1915595903.20265
2024,CN,EE,57835368.3344435
2024,CN,ES,6906297782.33893
2024,CN,FI,536618651.372475
2024,CN,FR,8179541615.63484
2024,CN,GB,13920863040.5826
2024,CN,GR,945788867.608822
2024,CN,HR,107077983.658387
2024,CN,HU,911037919.319467
2024,CN,ID,11743252268.3936
2024,CN,IE,2898512972.22806
2024,CN,IN,30343916017.6989
2024,CN,IT,6475062194.90871
2024,CN,JP,27690116225.5099
2024,CN,KR,24228273635.5449
2024,CN,LT,121986374.700057
2024,CN,LU,361140718.631811
2024,CN,LV,51393692.8936991
2024,CN,MT,37578907.1392589
2024,CN,MX,12234630495.3246
2024,CN,NL,7779605821.50218
2024,CN,NO,742490762.053198
2024,CN,PL,3834230642.35292
2024,CN,PT,690275266.938069
2024,CN,RO,787621221.208831
2024,CN,RU,7005478592.62572
2024,CN,SE,1629241797.85856
2024,CN,SI,105254715.233242
2024,CN,SK,379192174.998787
2024,CN,TR,9779055349.08821
2024,CN,TW,2064214031.75232
2024,CN,US,86145194296.6374
2024,CN,WA,166278848583.689
2024,CN,WE,4361921621.73429
2024,CN,WF,20466724338.496
2024,CN,WL,28590739395.2631
2024,CN,WM,48510605356.8452
2024,CN,ZA,1733471945.86714
2024,CY,AT,11585243.8456509
2024,CY,AU,24297258.1638161
2024,CY,BE,17062332.7919558
2024,CY,BG,8247705.23866814
2024,CY,BR,12945989.0743907
2024,CY,CA,13107107.6918099
2024,CY,CH,18461550.8230678
2024,CY,CN,74052894.5644647
2024,CY,CY,1714186573.32329
2024,CY,CZ,8984391.23283447
2024,CY,DE,58890985.5054199
2024,CY,DK,8194274.90789758
2024,CY,EE,4969392.50669234
2024,CY,ES,18225037.133289
2024,CY,FI,7181879.72485299
2024,CY,FR,36946800.0841643
2024,CY,GB,103809240.78653
2024,CY,GR,46843660.6757838
2024,CY,HR,4933964.26387647
2024,CY,HU,14539250.7722822
2024,CY,ID,13665390.5549572
2024,CY,IE,10328533.8363041
2024,CY,IN,36274455.6538872
2024,CY,IT,27162080.0222062
2024,CY,JP,23878427.4506924
2024,CY,KR,20418543.1295913
2024,CY,LT,4826508.10036234
2024,CY,LU,3996776.63547097
2024,CY,LV,4476209.50687019
2024,CY,MT,2198838.30842063
2024,CY,MX,13303252.2766481
2024,CY,NL,25558100.6954557
2024,CY,NO,8052702.87112763
2024,CY,PL,18001315.0406735
2024,CY,PT,6794568.76622231
2024,CY,RO,23023304.5374571
2024,CY,RU,164146113.797069
2024,CY,SE,15698244.488964
2024,CY,SI,4385059.41245644
2024,CY,SK,6326852.92143502
2024,CY,TR,42325019.7679054
2024,CY,TW,23162170.30842
2024,CY,US,91067381.950857
2024,CY,WA,57979788.8937115
2024,CY,WE,19087797.1449477
2024,CY,WF,42206506.1728617
2024,CY,WL,23034599.2807165
2024,CY,WM,541038768.538907
2024,CY,ZA,9093965.87153389
2024,CZ,AT,451710985.165122
2024,CZ,AU,37210949.8411724
2024,CZ,BE,151383665.350298
2024,CZ,BG,18103316.94079
2024,CZ,BR,30890188.3911742
2024,CZ,CA,49381434.6720221
2024,CZ,CH,142140945.704249
2024,CZ,CN,421128274.820659
2024,CZ,CY,636492.184245159
2024,CZ,CZ,9100247714.91314
2024,CZ,DE,2520930968.37968
2024,CZ,DK,109147184.954129
2024,CZ,EE,1758813.36119361
2024,CZ,ES,199640236.755283
2024,CZ,FI,25324542.4733206
2024,CZ,FR,418598432.845769
2024,CZ,GB,384475492.283669
2024,CZ,GR,26597410.43027
2024,CZ,HR,4974999.29875498
2024,CZ,HU,221989582.717367
2024,CZ,ID,17907498.5429139
2024,CZ,IE,153580712.049692
2024,CZ,IN,85583108.5463976
2024,CZ,IT,364795904.021042
2024,CZ,JP,110313884.662896
2024,CZ,KR,58494232.3476786
2024,CZ,LT,13677795.5920169
2024,CZ,LU,15270819.7597286
2024,CZ,LV,1556090.8983698
2024,CZ,MT,623778.682460529
2024,CZ,MX,53433035.1132252
2024,CZ,NL,188687937.176642
2024,CZ,NO,32561614.9387682
2024,CZ,PL,501182506.880108
2024,CZ,PT,23604227.9871667
2024,CZ,RO,106490623.706281
2024,CZ,RU,172060305.838126
2024,CZ,SE,108149362.939027
2024,CZ,SI,16108161.8341958
2024,CZ,SK,568957881.692084
2024,CZ,TR,224231578.589063
2024,CZ,TW,25125319.4211967
2024,CZ,US,424109781.156893
2024,CZ,WA,249395985.657154
2024,CZ,WE,280748926.58629
2024,CZ,WF,90791686.7529483
2024,CZ,WL,76495390.3630509
2024,CZ,WM,354278067.941606
2024,CZ,ZA,20401670.2072477
2024,DE,AT,1068120015.07731
2024,DE,AU,154411102.251898
2024,DE,BE,1051692428.10872
2024,DE,BG,58078701.3215423
2024,DE,BR,143857622.555689
2024,DE,CA,194445163.486722
2024,DE,CH,1301032434.6381
2024,DE,CN,2155274349.16843
2024,DE,CY,3335885.31094944
2024,DE,CZ,436142565.759879
2024,DE,DE,55436546472.0697
2024,DE,DK,945720456.656513
2024,DE,EE,11037679.7152722
2024,DE,ES,903090779.61557
2024,DE,FI,139632597.179154
2024,DE,FR,3346409817.63531
2024,DE,GB,1457555996.41273
2024,DE,GR,244272085.538934
2024,DE,HR,34957568.4312255
2024,DE,HU,250026325.171686
2024,DE,ID,128450266.758264
2024,DE,IE,1769307327.39366
2024,DE,IN,624976482.10302
2024,DE,IT,1642910179.39003
2024,DE,JP,390492100.262962
2024,DE,KR,317856728.133722
2024,DE,LT,43819480.1422612
2024,DE,LU,152008206.436509
2024,DE,LV,6747520.41423634
2024,DE,MT,3860954.03055199
2024,DE,MX,207917241.041092
2024,DE,NL,2502768367.95433
2024,DE,NO,142473965.108186
2024,DE,PL,958754173.326397
2024,DE,PT,168759578.773279
2024,DE,RO,301599159.316084
2024,DE,RU,385136666.269271
2024,DE,SE,464833802.877825
2024,DE,SI,41351896.4262268
2024,DE,SK,142306760.393466
2024,DE,TR,342778024.335032
2024,DE,TW,163936021.455634
2024,DE,US,1478962309.14488
2024,DE,WA,1263655219.86589
2024,DE,WE,531773483.023233
2024,DE,WF,1302239831.32063
2024,DE,WL,481160046.412012
2024,DE,WM,1890763245.03885
2024,DE,ZA,83523566.8974097
2024,DK,AT,44094701.7827393
2024,DK,AU,78867185.2782726
2024,DK,BE,101364133.168041
2024,DK,BG,12679751.9512323
2024,DK,BR,37048705.3992603
2024,DK,CA,71431170.076897
2024,DK,CH,66339090.5804427
2024,DK,CN,954544230.039248
2024,DK,CY,5212247.48644544
2024,DK,CZ,29413427.0398407
2024,DK,DE,1481633040.48718
2024,DK,DK,4846346940.95439
2024,DK,EE,11981947.9674512
2024,DK,ES,296329245.759185
2024,DK,FI,157450172.80603
2024,DK,FR,231192122.223517
2024,DK,GB,518427923.208115
2024,DK,GR,82798196.4526001
2024,DK,HR,9288005.09063011
2024,DK,HU,25779738.3924113
2024,DK,ID,57930523.9894901
2024,DK,IE,185708018.883766
2024,DK,IN,70759101.2779654
2024,DK,IT,236130027.950082
2024,DK,JP,231943918.805028
2024,DK,KR,120415854.672067
2024,DK,LT,19311115.2880283
2024,DK,LU,19831402.3988938
2024,DK,LV,11535770.1453306
2024,DK,MT,3825356.94784581
2024,DK,MX,38192063.7098568
2024,DK,NL,299768066.784962
2024,DK,NO,245831620.255264
2024,DK,PL,213395028.180313
2024,DK,PT,27283091.9545094
2024,DK,RO,32905377.0986606
2024,DK,RU,88740328.5716183
2024,DK,SE,743685789.165038
2024,DK,SI,7363671.60873969
2024,DK,SK,16126469.9658584
2024,DK,TR,71914175.0065064
2024,DK,TW,36031362.0520674
2024,DK,US,429147496.500635
2024,DK,WA,496399101.992154
2024,DK,WE,110214723.448674
2024,DK,WF,192781254.986978
2024,DK,WL,192111229.948607
2024,DK,WM,943004531.53181
2024,DK,ZA,21728811.5661421
2024,EE,AT,6886438.75793652
2024,EE,AU,9496336.77886132
2024,EE,BE,17368412.240507
2024,EE,BG,2576768.44861154
2024,EE,BR,4381176.13580709
2024,EE,CA,9054900.26635287
2024,EE,CH,6860561.38955404
2024,EE,CN,47361877.3873281
2024,EE,CY,364444.459663437
2024,EE,CZ,6999443.5786709
2024,EE,DE,86468327.7405933
2024,EE,DK,42218217.3122615
2024,EE,EE,1629969027.58008
2024,EE,ES,15859743.8691509
2024,EE,FI,118166865.255314
2024,EE,FR,34540318.0758323
2024,EE,GB,62076837.603449
2024,EE,GR,5183856.76590027
2024,EE,HR,1576623.67113437
2024,EE,HU,4838305.8765339
2024,EE,ID,3854157.65743485
2024,EE,IE,9200100.48622888
2024,EE,IN,12624384.5056759
2024,EE,IT,20755349.6003166
2024,EE,JP,21627782.5399877
2024,EE,KR,15478666.7197197
2024,EE,LT,53664865.445046
2024,EE,LU,3287510.56058439
2024,EE,LV,38059560.121607
2024,EE,MT,765592.375304313
2024,EE,MX,4376955.24803186
2024,EE,NL,34135057.3254344
2024,EE,NO,26232534.0736473
2024,EE,PL,28605629.0741672
2024,EE,PT,5313894.04501464
2024,EE,RO,6058850.26691073
2024,EE,RU,58664243.9867563
2024,EE,SE,60723752.6282108
2024,EE,SI,1298981.98204939
2024,EE,SK,3359882.53343757
2024,EE,TR,13095440.1896719
2024,EE,TW,5113675.21409247
2024,EE,US,47881407.6941791
2024,EE,WA,51146540.7306618
2024,EE,WE,26581290.4338767
2024,EE,WF,84843839.1130914
2024,EE,WL,11050588.8827846
2024,EE,WM,90435679.3261949
2024,EE,ZA,2158505.46308201
2024,ES,AT,124331949.751895
2024,ES,AU,129780967.735352
2024,ES,BE,386595672.092611
2024,ES,BG,25236292.8023677
2024,ES,BR,201759103.607521
2024,ES,CA,248273657.771811
2024,ES,CH,300020749.400389
2024,ES,CN,2740756559.79345
2024,ES,CY,1999001.71546818
2024,ES,CZ,110839853.265285
2024,ES,DE,1970596394.86971
2024,ES,DK,157625230.771599
2024,ES,EE,3330465.95183294
2024,ES,ES,38304347258.3608
2024,ES,FI,60624740.3889719
2024,ES,FR,3169892010.48122
2024,ES,GB,1470359804.98455
2024,ES,GR,154262086.241946
2024,ES,HR,7007908.86334193
2024,ES,HU,74644528.7250489
2024,ES,ID,90566350.2699944
2024,ES,IE,341171925.704961
2024,ES,IN,267403021.016699
2024,ES,IT,1609310970.29912
2024,ES,JP,425551318.749229
2024,ES,KR,355826633.262539
2024,ES,LT,18193191.6454337
2024,ES,LU,43033899.4474184
2024,ES,LV,2936429.47775262
2024,ES,MT,1853075.96043287
2024,ES,MX,278919605.563305
2024,ES,NL,544008893.492255
2024,ES,NO,89234015.7316349
2024,ES,PL,317375679.2978
2024,ES,PT,1307574272.04307
2024,ES,RO,101192151.05103
2024,ES,RU,166922533.174579
2024,ES,SE,189408884.269056
2024,ES,SI,12777458.9293717
2024,ES,SK,43584733.4050854
2024,ES,TR,405059376.281296
2024,ES,TW,134974682.739987
2024,ES,US,1793332642.09816
2024,ES,WA,950136447.961806
2024,ES,WE,288149289.103239
2024,ES,WF,2144957442.19776
2024,ES,WL,694274785.11863
2024,ES,WM,2560539910.85919
2024,ES,ZA,58888841.2421729
2024,FI,AT,27616864.1824724
2024,FI,AU,37397474.6455034
2024,FI,BE,67895480.1412729
2024,FI,BG,5586308.53475756
2024,FI,BR,27086768.5213219
2024,FI,CA,35845532.4453879
2024,FI,CH,33193965.4604747
2024,FI,CN,417124487.153786
2024,FI,CY,509335.260384341
2024,FI,CZ,19179741.4214163
2024,FI,DE,366640358.975388
2024,FI,DK,75512171.5772275
2024,FI,EE,989681.125364308
2024,FI,ES,59717022.8217554
2024,FI,FI,6030472030.25063
2024,FI,FR,133542975.782705
2024,FI,GB,162222463.034074
2024,FI,GR,13310709.5055764
2024,FI,HR,1805828.01308251
2024,FI,HU,13485153.9612888
2024,FI,ID,22296257.1281519
2024,FI,IE,59208566.609527
2024,FI,IN,68060970.2740969
2024,FI,IT,89450156.540591
2024,FI,JP,141855504.662975
2024,FI,KR,53529965.8503343
2024,FI,LT,10799599.3117056
2024,FI,LU,9014137.1990542
2024,FI,LV,899153.329436193
2024,FI,MT,437875.917658035
2024,FI,MX,29175161.3092728
2024,FI,NL,107911907.995497
2024,FI,NO,49723628.647012
2024,FI,PL,57847445.6335558
2024,FI,PT,13593028.9169712
2024,FI,RO,14107163.9281883
2024,FI,RU,200996490.053789
2024,FI,SE,295771809.46429
2024,FI,SI,3263650.1159921
2024,FI,SK,10018083.3969148
2024,FI,TR,53385428.7074206
2024,FI,TW,58234692.5219739
2024,FI,US,245653277.627542
2024,FI,WA,194742346.075467
2024,FI,WE,40006919.1349276
2024,FI,WF,79769960.5793591
2024,FI,WL,62236510.6612485
2024,FI,WM,267963740.60279
2024,FI,ZA,15518144.4910646
2024,FR,AT,214780059.286044
2024,FR,AU,172104455.780073
2024,FR,BE,2005074961.13729
2024,FR,BG,45288291.7583067
2024,FR,BR,176674093.651701
2024,FR,CA,276381748.067968
2024,FR,CH,697690290.450291
2024,FR,CN,3683245213.22458
2024,FR,CY,2768397.28304495
2024,FR,CZ,128631678.887314
2024,FR,DE,4028157073.00818
2024,FR,DK,212360967.564376
2024,FR,EE,6238669.59368413
2024,FR,ES,2590285204.92323
2024,FR,FI,78980411.3757625
2024,FR,FR,58357121271.4763
2024,FR,GB,2084217648.859
2024,FR,GR,401796575.660069
2024,FR,HR,13888029.1799105
2024,FR,HU,93811392.9365463
2024,FR,ID,149128676.382927
2024,FR,IE,559748845.170862
2024,FR,IN,278645266.13388
2024,FR,IT,5354359938.63417
2024,FR,JP,489208353.412395
2024,FR,KR,363046739.548406
2024,FR,LT,23303244.2278919
2024,FR,LU,290239841.26473
2024,FR,LV,4435261.26344295
2024,FR,MT,2628853.16348728
2024,FR,MX,240842070.022088
2024,FR,NL,1420442783.79403
2024,FR,NO,88012712.918306
2024,FR,PL,394315921.783874
2024,FR,PT,316046294.716771
2024,FR,RO,176493174.534243
2024,FR,RU,321489673.459269
2024,FR,SE,274529749.984724
2024,FR,SI,19842154.2803474
2024,FR,SK,52366823.5286588
2024,FR,TR,397273898.949828
2024,FR,TW,126301916.152383
2024,FR,US,1829026753.08758
2024,FR,WA,1685639094.10991
2024,FR,WE,348371070.580353
2024,FR,WF,1978252646.31834
2024,FR,WL,477385951.508055
2024,FR,WM,1919597780.02074
2024,FR,ZA,72473806.3069996
2024,GB,AT,107336124.021758
2024,GB,AU,279559614.650415
2024,GB,BE,654048944.834554
2024,GB,BG,30677700.687791
2024,GB,BR,166402277.651342
2024,GB,CA,355549137.181356
2024,GB,CH,234112338.780916
2024,GB,CN,1644423301.4152
2024,GB,CY,6937118.10928295
2024,GB,CZ,97556379.6590273
2024,GB,DE,1340201137.3928
2024,GB,DK,213993654.748715
2024,GB,EE,15764294.0812035
2024,GB,ES,655304281.190531
2024,GB,FI,72230152.6353265
2024,GB,FR,1825418786.5602
2024,GB,GB,46912590638.6142
2024,GB,GR,81375955.6352265
2024,GB,HR,20309275.2599943
2024,GB,HU,68371080.6730082
2024,GB,ID,113104312.612291
2024,GB,IE,5636229366.50373
2024,GB,IN,485287739.751252
2024,GB,IT,517290210.502634
2024,GB,JP,601156356.894178
2024,GB,KR,254378537.115357
2024,GB,LT,32033682.5299757
2024,GB,LU,99555152.290793
2024,GB,LV,16118319.6016388
2024,GB,MT,12089867.1231301
2024,GB,MX,174277809.316398
2024,GB,NL,1159530026.91297
2024,GB,NO,156530538.950309
2024,GB,PL,246525889.049034
2024,GB,PT,139967350.454577
2024,GB,RO,74516463.4644152
2024,GB,RU,204052640.878778
2024,GB,SE,279955737.05168
2024,GB,SI,22059224.2616244
2024,GB,SK,42545561.446534
2024,GB,TR,427612661.818242
2024,GB,TW,160791742.461499
2024,GB,US,2518022969.94683
2024,GB,WA,1578819772.35195
2024,GB,WE,194392144.609894
2024,GB,WF,867483044.143129
2024,GB,WL,504801443.427392
2024,GB,WM,3361836875.34244
2024,GB,ZA,113275084.416923
2024,GR,AT,68432490.9080271
2024,GR,AU,198940775.195886
2024,GR,BE,73691056.3540091
2024,GR,BG,213962409.68845
2024,GR,BR,33900598.6697498
2024,GR,CA,174064713.237046
2024,GR,CH,47605729.2672842
2024,GR,CN,450376586.849625
2024,GR,CY,60774350.1832252
2024,GR,CZ,38733348.7105249
2024,GR,DE,717500905.012915
2024,GR,DK,46926032.0356745
2024,GR,EE,7049711.34935966
2024,GR,ES,189984465.803452
2024,GR,FI,19882464.5123635
2024,GR,FR,371859155.859144
2024,GR,GB,545010685.565364
2024,GR,GR,5874892159.78578
2024,GR,HR,15388390.8375038
2024,GR,HU,35148620.5577014
2024,GR,ID,158726967.445923
2024,GR,IE,49442939.6611703
2024,GR,IN,122193788.34077
2024,GR,IT,577245034.23839
2024,GR,JP,197958951.410909
2024,GR,KR,137813148.109122
2024,GR,LT,8125249.54199402
2024,GR,LU,12552848.9291109
2024,GR,LV,4961550.018088
2024,GR,MT,4913580.15591637
2024,GR,MX,46347648.4914624
2024,GR,NL,139031778.014474
2024,GR,NO,19383664.1465515
2024,GR,PL,102446483.651014
2024,GR,PT,28018739.9422162
2024,GR,RO,204202075.036057
2024,GR,RU,72971348.3144694
2024,GR,SE,68808184.3659343
2024,GR,SI,8240608.5925114
2024,GR,SK,18957373.1365489
2024,GR,TR,395481006.179279
2024,GR,TW,21359471.4873378
2024,GR,US,1552029886.12254
2024,GR,WA,328675736.951827
2024,GR,WE,418686395.030672
2024,GR,WF,279367342.596614
2024,GR,WL,114308706.968605
2024,GR,WM,851717161.427296
2024,GR,ZA,18089556.0756286
2024,HR,AT,117708922.919396
2024,HR,AU,17550560.4868568
2024,HR,BE,27834819.5789722
2024,HR,BG,14469490.3102132
2024,HR,BR,12013282.4646942
2024,HR,CA,18774037.1331036
2024,HR,CH,44315538.4988648
2024,HR,CN,91474555.6967719
2024,HR,CY,568912.498024479
2024,HR,CZ,24306645.3550141
2024,HR,DE,294909938.059538
2024,HR,DK,12310048.8224624
2024,HR,EE,1574086.97850627
2024,HR,ES,38526610.0699446
2024,HR,FI,7420932.87673136
2024,HR,FR,80878644.1560705
2024,HR,GB,64735801.3848955
2024,HR,GR,19101813.2665094
2024,HR,HR,3197119758.68494
2024,HR,HU,159231901.534727
2024,HR,ID,7708766.7760948
2024,HR,IE,18638690.8013031
2024,HR,IN,25809394.8611027
2024,HR,IT,638710447.685412
2024,HR,JP,26921563.1420926
2024,HR,KR,15791416.7141495
2024,HR,LT,3742795.10320368
2024,HR,LU,3798094.67351019
2024,HR,LV,1481540.66574147
2024,HR,MT,6820181.16607063
2024,HR,MX,14516715.5036737
2024,HR,NL,40898702.072385
2024,HR,NO,7652367.29965441
2024,HR,PL,42783430.8367337
2024,HR,PT,7039199.15107389
2024,HR,RO,55405128.8396062
2024,HR,RU,48507553.4074656
2024,HR,SE,31672779.238543
2024,HR,SI,139125139.092251
2024,HR,SK,17872281.5093706
2024,HR,TR,79310181.5014937
2024,HR,TW,23924335.871495
2024,HR,US,128778824.694569
2024,HR,WA,91705895.2868444
2024,HR,WE,609515193.546941
2024,HR,WF,41657759.4104962
2024,HR,WL,20524804.5385322
2024,HR,WM,123416769.083325
2024,HR,ZA,5124716.20749374
2024,HU,AT,766014817.631654
2024,HU,AU,53889501.9824289
2024,HU,BE,119870739.565104
2024,HU,BG,93369907.5086809
2024,HU,BR,60412623.0901623
2024,HU,CA,76274810.1828912
2024,HU,CH,117961662.114866
2024,HU,CN,378943422.146797
2024,HU,CY,11325574.3415799
2024,HU,CZ,204346387.68381
2024,HU,DE,1298854265.5972
2024,HU,DK,61964513.0510579
2024,HU,EE,16626313.1327584
2024,HU,ES,172994456.344028
2024,HU,FI,36876906.8365486
2024,HU,FR,344586239.297983
2024,HU,GB,297592392.938683
2024,HU,GR,73146570.8766571
2024,HU,HR,152990682.85938
2024,HU,HU,4115387309.3515
2024,HU,ID,38679568.1748806
2024,HU,IE,56050358.6999333
2024,HU,IN,106128778.870304
2024,HU,IT,1410776519.60334
2024,HU,JP,126440336.395539
2024,HU,KR,117799905.041594
2024,HU,LT,27868654.8811615
2024,HU,LU,29736522.0217919
2024,HU,LV,17212424.1333085
2024,HU,MT,9053174.18746412
2024,HU,MX,48115554.3757744
2024,HU,NL,226950659.209351
2024,HU,NO,31934833.363926
2024,HU,PL,271110330.606769
2024,HU,PT,40491631.1534783
2024,HU,RO,839159390.220348
2024,HU,RU,218633633.056379
2024,HU,SE,79294568.4938901
2024,HU,SI,80684386.8254387
2024,HU,SK,221774220.247195
2024,HU,TR,278409696.61554
2024,HU,TW,60780754.2064917
2024,HU,US,486499163.019529
2024,HU,WA,331675854.069519
2024,HU,WE,725192023.608954
2024,HU,WF,112992968.458908
2024,HU,WL,76457735.2473412
2024,HU,WM,972720850.270759
2024,HU,ZA,29955650.3546308
2024,ID,AT,193710681.249987
2024,ID,AU,1792281322.11458
2024,ID,BE,528167447.050099
2024,ID,BG,52930747.9494511
2024,ID,BR,755129274.215133
2024,ID,CA,1015585305.3586
2024,ID,CH,388284314.259974
2024,ID,CN,73508509932.633
2024,ID,CY,10170597.4511639
2024,ID,CZ,170026193.02911
2024,ID,DE,2003502772.11896
2024,ID,DK,177593496.54908
2024,ID,EE,17034292.4273073
2024,ID,ES,763757499.159874
2024,ID,FI,103229628.080096
2024,ID,FR,977383308.01562
2024,ID,GB,1458713937.28757
2024,ID,GR,135560893.796789
2024,ID,HR,46885217.7697854
2024,ID,HU,117941736.201246
2024,ID,ID,190234771373.838
2024,ID,IE,270444136.435071
2024,ID,IN,22647352611.849
2024,ID,IT,1158470386.9378
2024,ID,JP,14450312357.471
2024,ID,KR,12135699155.5656
2024,ID,LT,30851895.2629125
2024,ID,LU,67805157.0516084
2024,ID,LV,12744872.6268504
2024,ID,MT,12251896.0875329
2024,ID,MX,1072933304.85273
2024,ID,NL,936986579.262049
2024,ID,NO,113004959.35792
2024,ID,PL,391052711.796898
2024,ID,PT,105258190.533244
2024,ID,RO,161596330.441335
2024,ID,RU,961793788.969085
2024,ID,SE,217927107.469463
2024,ID,SI,42739756.1601476
2024,ID,SK,76904329.7142265
2024,ID,TR,1226645973.22994
2024,ID,TW,405737804.443335
2024,ID,US,12144931873.1476
2024,ID,WA,51172913597.911
2024,ID,WE,467972189.199997
2024,ID,WF,2428957494.52068
2024,ID,WL,2035984331.56673
2024,ID,WM,5713692012.18235
2024,ID,ZA,257317197.047843
2024,IE,AT,75392436.0676367
2024,IE,AU,147207428.277341
2024,IE,BE,307660668.998144
2024,IE,BG,28080275.8173163
2024,IE,BR,69596669.7772208
2024,IE,CA,220236988.268661
2024,IE,CH,289935905.239913
2024,IE,CN,1364544159.49998
2024,IE,CY,11845632.7931461
2024,IE,CZ,60961858.8975982
2024,IE,DE,1476389325.13478
2024,IE,DK,111067213.459453
2024,IE,EE,18313666.3762158
2024,IE,ES,1216263616.34052
2024,IE,FI,48595845.5019785
2024,IE,FR,1009313785.37043
2024,IE,GB,8436880101.59339
2024,IE,GR,136781175.750942
2024,IE,HR,24469884.1059877
2024,IE,HU,43351999.3370558
2024,IE,ID,95841107.4372736
2024,IE,IE,1940915261.67326
2024,IE,IN,147930210.994295
2024,IE,IT,1126892745.20723
2024,IE,JP,340320385.473876
2024,IE,KR,128118197.995199
2024,IE,LT,24920733.8801742
2024,IE,LU,40111190.6282811
2024,IE,LV,18434940.8967086
2024,IE,MT,18096726.8859553
2024,IE,MX,273665538.994825
2024,IE,NL,522884106.511598
2024,IE,NO,71327194.3149646
2024,IE,PL,134802084.987998
2024,IE,PT,132660974.974311
2024,IE,RO,52222920.3696945
2024,IE,RU,153725080.254693
2024,IE,SE,185117605.219757
2024,IE,SI,22246068.9918296
2024,IE,SK,35316751.5576604
2024,IE,TR,527126243.456093
2024,IE,TW,104738850.003702
2024,IE,US,1981192673.24284
2024,IE,WA,1246474610.34838
2024,IE,WE,154265312.585266
2024,IE,WF,857726427.16572
2024,IE,WL,379548560.599078
2024,IE,WM,1344362482.39457
2024,IE,ZA,59106126.154855
2024,IN,AT,581640655.103427
2024,IN,AU,1926459658.87191
2024,IN,BE,1892385347.6815
2024,IN,BG,96662072.7552127
2024,IN,BR,2513140123.95971
2024,IN,CA,2367362470.96773
2024,IN,CH,1264585254.43986
2024,IN,CN,20562623136.1746
2024,IN,CY,16022504.7635001
2024,IN,CZ,341216728.049657
2024,IN,DE,7282482357.65494
2024,IN,DK,532726065.738688
2024,IN,EE,25263602.2654894
2024,IN,ES,2453751895.6782
2024,IN,FI,224373250.344847
2024,IN,FR,4210124195.08149
2024,IN,GB,5984878221.77865
2024,IN,GR,292894722.713912
2024,IN,HR,50888918.9262624
2024,IN,HU,255331187.883112
2024,IN,ID,2356467621.77365
2024,IN,IE,787772798.232258
2024,IN,IN,858183687794.737
2024,IN,IT,2613855137.4221
2024,IN,JP,3909666312.45179
2024,IN,KR,3261711091.01463
2024,IN,LT,67614431.7312578
2024,IN,LU,167908399.927177
2024,IN,LV,18091536.1519268
2024,IN,MT,12683872.9737963
2024,IN,MX,2270866506.69988
2024,IN,NL,2585837029.89231
2024,IN,NO,269930433.718403
2024,IN,PL,1291140556.86202
2024,IN,PT,429904618.470903
2024,IN,RO,261870460.228389
2024,IN,RU,1832209843.53063
2024,IN,SE,590165177.063722
2024,IN,SI,75178850.2575763
2024,IN,SK,179103320.5047
2024,IN,TR,2889586710.3556
2024,IN,TW,632894517.724496
2024,IN,US,31108190104.7056
2024,IN,WA,37986828537.9155
2024,IN,WE,1136601094.46257
2024,IN,WF,12634251346.5997
2024,IN,WL,5387965048.61429
2024,IN,WM,38591003439.6663
2024,IN,ZA,879250118.781151
2024,IT,AT,298387605.366047
2024,IT,AU,154323673.969183
2024,IT,BE,378003703.588529
2024,IT,BG,32342263.6613414
2024,IT,BR,130856842.758779
2024,IT,CA,290335347.143863
2024,IT,CH,536461787.661105
2024,IT,CN,1075552131.07766
2024,IT,CY,1715299.92178652
2024,IT,CZ,122150470.30501
2024,IT,DE,2428434641.41444
2024,IT,DK,159206328.71018
2024,IT,EE,2904501.25645999
2024,IT,ES,807178744.210564
2024,IT,FI,48480790.2487566
2024,IT,FR,1880685727.401
2024,IT,GB,1014044821.1738
2024,IT,GR,161134552.571281
2024,IT,HR,5800087.19467564
2024,IT,HU,97798294.9005349
2024,IT,ID,57295782.4885876
2024,IT,IE,200122563.745724
2024,IT,IN,223401077.530977
2024,IT,IT,47156792579.6449
2024,IT,JP,369685664.906283
2024,IT,KR,271461536.055374
2024,IT,LT,14211160.9653429
2024,IT,LU,40003497.2021992
2024,IT,LV,2475893.76317478
2024,IT,MT,1500284.57553993
2024,IT,MX,148247201.041161
2024,IT,NL,415980830.128893
2024,IT,NO,68501893.4870687
2024,IT,PL,301504570.742213
2024,IT,PT,87663775.0209832
2024,IT,RO,165212852.118788
2024,IT,RU,201874944.40035
2024,IT,SE,218233138.116048
2024,IT,SI,22862431.8167804
2024,IT,SK,51143553.4832958
2024,IT,TR,334571575.973191
2024,IT,TW,80319349.6400195
2024,IT,US,1948986241.41076
2024,IT,WA,817970001.684837
2024,IT,WE,372316314.520476
2024,IT,WF,492811804.719114
2024,IT,WL,303460167.220151
2024,IT,WM,1223887075.69044
2024,IT,ZA,43380985.0831774
2024,JP,AT,32500723.5361837
2024,JP,AU,630980548.959463
2024,JP,BE,88813175.6209968
2024,JP,BG,8543421.24273398
2024,JP,BR,109860920.245574
2024,JP,CA,199781641.251118
2024,JP,CH,63408844.0335775
2024,JP,CN,5907642226.60447
2024,JP,CY,3172662.36160555
2024,JP,CZ,28213034.3199478
2024,JP,DE,403149136.388515
2024,JP,DK,30013398.3739618
2024,JP,EE,3567861.50166957
2024,JP,ES,102698852.107318
2024,JP,FI,16627089.312191
2024,JP,FR,175000931.087271
2024,JP,GB,318820644.222039
2024,JP,GR,25340112.0899942
2024,JP,HR,7466944.98806185
2024,JP,HU,31127845.4708214
2024,JP,ID,465977779.131448
2024,JP,IE,66005283.2153073
2024,JP,IN,672461613.529944
2024,JP,IT,166047703.415094
2024,JP,JP,51579218137.3141
2024,JP,KR,1868858567.78284
2024,JP,LT,5582693.15389646
2024,JP,LU,12964116.9962463
2024,JP,LV,3688612.31232523
2024,JP,MT,2854977.95626433
2024,JP,MX,285291750.919672
2024,JP,NL,158611859.847734
2024,JP,NO,23022423.3206103
2024,JP,PL,55174381.9693381
2024,JP,PT,23133914.2446927
2024,JP,RO,21063616.1943587
2024,JP,RU,192157561.144056
2024,JP,SE,39833531.3774753
2024,JP,SI,5358176.62052876
2024,JP,SK,10366985.8820109
2024,JP,TR,247742920.910058
2024,JP,TW,290928205.800968
2024,JP,US,2759003344.11665
2024,JP,WA,4695921802.44899
2024,JP,WE,66039641.8440406
2024,JP,WF,282397689.857228
2024,JP,WL,556793301.188932
2024,JP,WM,773153358.539493
2024,JP,ZA,42018050.1508599
2024,KR,AT,48964182.2158359
2024,KR,AU,228204367.934208
2024,KR,BE,100963647.507677
2024,KR,BG,22330172.2116283
2024,KR,BR,128834405.042278
2024,KR,CA,200559890.714975
2024,KR,CH,70668173.3556108
2024,KR,CN,7406298093.22657
2024,KR,CY,1343721.90116487
2024,KR,CZ,52706834.6906825
2024,KR,DE,304865997.031958
2024,KR,DK,56991585.20925
2024,KR,EE,6778144.91556578
2024,KR,ES,115782990.914016
2024,KR,FI,38238548.9919588
2024,KR,FR,165649639.425578
2024,KR,GB,207488832.509196
2024,KR,GR,52484557.1731667
2024,KR,HR,11150527.677347
2024,KR,HU,49691315.5161602
2024,KR,ID,251730990.428445
2024,KR,IE,145634087.240079
2024,KR,IN,670720810.794944
2024,KR,IT,138674633.242215
2024,KR,JP,833382148.737633
2024,KR,KR,43533190129.8726
2024,KR,LT,18761341.0861333
2024,KR,LU,25206388.8088263
2024,KR,LV,1759183.65841325
2024,KR,MT,1253081.66963096
2024,KR,MX,278331339.375807
2024,KR,NL,125838866.60704
2024,KR,NO,43153209.6785224
2024,KR,PL,85442399.2647013
2024,KR,PT,41022799.7263348
2024,KR,RO,44379351.6644457
2024,KR,RU,181644268.571132
2024,KR,SE,63467698.4690213
2024,KR,SI,17131818.0125475
2024,KR,SK,30129265.4262586
2024,KR,TR,298679142.652765
2024,KR,TW,214091962.981073
2024,KR,US,1800121537.68377
2024,KR,WA,3982885658.31471
2024,KR,WE,90836161.1118227
2024,KR,WF,281418287.697778
2024,KR,WL,496998298.989176
2024,KR,WM,889284108.080211
2024,KR,ZA,49235748.4488468
2024,LT,AT,21825666.1906214
2024,LT,AU,11294279.9222488
2024,LT,BE,40057117.8240976
2024,LT,BG,4977214.99305963
2024,LT,BR,16364032.5545673
2024,LT,CA,17125552.026807
2024,LT,CH,16926851.8546282
2024,LT,CN,140139195.597497
2024,LT,CY,1574606.75828245
2024,LT,CZ,16936255.7430821
2024,LT,DE,306058010.892279
2024,LT,DK,69405119.2823231
2024,LT,EE,36214509.9445974
2024,LT,ES,226956607.000158
2024,LT,FI,23347082.6263658
2024,LT,FR,98739394.3589499
2024,LT,GB,190648854.906694
2024,LT,GR,16574487.6520029
2024,LT,HR,101414047.931687
2024,LT,HU,12981599.7488969
2024,LT,ID,9337644.35107012
2024,LT,IE,23819790.3640605
2024,LT,IN,38188179.6166184
2024,LT,IT,127481568.771183
2024,LT,JP,25207489.1958612
2024,LT,KR,17293488.0451383
2024,LT,LT,3439836121.88211
2024,LT,LU,9998114.80801848
2024,LT,LV,99062783.0811191
2024,LT,MT,1151594.86131059
2024,LT,MX,10564339.3135774
2024,LT,NL,108464220.263019
2024,LT,NO,16851008.4728298
2024,LT,PL,173458356.188646
2024,LT,PT,12849472.0671533
2024,LT,RO,76348129.7684444
2024,LT,RU,63530249.4656008
2024,LT,SE,69874446.4635601
2024,LT,SI,6254862.89880159
2024,LT,SK,10399020.0587871
2024,LT,TR,19604848.6615487
2024,LT,TW,10405409.7939954
2024,LT,US,133769272.682048
2024,LT,WA,140949528.744868
2024,LT,WE,98405211.9788209
2024,LT,WF,673135623.706837
2024,LT,WL,31988318.5966211
2024,LT,WM,324601446.725792
2024,LT,ZA,24967753.6731351
2024,LU,AT,4652586.73903404
2024,LU,AU,4077463.57795517
2024,LU,BE,31293418.1512926
2024,LU,BG,1384990.28654882
2024,LU,BR,4158902.60932725
2024,LU,CA,6098248.77806124
2024,LU,CH,10326408.7652972
2024,LU,CN,69571203.8702742
2024,LU,CY,584516.753954148
2024,LU,CZ,3685206.09410206
2024,LU,DE,122616952.805996
2024,LU,DK,6128637.66287804
2024,LU,EE,962230.940767649
2024,LU,ES,29239874.1250676
2024,LU,FI,2694217.83531556
2024,LU,FR,147037164.878862
2024,LU,GB,60648498.3141773
2024,LU,GR,4192240.06578291
2024,LU,HR,1305481.83325946
2024,LU,HU,2744258.61653857
2024,LU,ID,6484263.97096623
2024,LU,IE,18192898.664139
2024,LU,IN,8170705.44717132
2024,LU,IT,36938624.19711
2024,LU,JP,10379799.8830032
2024,LU,KR,7586982.54937865
2024,LU,LT,1226364.75396297
2024,LU,LU,125269488.36193
2024,LU,LV,861180.876267071
2024,LU,MT,577977.874610275
2024,LU,MX,4780882.84104806
2024,LU,NL,63007583.1830126
2024,LU,NO,2603430.18969487
2024,LU,PL,8173659.86417404
2024,LU,PT,4576133.64959413
2024,LU,RO,3581360.23420604
2024,LU,RU,5282517.84692754
2024,LU,SE,8026685.49479285
2024,LU,SI,1234831.78651828
2024,LU,SK,1746262.3314583
2024,LU,TR,8799617.38451855
2024,LU,TW,5239604.64998196
2024,LU,US,34088491.8268622
2024,LU,WA,42780994.4207917
2024,LU,WE,8057668.62101791
2024,LU,WF,19182872.258354
2024,LU,WL,18866310.211416
2024,LU,WM,62000615.6970421
2024,LU,ZA,2272474.44900085
2024,LV,AT,12677790.7080702
2024,LV,AU,6650257.288572
2024,LV,BE,28565240.3358196
2024,LV,BG,3875033.9042609
2024,LV,BR,7703864.59297094
2024,LV,CA,9721096.76173947
2024,LV,CH,14572468.8058326
2024,LV,CN,75797447.5636609
2024,LV,CY,272916.821347131
2024,LV,CZ,12374851.6635784
2024,LV,DE,231454012.703694
2024,LV,DK,88386512.9844167
2024,LV,EE,31022363.3149427
2024,LV,ES,68495515.2716925
2024,LV,FI,54622924.2745446
2024,LV,FR,64842977.0072561
2024,LV,GB,145631884.436111
2024,LV,GR,5636374.14840457
2024,LV,HR,3405189.6417586
2024,LV,HU,14285575.4107169
2024,LV,ID,4470125.7849292
2024,LV,IE,25390210.620514
2024,LV,IN,18142493.0857468
2024,LV,IT,42346702.6618359
2024,LV,JP,18086445.5024532
2024,LV,KR,19508590.4641599
2024,LV,LT,151008721.543255
2024,LV,LU,4669609.29172633
2024,LV,LV,2378219277.07545
2024,LV,MT,241740.816288625
2024,LV,MX,5827550.95374873
2024,LV,NL,108389481.702959
2024,LV,NO,27292350.2251449
2024,LV,PL,62877466.7778252
2024,LV,PT,6719444.43853418
2024,LV,RO,12752146.5835374
2024,LV,RU,94880444.3921705
2024,LV,SE,193558849.944138
2024,LV,SI,4146227.10032969
2024,LV,SK,6187176.2571693
2024,LV,TR,42808862.4984516
2024,LV,TW,7673430.32323239
2024,LV,US,76031320.0442646
2024,LV,WA,90789074.0971875
2024,LV,WE,62343598.3564881
2024,LV,WF,321677552.142222
2024,LV,WL,14770239.1340878
2024,LV,WM,141612930.410978
2024,LV,ZA,10928521.7139629
2024,MT,AT,1498372.57288278
2024,MT,AU,1517837.38869154
2024,MT,BE,1417239.96608042
2024,MT,BG,1077037.604699
2024,MT,BR,1328723.12113947
2024,MT,CA,1693703.09737536
2024,MT,CH,1577018.669224
2024,MT,CN,3995412.83219658
2024,MT,CY,1155001.20050864
2024,MT,CZ,1329744.15679647
2024,MT,DE,3910912.53046708
2024,MT,DK,1797892.82884506
2024,MT,EE,1282445.05824114
2024,MT,ES,2622521.78520152
2024,MT,FI,1280254.00913259
2024,MT,FR,2886007.55424443
2024,MT,GB,4700723.99818049
2024,MT,GR,1487588.10897989
2024,MT,HR,1563672.19338358
2024,MT,HU,1281602.26452815
2024,MT,ID,1484303.55803332
2024,MT,IE,1804911.13746013
2024,MT,IN,1845207.54233528
2024,MT,IT,6071403.11182944
2024,MT,JP,2014060.26788444
2024,MT,KR,1761118.02680283
2024,MT,LT,1454406.54812803
2024,MT,LU,1339032.09536477
2024,MT,LV,1216072.54918561
2024,MT,MT,86737984.4600611
2024,MT,MX,1552811.88264953
2024,MT,NL,2343374.48183417
2024,MT,NO,1674479.94685399
2024,MT,PL,1775727.8916951
2024,MT,PT,1494579.44006699
2024,MT,RO,2500501.31106707
2024,MT,RU,1617820.43042685
2024,MT,SE,1976653.3818015
2024,MT,SI,1513029.11558783
2024,MT,SK,1150800.57908
2024,MT,TR,1787813.49326678
2024,MT,TW,1780968.56054786
2024,MT,US,3186127.3287166
2024,MT,WA,3804917.91770902
2024,MT,WE,1749306.5461581
2024,MT,WF,2230093.37354645
2024,MT,WL,1823205.17840693
2024,MT,WM,2566974.12008537
2024,MT,ZA,1346914.05283559
2024,MX,AT,47450268.3592041
2024,MX,AU,125076892.67433
2024,MX,BE,213339354.536811
2024,MX,BG,18220106.3389306
2024,MX,BR,582120465.88627
2024,MX,CA,1292816014.09006
2024,MX,CH,103749499.118475
2024,MX,CN,2034146826.39058
2024,MX,CY,1289392.26883544
2024,MX,CZ,44837707.4633048
2024,MX,DE,433842216.647479
2024,MX,DK,34606132.9158558
2024,MX,EE,6212800.78220877
2024,MX,ES,247747897.31423
2024,MX,FI,29052439.4332733
2024,MX,FR,277776985.194822
2024,MX,GB,274432242.383158
2024,MX,GR,31960413.1104756
2024,MX,HR,10253082.7399838
2024,MX,HU,36113390.4636218
2024,MX,ID,103164541.633767
2024,MX,IE,121034897.775718
2024,MX,IN,390096802.787976
2024,MX,IT,166686237.97931
2024,MX,JP,1598467475.47639
2024,MX,KR,954008134.614659
2024,MX,LT,14224556.6897178
2024,MX,LU,26239090.0243987
2024,MX,LV,3703748.3122936
2024,MX,MT,2416160.25135737
2024,MX,MX,100644444434.171
2024,MX,NL,186327209.629993
2024,MX,NO,37246796.149066
2024,MX,PL,65649096.3281202
2024,MX,PT,34882148.5586716
2024,MX,RO,29754546.3986688
2024,MX,RU,106895220.818963
2024,MX,SE,47684551.7462776
2024,MX,SI,13328970.8184966
2024,MX,SK,26600355.9760655
2024,MX,TR,183032507.744998
2024,MX,TW,139094847.222775
2024,MX,US,36989679444.5398
2024,MX,WA,1460453051.07452
2024,MX,WE,71761792.8418743
2024,MX,WF,181809829.643119
2024,MX,WL,3639588867.22655
2024,MX,WM,509021088.133193
2024,MX,ZA,42044830.4391587
2024,NL,AT,186166599.194936
2024,NL,AU,146537532.565769
2024,NL,BE,1468538976.18749
2024,NL,BG,40546431.3138517
2024,NL,BR,121388703.365309
2024,NL,CA,122805781.337806
2024,NL,CH,209073663.043722
2024,NL,CN,1381429422.99315
2024,NL,CY,4658535.63937705
2024,NL,CZ,117963398.045911
2024,NL,DE,3919170541.90562
2024,NL,DK,261156463.390062
2024,NL,EE,12650707.9026665
2024,NL,ES,684395299.902896
2024,NL,FI,93274109.1593653
2024,NL,FR,1594463356.14294
2024,NL,GB,1069764345.42181
2024,NL,GR,204339957.296126
2024,NL,HR,32249356.3812719
2024,NL,HU,89494708.8674792
2024,NL,ID,115286653.490663
2024,NL,IE,303212514.343644
2024,NL,IN,198762904.623234
2024,NL,IT,672876938.336906
2024,NL,JP,341124144.275213
2024,NL,KR,322457187.645221
2024,NL,LT,32304773.6287561
2024,NL,LU,244533537.897921
2024,NL,LV,11944617.560012
2024,NL,MT,5240428.58559706
2024,NL,MX,130783654.777332
2024,NL,NL,3905769760.70738
2024,NL,NO,89911915.2796767
2024,NL,PL,370345195.661969
2024,NL,PT,102359520.918656
2024,NL,RO,116267120.318283
2024,NL,RU,181798371.389523
2024,NL,SE,315115123.716327
2024,NL,SI,24334552.5529305
2024,NL,SK,52961052.1061801
2024,NL,TR,206472774.267023
2024,NL,TW,80827204.3237179
2024,NL,US,865500676.545642
2024,NL,WA,945506439.351704
2024,NL,WE,192290185.785359
2024,NL,WF,703358020.711703
2024,NL,WL,411412297.124833
2024,NL,WM,1654552991.44553
2024,NL,ZA,56915104.8778653
2024,NO,AT,32547540.3943135
2024,NO,AU,32149314.5583768
2024,NO,BE,130228194.971964
2024,NO,BG,4620767.4438271
2024,NO,BR,34082538.624125
2024,NO,CA,47218889.223414
2024,NO,CH,41092763.8767611
2024,NO,CN,662515828.782703
2024,NO,CY,1057247.47523337
2024,NO,CZ,28199712.7180027
2024,NO,DE,905193799.534532
2024,NO,DK,227612846.744859
2024,NO,EE,4855685.76917806
2024,NO,ES,162546651.743878
2024,NO,FI,54797925.7215728
2024,NO,FR,366181005.154798
2024,NO,GB,729869317.481031
2024,NO,GR,25927997.6801594
2024,NO,HR,3998698.61089228
2024,NO,HU,14036050.1458755
2024,NO,ID,22546172.4990184
2024,NO,IE,128988368.778497
2024,NO,IN,100853271.519382
2024,NO,IT,146268096.02607
2024,NO,JP,95159529.7334151
2024,NO,KR,101838646.846567
2024,NO,LT,20965546.6113059
2024,NO,LU,15729290.5882734
2024,NO,LV,2736788.73143969
2024,NO,MT,998869.558356064
2024,NO,MX,30139470.2392696
2024,NO,NL,344175956.212547
2024,NO,NO,5022086423.97542
2024,NO,PL,127272670.282438
2024,NO,PT,22646936.7735642
2024,NO,RO,13520114.8613405
2024,NO,RU,88636935.6776476
2024,NO,SE,394740192.644676
2024,NO,SI,3528770.16383876
2024,NO,SK,8782126.45611975
2024,NO,TR,106348245.766887
2024,NO,TW,15747061.4466628
2024,NO,US,397808044.492787
2024,NO,WA,250554474.79968
2024,NO,WE,87000776.6258761
2024,NO,WF,97499977.5853563
2024,NO,WL,70839591.6752946
2024,NO,WM,163717655.430232
2024,NO,ZA,10020108.5021022
2024,PL,AT,564852456.044497
2024,PL,AU,134541965.457974
2024,PL,BE,580518507.772534
2024,PL,BG,105585645.770502
2024,PL,BR,114961528.063854
2024,PL,CA,186619195.786803
2024,PL,CH,344331327.447605
2024,PL,CN,1065730971.00371
2024,PL,CY,2975635.99471563
2024,PL,CZ,1110491303.39702
2024,PL,DE,7800627981.08081
2024,PL,DK,584740991.42186
2024,PL,EE,36268640.029628
2024,PL,ES,973597987.839369
2024,PL,FI,143736097.550631
2024,PL,FR,1837992011.25096
2024,PL,GB,2076325228.03291
2024,PL,GR,215485887.746031
2024,PL,HR,62407311.6365682
2024,PL,HU,496934574.182864
2024,PL,ID,84599207.6638881
2024,PL,IE,433472942.432862
2024,PL,IN,295339902.629952
2024,PL,IT,1613126550.77676
2024,PL,JP,297166819.850474
2024,PL,KR,187083651.096256
2024,PL,LT,271311225.482281
2024,PL,LU,87247036.8740048
2024,PL,LV,25681969.2847228
2024,PL,MT,3140323.36875887
2024,PL,MX,152807155.760987
2024,PL,NL,1281241512.42166
2024,PL,NO,182966659.949817
2024,PL,PL,31877056388.6755
2024,PL,PT,179175073.009397
2024,PL,RO,531471054.981596
2024,PL,RU,702757087.031066
2024,PL,SE,666019429.27724
2024,PL,SI,60017211.8307141
2024,PL,SK,565497782.726978
2024,PL,TR,399462621.480624
2024,PL,TW,107234600.502799
2024,PL,US,1216361535.26986
2024,PL,WA,1122952920.48393
2024,PL,WE,1315284302.16215
2024,PL,WF,1398833434.9362
2024,PL,WL,309957935.401913
2024,PL,WM,2449423959.76448
2024,PL,ZA,117278320.819776
2024,PT,AT,25377600.604689
2024,PT,AU,41153024.8980446
2024,PT,BE,96256863.5083466
2024,PT,BG,5614940.45253396
2024,PT,BR,88696843.7497126
2024,PT,CA,46645579.067111
2024,PT,CH,67323963.6064961
2024,PT,CN,291605283.404319
2024,PT,CY,538495.926974023
2024,PT,CZ,19746219.9980725
2024,PT,DE,409433464.246416
2024,PT,DK,29999573.0096184
2024,PT,EE,981364.148060879
2024,PT,ES,1042984623.02431
2024,PT,FI,14862886.6027007
2024,PT,FR,579825780.485942
2024,PT,GB,348358520.71117
2024,PT,GR,16498679.0748951
2024,PT,HR,2028899.59384332
2024,PT,HU,19162817.7339381
2024,PT,ID,17694918.9392751
2024,PT,IE,84482557.9686512
2024,PT,IN,90149675.9645737
2024,PT,IT,169128518.698827
2024,PT,JP,57096916.9798506
2024,PT,KR,42619979.1929068
2024,PT,LT,3684437.54679797
2024,PT,LU,10863536.5662202
2024,PT,LV,720777.072576787
2024,PT,MT,574633.606906099
2024,PT,MX,48817820.4410566
2024,PT,NL,142264170.887869
2024,PT,NO,15624757.3811115
2024,PT,PL,51482175.9779342
2024,PT,PT,9754645681.70698
2024,PT,RO,20201411.7439819
2024,PT,RU,33789765.4169735
2024,PT,SE,40174939.1521032
2024,PT,SI,3475329.75544874
2024,PT,SK,9692000.54353318
2024,PT,TR,72359603.2032376
2024,PT,TW,33294828.8276254
2024,PT,US,416604236.898511
2024,PT,WA,176279203.130429
2024,PT,WE,54311961.417825
2024,PT,WF,387151879.641539
2024,PT,WL,95085115.2375296
2024,PT,WM,1068232910.01772
2024,PT,ZA,21772664.2155037
2024,RO,AT,71999651.8850897
2024,RO,AU,25343434.5853373
2024,RO,BE,79824524.8082691
2024,RO,BG,105172252.167594
2024,RO,BR,48522320.7133831
2024,RO,CA,31492864.7862778
2024,RO,CH,44045716.9045308
2024,RO,CN,277238530.799532
2024,RO,CY,1676585.1251843
2024,RO,CZ,46074850.5929579
2024,RO,DE,458789228.409196
2024,RO,DK,32596612.9725099
2024,RO,EE,2244975.78297262
2024,RO,ES,229129413.102168
2024,RO,FI,10608488.2308679
2024,RO,FR,291492340.538752
2024,RO,GB,169235601.530997
2024,RO,GR,66347681.2830074
2024,RO,HR,53542187.5633681
2024,RO,HU,148312628.034677
2024,RO,ID,20657563.0876267
2024,RO,IE,26632437.9684868
2024,RO,IN,134793999.673564
2024,RO,IT,279300098.196656
2024,RO,JP,73511652.4679007
2024,RO,KR,116705846.609424
2024,RO,LT,5265288.38638566
2024,RO,LU,13375130.0937741
2024,RO,LV,1873015.97493278
2024,RO,MT,892758.679569809
2024,RO,MX,25851953.870266
2024,RO,NL,187582024.508264
2024,RO,NO,19477255.5642787
2024,RO,PL,95686685.7708727
2024,RO,PT,51127810.2645223
2024,RO,RO,24703998510.444
2024,RO,RU,80254269.5188319
2024,RO,SE,29776094.8981881
2024,RO,SI,6499339.95631162
2024,RO,SK,31337796.0894124
2024,RO,TR,299160369.111162
2024,RO,TW,18634188.2889725
2024,RO,US,265917575.930554
2024,RO,WA,290910924.490348
2024,RO,WE,268256749.524598
2024,RO,WF,206633915.880524
2024,RO,WL,47210822.4063876
2024,RO,WM,2720088399.27099
2024,RO,ZA,17275619.8107708
2024,RU,AT,771417841.58566
2024,RU,AU,913044006.890713
2024,RU,BE,1550429507.53945
2024,RU,BG,497082079.012148
2024,RU,BR,2167141234.04156
2024,RU,CA,955560780.617618
2024,RU,CH,854867571.634893
2024,RU,CN,55982600042.6288
2024,RU,CY,18851264.8752361
2024,RU,CZ,2916245668.29357
2024,RU,DE,5691297202.42987
2024,RU,DK,465894286.332122
2024,RU,EE,27332214.670252
2024,RU,ES,1723432501.73867
2024,RU,FI,587157953.123053
2024,RU,FR,3083250412.45239
2024,RU,GB,2769427605.679
2024,RU,GR,1590831197.48776
2024,RU,HR,123620081.367809
2024,RU,HU,1437407488.85998
2024,RU,ID,1159920258.53254
2024,RU,IE,1365504912.11242
2024,RU,IN,6002539483.50426
2024,RU,IT,24223286670.0317
2024,RU,JP,7724792394.60415
2024,RU,KR,9347409229.09686
2024,RU,LT,94154262.1582032
2024,RU,LU,127006700.371828
2024,RU,LV,28565466.1410565
2024,RU,MT,14145322.2198329
2024,RU,MX,1550076589.73121
2024,RU,NL,2889333685.72354
2024,RU,NO,227552461.205742
2024,RU,PL,2265144750.63424
2024,RU,PT,274819767.902311
2024,RU,RO,1262633376.78452
2024,RU,RU,191466391707.849
2024,RU,SE,730390601.048094
2024,RU,SI,88591653.9272765
2024,RU,SK,3542155226.22884
2024,RU,TR,9290595958.69934
2024,RU,TW,464172480.994072
2024,RU,US,9928524444.73826
2024,RU,WA,26094099698.3606
2024,RU,WE,14328984383.1522
2024,RU,WF,5014694253.10638
2024,RU,WL,3107534455.87158
2024,RU,WM,11580649827.8586
2024,RU,ZA,265282267.489886
2024,SE,AT,42527699.362497
2024,SE,AU,47593440.4433534
2024,SE,BE,95469402.4787411
2024,SE,BG,12264008.052736
2024,SE,BR,47021308.0142142
2024,SE,CA,67105046.6988259
2024,SE,CH,75094122.5903664
2024,SE,CN,351211537.396235
2024,SE,CY,1026671.82318001
2024,SE,CZ,35812457.0228188
2024,SE,DE,467075824.583167
2024,SE,DK,348195986.469739
2024,SE,EE,8620055.00973661
2024,SE,ES,172497937.842027
2024,SE,FI,183887079.507719
2024,SE,FR,197552750.947824
2024,SE,GB,264557609.34164
2024,SE,GR,27011592.1026213
2024,SE,HR,6985127.39190369
2024,SE,HU,25880200.886491
2024,SE,ID,40755691.4405203
2024,SE,IE,79637675.1409892
2024,SE,IN,91667574.9862987
2024,SE,IT,107679549.23828
2024,SE,JP,90639646.7849661
2024,SE,KR,58201613.2397609
2024,SE,LT,18308712.0180674
2024,SE,LU,17123316.980441
2024,SE,LV,4175736.79329715
2024,SE,MT,1091714.58893959
2024,SE,MX,51090394.7211216
2024,SE,NL,179028190.386148
2024,SE,NO,311925546.235912
2024,SE,PL,139755989.927271
2024,SE,PT,36523650.2644666
2024,SE,RO,28918141.5472201
2024,SE,RU,75912106.4401931
2024,SE,SE,7673873223.44542
2024,SE,SI,9614644.25281953
2024,SE,SK,22649246.9425114
2024,SE,TR,64550431.8093377
2024,SE,TW,99371396.334263
2024,SE,US,382562397.410608
2024,SE,WA,182725280.730264
2024,SE,WE,69082209.2890063
2024,SE,WF,116715693.585645
2024,SE,WL,94082651.7146382
2024,SE,WM,282687709.876447
2024,SE,ZA,26002914.5030547
2024,SI,AT,160619186.742499
2024,SI,AU,5403112.65225178
2024,SI,BE,13551394.4412152
2024,SI,BG,6920441.59354837
2024,SI,BR,5562954.21720134
2024,SI,CA,8367214.94142528
2024,SI,CH,25748213.215593
2024,SI,CN,44734630.2762445
2024,SI,CY,518672.207074562
2024,SI,CZ,18660049.8181686
2024,SI,DE,148597402.325472
2024,SI,DK,10711254.7014765
2024,SI,EE,914677.92680049
2024,SI,ES,27259397.6046929
2024,SI,FI,3963354.15654642
2024,SI,FR,51614299.6306519
2024,SI,GB,37329814.0233049
2024,SI,GR,14473034.6709356
2024,SI,HR,86195460.3734273
2024,SI,HU,50001263.1658259
2024,SI,ID,3530504.59893971
2024,SI,IE,6796339.82324996
2024,SI,IN,13098865.2688665
2024,SI,IT,428919838.154784
2024,SI,JP,10163263.2361864
2024,SI,KR,8938122.94489878
2024,SI,LT,2619722.33750771
2024,SI,LU,2152480.55272843
2024,SI,LV,953607.786408546
2024,SI,MT,1090927.33294783
2024,SI,MX,7085146.61501222
2024,SI,NL,39799283.3446504
2024,SI,NO,4357201.7002461
2024,SI,PL,24185992.7764297
2024,SI,PT,6055701.5118704
2024,SI,RO,18143487.4964957
2024,SI,RU,30404990.9597858
2024,SI,SE,12786222.2126466
2024,SI,SI,1499486635.812
2024,SI,SK,14686978.944455
2024,SI,TR,16747322.1168167
2024,SI,TW,6387385.31407912
2024,SI,US,53309877.2882434
2024,SI,WA,48970955.3887285
2024,SI,WE,139923281.960111
2024,SI,WF,17566434.14725
2024,SI,WL,10414621.5807714
2024,SI,WM,60289973.3361782
2024,SI,ZA,3469607.69476628
2024,SK,AT,310030327.143292
2024,SK,AU,13191065.8451419
2024,SK,BE,40715289.1462333
2024,SK,BG,10620432.4385024
2024,SK,BR,11543115.7514113
2024,SK,CA,19566906.3629555
2024,SK,CH,37245801.3275923
2024,SK,CN,150748574.927721
2024,SK,CY,466211.47575448
2024,SK,CZ,285244872.436126
2024,SK,DE,562367626.497985
2024,SK,DK,22136541.8184481
2024,SK,EE,1218894.5148653
2024,SK,ES,55778303.2005979
2024,SK,FI,9929104.0505004
2024,SK,FR,165965744.147366
2024,SK,GB,117884764.133001
2024,SK,GR,19790791.7903239
2024,SK,HR,17190894.4770054
2024,SK,HU,263694553.321014
2024,SK,ID,6811815.71852923
2024,SK,IE,25074957.0127024
2024,SK,IN,20179082.2140865
2024,SK,IT,152486835.25446
2024,SK,JP,23591373.5902399
2024,SK,KR,20032167.8148207
2024,SK,LT,6075070.08301023
2024,SK,LU,5324684.80232222
2024,SK,LV,912743.456197994
2024,SK,MT,337949.305975188
2024,SK,MX,16906750.4742504
2024,SK,NL,68612210.4789195
2024,SK,NO,9508982.43846467
2024,SK,PL,249129620.647148
2024,SK,PT,9354075.05014778
2024,SK,RO,60587404.3043896
2024,SK,RU,66178607.1137022
2024,SK,SE,34755522.2167709
2024,SK,SI,11427500.1085867
2024,SK,SK,4376151630.79422
2024,SK,TR,67116971.5170318
2024,SK,TW,14412943.8585222
2024,SK,US,140668273.518194
2024,SK,WA,66408248.1654073
2024,SK,WE,221080477.470877
2024,SK,WF,28303770.7823009
2024,SK,WL,22837582.4330075
2024,SK,WM,102004269.94067
2024,SK,ZA,6292260.57237929
2024,TR,AT,144482148.395216
2024,TR,AU,203200462.462553
2024,TR,BE,369027565.317144
2024,TR,BG,234609778.902665
2024,TR,BR,354286741.418463
2024,TR,CA,515599351.487767
2024,TR,CH,170028712.712015
2024,TR,CN,2246485949.091
2024,TR,CY,5208205.33262834
2024,TR,CZ,82111170.6412302
2024,TR,DE,1774192622.49337
2024,TR,DK,154995500.603482
2024,TR,EE,4965750.6249809
2024,TR,ES,676230179.349173
2024,TR,FI,45883234.6113356
2024,TR,FR,819561151.833647
2024,TR,GB,1050602028.37387
2024,TR,GR,234367114.538566
2024,TR,HR,9679838.48216202
2024,TR,HU,67485570.9193458
2024,TR,ID,156292703.776371
2024,TR,IE,243596140.255678
2024,TR,IN,716982652.683495
2024,TR,IT,914172587.66824
2024,TR,JP,483211795.493624
2024,TR,KR,297971501.155665
2024,TR,LT,17500659.9907096
2024,TR,LU,32540282.2989642
2024,TR,LV,4275713.39494567
2024,TR,MT,3008127.14103376
2024,TR,MX,211344538.551549
2024,TR,NL,425799588.510017
2024,TR,NO,53121472.9688317
2024,TR,PL,234199135.579189
2024,TR,PT,70523957.6593893
2024,TR,RO,359070825.59733
2024,TR,RU,914139130.055472
2024,TR,SE,150837402.67566
2024,TR,SI,18395864.4662739
2024,TR,SK,41529716.1168353
2024,TR,TR,69359844944.062
2024,TR,TW,157742060.416836
2024,TR,US,5781736081.74152
2024,TR,WA,2122630921.1873
2024,TR,WE,1121563316.1325
2024,TR,WF,5163047881.93307
2024,TR,WL,1825348175.1018
2024,TR,WM,11299262081.4153
2024,TR,ZA,82911130.0110929
2024,TW,AT,61672907.1675461
2024,TW,AU,60508564.1478655
2024,TW,BE,51655516.7263063
2024,TW,BG,40837400.965645
2024,TW,BR,57216870.6131536
2024,TW,CA,61814505.7129459
2024,TW,CH,52863979.8446512
2024,TW,CN,156025323.63928
2024,TW,CY,35961343.5124869
2024,TW,CZ,167148894.880076
2024,TW,DE,515613760.448879
2024,TW,DK,50134770.0237693
2024,TW,EE,42268974.7918247
2024,TW,ES,64229921.440393
2024,TW,FI,63800051.9894196
2024,TW,FR,203678065.375294
2024,TW,GB,126245246.445934
2024,TW,GR,58786463.2547138
2024,TW,HR,47599419.7811356
2024,TW,HU,45999335.7268136
2024,TW,ID,56447380.9158191
2024,TW,IE,55130290.3291252
2024,TW,IN,76876816.1771622
2024,TW,IT,130250121.115015
2024,TW,JP,443329315.791442
2024,TW,KR,66494023.3069421
2024,TW,LT,39460124.3890971
2024,TW,LU,38155010.3634098
2024,TW,LV,39085673.0947615
2024,TW,MT,33872205.7947843
2024,TW,MX,63166668.7966867
2024,TW,NL,60021895.930904
2024,TW,NO,51641268.6360905
2024,TW,PL,61017913.6639044
2024,TW,PT,46209065.4570253
2024,TW,RO,54047301.9075308
2024,TW,RU,167553759.80031
2024,TW,SE,60396541.683072
2024,TW,SI,39628967.3083778
2024,TW,SK,42458108.8499879
2024,TW,TR,64853936.7771704
2024,TW,TW,13060448646.9403
2024,TW,US,331778035.228869
2024,TW,WA,826265137.435374
2024,TW,WE,62602921.1364188
2024,TW,WF,68064351.189305
2024,TW,WL,61897468.2216563
2024,TW,WM,91640518.838746
2024,TW,ZA,46078343.412194
2024,US,AT,922157419.684765
2024,US,AU,2067931442.37313
2024,US,BE,3013470443.79659
2024,US,BG,193259377.857807
2024,US,BR,10822152405.1637
2024,US,CA,27501748539.0553
2024,US,CH,1514138536.14336
2024,US,CN,61799615281.9641
2024,US,CY,23196424.0516712
2024,US,CZ,514702519.438057
2024,US,DE,7758207179.56129
2024,US,DK,614934262.477371
2024,US,EE,54642244.6654961
2024,US,ES,2866524102.89138
2024,US,FI,535497449.181489
2024,US,FR,4360551819.84789
2024,US,GB,6465022861.03351
2024,US,GR,394734372.813187
2024,US,HR,155038816.419112
2024,US,HU,504709893.800129
2024,US,ID,2877265229.7308
2024,US,IE,2679963971.32392
2024,US,IN,11980046177.3935
2024,US,IT,2958360096.16657
2024,US,JP,23436068735.5723
2024,US,KR,19560229787.2588
2024,US,LT,149538413.81001
2024,US,LU,274925143.444598
2024,US,LV,35410529.6204191
2024,US,MT,22971834.5419543
2024,US,MX,46649295631.4422
2024,US,NL,5628075636.6182
2024,US,NO,547478622.402189
2024,US,PL,1102259747.13461
2024,US,PT,450648488.361518
2024,US,RO,439066357.869968
2024,US,RU,1609437103.81189
2024,US,SE,1013178943.28406
2024,US,SI,130506000.667737
2024,US,SK,265575407.821053
2024,US,TR,3728501424.29235
2024,US,TW,1726401722.09086
2024,US,US,767121783061.193
2024,US,WA,25073573960.1744
2024,US,WE,3485525842.90591
2024,US,WF,6369443343.12229
2024,US,WL,43281247071.4847
2024,US,WM,13271191225.8827
2024,US,ZA,709253856.37063
2024,WA,AT,1375166967.0688
2024,WA,AU,14146809751.6683
2024,WA,BE,2302637894.13421
2024,WA,BG,371989669.074695
2024,WA,BR,2417063510.20233
2024,WA,CA,5228321374.30795
2024,WA,CH,2634269350.52286
2024,WA,CN,198046556076.479
2024,WA,CY,78979333.8945291
2024,WA,CZ,1045114715.45776
2024,WA,DE,9271022537.07426
2024,WA,DK,985700547.887757
2024,WA,EE,96468687.8505627
2024,WA,ES,3727337291.04763
2024,WA,FI,470582636.558283
2024,WA,FR,5955317202.34288
2024,WA,GB,7770249879.88993
2024,WA,GR,1153955906.19204
2024,WA,HR,611203762.822137
2024,WA,HU,581730723.903973
2024,WA,ID,9864338193.25462
2024,WA,IE,1245637582.87263
2024,WA,IN,28511165438.1491
2024,WA,IT,14228882770.9788
2024,WA,JP,20161816296.8854
2024,WA,KR,12350132637.6614
2024,WA,LT,191636669.242782
2024,WA,LU,397550980.085488
2024,WA,LV,149408962.274447
2024,WA,MT,139877723.38345
2024,WA,MX,3150389330.68803
2024,WA,NL,6227083187.10758
2024,WA,NO,640361625.982863
2024,WA,PL,1704274786.75984
2024,WA,PT,521780357.679412
2024,WA,RO,1065533432.00922
2024,WA,RU,9552560267.15603
2024,WA,SE,1303442055.45112
2024,WA,SI,167214478.945628
2024,WA,SK,319199438.512467
2024,WA,TR,7752312088.65595
2024,WA,TW,1700043964.80877
2024,WA,US,78846580656.311
2024,WA,WA,712773703245.467
2024,WA,WE,3911739714.64696
2024,WA,WF,10796518917.013
2024,WA,WL,8499017019.55004
2024,WA,WM,32616840679.7134
2024,WA,ZA,1983847858.69642
2024,WE,AT,423238192.981566
2024,WE,AU,196223786.758308
2024,WE,BE,424725299.213804
2024,WE,BG,248278958.907761
2024,WE,BR,318880268.508488
2024,WE,CA,254399772.698422
2024,WE,CH,330437243.417196
2024,WE,CN,6827525446.46443
2024,WE,CY,11694660.854182
2024,WE,CZ,320071150.697697
2024,WE,DE,3263866440.47054
2024,WE,DK,202941147.944787
2024,WE,EE,72025923.4142445
2024,WE,ES,790642353.621241
2024,WE,FI,91877114.8985876
2024,WE,FR,940268649.40837
2024,WE,GB,1049784516.82834
2024,WE,GR,267874207.704314
2024,WE,HR,273633937.263622
2024,WE,HU,382351975.929336
2024,WE,ID,238886160.483008
2024,WE,IE,209027594.609383
2024,WE,IN,978860105.938184
2024,WE,IT,1191139444.671
2024,WE,JP,531659611.24899
2024,WE,KR,483028509.567702
2024,WE,LT,179236794.507282
2024,WE,LU,79012102.4109813
2024,WE,LV,83328145.4061613
2024,WE,MT,21118735.5082647
2024,WE,MX,203832307.654507
2024,WE,NL,697374670.87771
2024,WE,NO,141985028.015779
2024,WE,PL,1079471003.33389
2024,WE,PT,112022034.377075
2024,WE,RO,757089590.078275
2024,WE,RU,9138051122.00118
2024,WE,SE,230155373.688966
2024,WE,SI,121649209.827215
2024,WE,SK,219149937.971254
2024,WE,TR,1494350027.46249
2024,WE,TW,260548987.229881
2024,WE,US,1820731973.91699
2024,WE,WA,5088955078.9198
2024,WE,WE,58531552402.6218
2024,WE,WF,1055754224.477
2024,WE,WL,492825013.466345
2024,WE,WM,6441011777.34919
2024,WE,ZA,90838623.3457175
2024,WF,AT,885331243.239866
2024,WF,AU,2058744293.28569
2024,WF,BE,2718303343.95866
2024,WF,BG,256077072.264129
2024,WF,BR,3920856579.47435
2024,WF,CA,2081093024.42058
2024,WF,CH,1550480410.95217
2024,WF,CN,55389588188.6827
2024,WF,CY,23235503.1214401
2024,WF,CZ,637082315.082787
2024,WF,DE,7985526002.34744
2024,WF,DK,587531986.951241
2024,WF,EE,118488478.457016
2024,WF,ES,11906302174.2971
2024,WF,FI,336393276.267108
2024,WF,FR,15067812797.4776
2024,WF,GB,6309542778.02735
2024,WF,GR,740739906.091401
2024,WF,HR,152551933.74252
2024,WF,HU,419591844.101587
2024,WF,ID,3241419838.11532
2024,WF,IE,1345966754.0958
2024,WF,IN,36982371745.4632
2024,WF,IT,13791765703.4902
2024,WF,JP,4973495175.63256
2024,WF,KR,14512663016.0161
2024,WF,LT,159267422.56353
2024,WF,LU,351948418.542561
2024,WF,LV,57590165.3835481
2024,WF,MT,40309227.7877856
2024,WF,MX,1822856525.41309
2024,WF,NL,5006622131.06016
2024,WF,NO,811727932.529013
2024,WF,PL,1575870638.19895
2024,WF,PT,1095233378.44452
2024,WF,RO,555089785.886989
2024,WF,RU,1683136685.53129
2024,WF,SE,772828137.32612
2024,WF,SI,174690646.96875
2024,WF,SK,327903531.562114
2024,WF,TR,4208217558.60104
2024,WF,TW,1173697123.39011
2024,WF,US,22169550922.3154
2024,WF,WA,19780045859.4643
2024,WF,WE,1700906088.34532
2024,WF,WF,1132338192181.22
2024,WF,WL,3981678211.32263
2024,WF,WM,24599303477.7059
2024,WF,ZA,4979559140.41558
2024,WL,AT,660301435.391966
2024,WL,AU,893745476.786852
2024,WL,BE,1369145126.10918
2024,WL,BG,84172694.254313
2024,WL,BR,16561090406.4878
2024,WL,CA,2586715199.73907
2024,WL,CH,914550668.351313
2024,WL,CN,86904621724.925
2024,WL,CY,19166578.4544251
2024,WL,CZ,335656777.023973
2024,WL,DE,7221177393.24654
2024,WL,DK,493659790.268845
2024,WL,EE,32736958.0050052
2024,WL,ES,3317945649.31242
2024,WL,FI,204686836.08292
2024,WL,FR,2208476073.12272
2024,WL,GB,3453292742.29676
2024,WL,GR,293627397.707428
2024,WL,HR,57845957.8935311
2024,WL,HU,139305508.839565
2024,WL,ID,1144141671.69654
2024,WL,IE,914162715.179045
2024,WL,IN,3785645925.18867
2024,WL,IT,2955959945.91649
2024,WL,JP,4291141229.59467
2024,WL,KR,3599016907.74386
2024,WL,LT,53819613.8934982
2024,WL,LU,237351068.661636
2024,WL,LV,19013631.0658445
2024,WL,MT,21932896.6675364
2024,WL,MX,5450489141.89181
2024,WL,NL,8547380528.13074
2024,WL,NO,467422444.47178
2024,WL,PL,675360956.727697
2024,WL,PT,926432623.061384
2024,WL,RO,169631788.482148
2024,WL,RU,7894298283.54458
2024,WL,SE,391771360.915052
2024,WL,SI,92215034.2120359
2024,WL,SK,135265453.566141
2024,WL,TR,7099557463.95797
2024,WL,TW,476073391.284186
2024,WL,US,39309322103.7183
2024,WL,WA,10519660231.1765
2024,WL,WE,686055776.885661
2024,WL,WF,7406182250.68548
2024,WL,WL,309519317001.231
2024,WL,WM,27705300666.4413
2024,WL,ZA,453281660.690196
2024,WM,AT,859542037.726043
2024,WM,AU,10084757640.3745
2024,WM,BE,2063993891.55
2024,WM,BG,272425997.913203
2024,WM,BR,4728079192.923
2024,WM,CA,3587452054.43299
2024,WM,CH,1417965215.79585
2024,WM,CN,124370784494.495
2024,WM,CY,178214846.624919
2024,WM,CZ,514504226.445137
2024,WM,DE,7660463647.66334
2024,WM,DK,537171190.536447
2024,WM,EE,108702602.505987
2024,WM,ES,4031661576.70148
2024,WM,FI,319784833.285786
2024,WM,FR,6979794831.72989
2024,WM,GB,6630040573.91057
2024,WM,GR,1731356597.67286
2024,WM,HR,142220743.748847
2024,WM,HU,372011896.629746
2024,WM,ID,8204194550.04622
2024,WM,IE,965021414.802603
2024,WM,IN,60027797856.3134
2024,WM,IT,6334650307.86774
2024,WM,JP,28880036086.1133
2024,WM,KR,15675094454.8838
2024,WM,LT,112630255.513131
2024,WM,LU,316140006.146287
2024,WM,LV,61107463.4132105
2024,WM,MT,50836235.9796986
2024,WM,MX,2562239243.01388
2024,WM,NL,4554973060.90865
2024,WM,NO,409923917.470773
2024,WM,PL,1625105371.66745
2024,WM,PT,433514520.93549
2024,WM,RO,635609734.781607
2024,WM,RU,4703375950.6612
2024,WM,SE,736691681.936951
2024,WM,SI,192037316.91918
2024,WM,SK,215911416.195233
2024,WM,TR,9635157584.44487
2024,WM,TW,1154350155.50899
2024,WM,US,42083897498.0925
2024,WM,WA,50901194106.4354
2024,WM,WE,2383493668.73543
2024,WM,WF,51552587244.0269
2024,WM,WL,6293221675.63447
2024,WM,WM,227644370592.261
2024,WM,ZA,2977918498.84414
2024,ZA,AT,99555252.0157179
2024,ZA,AU,326508602.180387
2024,ZA,BE,382009603.376333
2024,ZA,BG,20340796.6215252
2024,ZA,BR,396354358.552381
2024,ZA,CA,237429210.221857
2024,ZA,CH,160402544.991713
2024,ZA,CN,5684074229.1028
2024,ZA,CY,2197275.99014691
2024,ZA,CZ,74845937.1681779
2024,ZA,DE,1437565672.7083
2024,ZA,DK,66546741.0643393
2024,ZA,EE,5652732.47343776
2024,ZA,ES,393780607.745856
2024,ZA,FI,33087783.3040339
2024,ZA,FR,565955458.87262
2024,ZA,GB,911300550.323206
2024,ZA,GR,46923262.2506068
2024,ZA,HR,10427248.4604816
2024,ZA,HU,66885845.8129242
2024,ZA,ID,230340216.370368
2024,ZA,IE,199689617.160807
2024,ZA,IN,5359650226.89311
2024,ZA,IT,462784798.955066
2024,ZA,JP,922055201.402464
2024,ZA,KR,1015328892.6975
2024,ZA,LT,10542928.4376549
2024,ZA,LU,35730813.7542251
2024,ZA,LV,4035299.10486387
2024,ZA,MT,3240402.13671575
2024,ZA,MX,305692989.96697
2024,ZA,NL,589297876.093374
2024,ZA,NO,44953217.9990021
2024,ZA,PL,178798161.143673
2024,ZA,PT,61847988.2051679
2024,ZA,RO,42847069.2315177
2024,ZA,RU,210429207.322548
2024,ZA,SE,80055198.480892
2024,ZA,SI,11392857.5536985
2024,ZA,SK,21417854.4569513
2024,ZA,TR,379584451.566107
2024,ZA,TW,78233506.5988348
2024,ZA,US,3266911870.90293
2024,ZA,WA,5118941211.78223
2024,ZA,WE,116893129.015861
2024,ZA,WF,9890905598.79222
2024,ZA,WL,441970538.469761
2024,ZA,WM,2678792802.45432
2024,ZA,ZA,44306064489.3249
